Date,Open,High,Low,Close,Adj Close,Volume
2005-07-08,7.920286,8.048033,7.537046,7.818089,7.818089,4067600
2005-07-11,7.818089,7.894737,7.715892,7.843638,7.843638,1382400
2005-07-12,8.022484,8.329075,7.971385,8.252427,8.252427,1230100
2005-07-13,8.303526,8.303526,8.124681,8.124681,8.124681,1233800
2005-07-14,8.175779,8.175779,8.073582,8.124681,8.124681,2311600
2005-07-15,8.073582,8.099132,7.920286,8.022484,8.022484,1099600
2005-07-18,7.945836,7.945836,7.588145,7.613695,7.613695,3226300
2005-07-19,7.639244,7.664793,7.613695,7.634134,7.634134,4084800
2005-07-20,7.639244,7.639244,7.588145,7.588145,7.588145,3595900
2005-07-21,7.409300,7.715892,7.256004,7.710782,7.710782,35754700
2005-07-22,7.690342,7.792540,7.613695,7.659683,7.659683,30231100
2005-07-25,7.659683,7.664793,7.143587,7.179356,7.179356,21772700
2005-07-26,7.179356,7.204906,7.020950,7.153807,7.153807,20022200
2005-07-27,7.128258,7.317322,7.087379,7.153807,7.153807,22497600
2005-07-28,7.153807,7.347981,7.138477,7.281553,7.281553,18940200
2005-07-29,7.281553,7.317322,7.148697,7.291773,7.291773,4637800
2005-08-01,7.235565,7.358202,7.148697,7.174246,7.174246,5177400
2005-08-02,7.112928,7.169137,6.903424,7.143587,7.143587,13416000
2005-08-03,7.051610,7.271334,6.995401,7.271334,7.271334,5212800
2005-08-04,7.107818,7.281553,7.097599,7.235565,7.235565,7530700
2005-08-05,7.184466,7.235565,7.102708,7.204906,7.204906,6118700
2005-08-08,7.102708,7.256004,7.077159,7.179356,7.179356,3862300
2005-08-09,7.184466,7.194686,7.082269,7.138477,7.138477,6048400
2005-08-10,7.128258,7.245784,7.118038,7.210015,7.210015,18739600
2005-08-11,7.296883,7.675013,7.296883,7.455289,7.455289,20197200
2005-08-12,7.491058,7.552376,7.409300,7.506387,7.506387,10717900
2005-08-15,7.491058,7.818089,7.460399,7.736331,7.736331,9547000
2005-08-16,7.818089,8.053143,7.675013,7.766990,7.766990,10397300
2005-08-17,7.792540,7.838528,7.695452,7.715892,7.715892,5430000
2005-08-18,7.680123,7.726111,7.644353,7.675013,7.675013,2128800
2005-08-19,7.664793,7.838528,7.664793,7.772100,7.772100,3334300
2005-08-22,7.751661,7.996934,7.751661,7.920286,7.920286,2465800
2005-08-23,7.996934,8.124681,7.858968,8.012263,8.012263,3480500
2005-08-24,7.930506,8.201328,7.930506,8.088912,8.088912,3172100
2005-08-25,8.124681,8.124681,7.838528,8.048033,8.048033,1849900
2005-08-26,8.063362,8.119571,7.741441,7.961165,7.961165,2740500
2005-08-29,7.920286,7.981605,7.787430,7.858968,7.858968,1647400
2005-08-30,7.715892,7.920286,7.664793,7.828309,7.828309,4993000
2005-08-31,7.864078,7.864078,7.690342,7.736331,7.736331,3908900
2005-09-01,7.690342,7.751661,7.659683,7.746551,7.746551,3671100
2005-09-02,7.675013,7.741441,7.623914,7.741441,7.741441,2594500
2005-09-06,7.690342,7.792540,7.690342,7.772100,7.772100,3185200
2005-09-07,7.746551,7.782320,7.715892,7.777210,7.777210,2635800
2005-09-08,7.818089,7.894737,7.705672,7.715892,7.715892,4694000
2005-09-09,7.715892,7.721002,7.649464,7.664793,7.664793,4586800
2005-09-12,7.639244,7.715892,7.623914,7.649464,7.649464,1582000
2005-09-13,7.726111,7.766990,7.501277,7.583035,7.583035,3541100
2005-09-14,7.506387,7.664793,7.501277,7.623914,7.623914,1935000
2005-09-15,7.588145,7.731221,7.588145,7.664793,7.664793,2120800
2005-09-16,7.649464,7.700562,7.629024,7.664793,7.664793,1846600
2005-09-19,7.710782,7.792540,7.659683,7.690342,7.690342,1469100
2005-09-20,7.690342,7.823199,7.654573,7.685233,7.685233,2708800
2005-09-21,7.726111,7.741441,7.537046,7.557486,7.557486,1879100
2005-09-22,7.537046,7.598365,7.480838,7.511497,7.511497,4360900
2005-09-23,7.511497,7.521717,7.383750,7.475728,7.475728,1635800
2005-09-26,7.485948,7.506387,7.434849,7.450179,7.450179,1940500
2005-09-27,7.429739,7.496168,7.383750,7.445069,7.445069,2011200
2005-09-28,7.485948,7.496168,7.332652,7.363311,7.363311,3413700
2005-09-29,7.342872,7.383750,7.256004,7.281553,7.281553,5842000
2005-09-30,7.256004,7.485948,7.235565,7.373531,7.373531,5600300
2005-10-03,7.368421,7.434849,7.363311,7.424630,7.424630,2488100
2005-10-04,7.409300,7.434849,7.133368,7.164027,7.164027,3947600
2005-10-05,7.153807,7.204906,7.051610,7.102708,7.102708,7917800
2005-10-06,7.082269,7.153807,7.020950,7.056719,7.056719,2722700
2005-10-07,7.036280,7.153807,7.036280,7.143587,7.143587,1999000
2005-10-10,7.112928,7.230455,7.102708,7.138477,7.138477,2586500
2005-10-11,7.128258,7.230455,7.102708,7.179356,7.179356,6034800
2005-10-12,7.138477,7.189576,7.128258,7.164027,7.164027,2211600
2005-10-13,7.158916,7.332652,7.148697,7.281553,7.281553,4118800
2005-10-14,7.261114,7.465508,7.256004,7.404190,7.404190,6107600
2005-10-17,7.383750,7.409300,7.153807,7.271334,7.271334,4428600
2005-10-18,7.261114,7.317322,7.199796,7.240674,7.240674,1647700
2005-10-19,7.194686,7.220235,7.077159,7.158916,7.158916,3595000
2005-10-20,7.143587,7.164027,7.061830,7.092488,7.092488,4582700
2005-10-21,7.077159,7.373531,7.077159,7.194686,7.194686,7582900
2005-10-24,7.174246,7.296883,7.174246,7.276443,7.276443,1481400
2005-10-25,7.230455,7.291773,7.143587,7.174246,7.174246,2449700
2005-10-26,7.107818,7.164027,7.107818,7.143587,7.143587,4059700
2005-10-27,7.112928,7.230455,6.995401,7.020950,7.020950,6880600
2005-10-28,7.051610,7.286663,7.000511,7.250894,7.250894,4094000
2005-10-31,7.250894,7.307103,7.133368,7.199796,7.199796,2894000
2005-11-01,7.158916,7.393970,7.153807,7.266224,7.266224,2646200
2005-11-02,7.301993,7.368421,7.230455,7.347981,7.347981,1660500
2005-11-03,7.347981,7.439959,7.169137,7.256004,7.256004,1930700
2005-11-04,7.245784,7.256004,7.138477,7.210015,7.210015,1462000
2005-11-07,7.210015,7.312212,7.143587,7.230455,7.230455,1046600
2005-11-08,7.184466,7.363311,7.179356,7.332652,7.332652,1198000
2005-11-09,7.276443,7.347981,7.041390,7.327542,7.327542,4621800
2005-11-10,7.256004,7.577925,7.250894,7.557486,7.557486,2188700
2005-11-11,7.562596,7.818089,7.470618,7.797649,7.797649,4716100
2005-11-14,7.843638,7.843638,7.680123,7.823199,7.823199,2459500
2005-11-15,7.869187,7.889627,7.761880,7.823199,7.823199,2704500
2005-11-16,7.864078,7.864078,7.618804,7.664793,7.664793,2409800
2005-11-17,7.664793,7.705672,7.496168,7.608584,7.608584,1340300
2005-11-18,7.588145,7.838528,7.588145,7.787430,7.787430,6269000
2005-11-21,7.874298,8.042923,7.741441,7.971385,7.971385,3017600
2005-11-22,7.996934,8.048033,7.869187,8.048033,8.048033,3117500
2005-11-23,8.007154,8.114461,7.920286,8.078691,8.078691,1682400
2005-11-25,8.048033,8.155340,8.027594,8.094022,8.094022,511300
2005-11-28,8.094022,8.094022,7.991824,8.048033,8.048033,3811400
2005-11-29,7.971385,8.078691,7.899847,8.048033,8.048033,3856200
2005-11-30,8.032703,8.042923,7.935616,7.976495,7.976495,2657900
2005-12-01,8.007154,8.053143,7.920286,7.991824,7.991824,1751900
2005-12-02,8.048033,8.058252,7.915176,7.971385,7.971385,1087300
2005-12-05,8.022484,8.058252,7.833418,7.915176,7.915176,2375900
2005-12-06,7.894737,7.920286,7.710782,7.721002,7.721002,2424900
2005-12-07,7.700562,8.032703,7.700562,7.812979,7.812979,1890600
2005-12-08,7.843638,7.971385,7.787430,7.915176,7.915176,837500
2005-12-09,7.915176,7.976495,7.812979,7.910067,7.910067,1036000
2005-12-12,8.048033,8.293306,8.012263,8.073582,8.073582,7388200
2005-12-13,8.114461,8.175779,8.083801,8.165560,8.165560,3618800
2005-12-14,8.124681,8.237098,8.119571,8.175779,8.175779,3021600
2005-12-15,8.160450,8.201328,7.879407,7.945836,7.945836,4391700
2005-12-16,8.017373,8.231988,7.925396,8.201328,8.201328,21100100
2005-12-19,8.150230,8.150230,7.894737,7.986714,7.986714,4158600
2005-12-20,7.961165,8.170670,7.879407,7.915176,7.915176,3368900
2005-12-21,7.920286,8.053143,7.812979,7.838528,7.838528,1557700
2005-12-22,7.807869,7.950945,7.797649,7.807869,7.807869,1340100
2005-12-23,7.797649,7.976495,7.761880,7.879407,7.879407,1257700
2005-12-27,7.869187,7.991824,7.751661,7.823199,7.823199,1605900
2005-12-28,7.782320,7.838528,7.766990,7.772100,7.772100,1186900
2005-12-29,7.828309,7.904956,7.772100,7.792540,7.792540,1961100
2005-12-30,7.761880,7.864078,7.726111,7.741441,7.741441,3111200
2006-01-03,7.726111,7.812979,7.695452,7.715892,7.715892,4513200
2006-01-04,7.715892,7.823199,7.695452,7.818089,7.818089,4394800
2006-01-05,7.843638,7.843638,7.792540,7.818089,7.818089,2185900
2006-01-06,7.899847,7.915176,7.772100,7.843638,7.843638,1792800
2006-01-09,7.812979,7.843638,7.741441,7.818089,7.818089,2336200
2006-01-10,7.761880,7.833418,7.761880,7.833418,7.833418,3887300
2006-01-11,7.782320,7.823199,7.766990,7.807869,7.807869,2184000
2006-01-12,7.787430,7.833418,7.777210,7.797649,7.797649,2153000
2006-01-13,7.828309,7.828309,7.751661,7.777210,7.777210,2422500
2006-01-17,7.756771,7.910067,7.756771,7.899847,7.899847,3049000
2006-01-18,7.899847,7.925396,7.792540,7.899847,7.899847,1442300
2006-01-19,7.884517,7.945836,7.782320,7.925396,7.925396,3354100
2006-01-20,7.874298,7.971385,7.787430,7.828309,7.828309,1866900
2006-01-23,7.812979,7.894737,7.761880,7.874298,7.874298,1275500
2006-01-24,7.858968,7.884517,7.848748,7.874298,7.874298,1255200
2006-01-25,7.853858,7.864078,7.772100,7.833418,7.833418,1783800
2006-01-26,7.920286,7.920286,7.833418,7.869187,7.869187,1444200
2006-01-27,7.864078,7.966275,7.864078,7.925396,7.925396,1253600
2006-01-30,7.971385,7.996934,7.802759,7.843638,7.843638,1028200
2006-01-31,7.874298,7.874298,7.710782,7.746551,7.746551,3007300
2006-02-01,7.690342,7.756771,7.629024,7.664793,7.664793,2234300
2006-02-02,7.654573,7.685233,7.419520,7.450179,7.450179,1970300
2006-02-03,7.393970,7.455289,7.347981,7.445069,7.445069,2440100
2006-02-06,7.414410,7.445069,7.358202,7.434849,7.434849,947700
2006-02-07,7.399080,7.445069,7.363311,7.378641,7.378641,1429500
2006-02-08,7.445069,7.644353,7.383750,7.639244,7.639244,2285700
2006-02-09,7.623914,7.675013,7.465508,7.562596,7.562596,2121300
2006-02-10,7.537046,7.562596,7.378641,7.409300,7.409300,1904500
2006-02-13,7.383750,7.475728,7.368421,7.399080,7.399080,1118000
2006-02-14,7.399080,7.429739,7.353091,7.383750,7.383750,1943300
2006-02-15,7.368421,7.460399,7.317322,7.399080,7.399080,1777700
2006-02-16,7.388861,7.542156,7.388861,7.491058,7.491058,1674000
2006-02-17,7.465508,7.506387,7.393970,7.414410,7.414410,1347900
2006-02-21,7.409300,7.485948,7.342872,7.393970,7.393970,1456200
2006-02-22,7.388861,7.526827,7.388861,7.424630,7.424630,2749900
2006-02-23,7.393970,7.460399,7.317322,7.419520,7.419520,1505100
2006-02-24,7.409300,7.424630,7.327542,7.368421,7.368421,2006300
2006-02-27,7.373531,7.588145,7.373531,7.583035,7.583035,2056200
2006-02-28,7.521717,7.572815,7.409300,7.460399,7.460399,2485700
2006-03-01,7.501277,7.608584,7.450179,7.531937,7.531937,1687100
2006-03-02,7.491058,7.491058,7.383750,7.414410,7.414410,1124600
2006-03-03,7.409300,7.496168,7.342872,7.393970,7.393970,1250300
2006-03-06,7.383750,7.445069,7.332652,7.388861,7.388861,1285700
2006-03-07,7.409300,7.465508,7.332652,7.342872,7.342872,696100
2006-03-08,7.337762,7.368421,7.194686,7.271334,7.271334,2394900
2006-03-09,7.261114,7.296883,7.158916,7.276443,7.276443,2036800
2006-03-10,7.261114,7.501277,7.240674,7.332652,7.332652,1679800
2006-03-13,7.327542,7.465508,7.266224,7.419520,7.419520,1315200
2006-03-14,7.409300,7.603475,7.409300,7.542156,7.542156,1319200
2006-03-15,7.526827,7.649464,7.439959,7.639244,7.639244,1287100
2006-03-16,7.623914,7.649464,7.460399,7.506387,7.506387,1049100
2006-03-17,7.537046,7.572815,7.383750,7.455289,7.455289,1941700
2006-03-20,7.434849,7.455289,7.358202,7.404190,7.404190,1273200
2006-03-21,7.419520,7.480838,7.363311,7.393970,7.393970,2441900
2006-03-22,7.368421,7.399080,7.245784,7.342872,7.342872,1455600
2006-03-23,7.307103,7.506387,7.215125,7.496168,7.496168,1518400
2006-03-24,7.179356,7.480838,7.092488,7.393970,7.393970,11071300
2006-03-27,7.368421,7.455289,7.322433,7.434849,7.434849,3934500
2006-03-28,7.450179,7.460399,7.404190,7.434849,7.434849,2888500
2006-03-29,7.409300,7.639244,7.399080,7.608584,7.608584,4551900
2006-03-30,7.577925,7.680123,7.552376,7.639244,7.639244,3010400
2006-03-31,7.675013,7.721002,7.598365,7.664793,7.664793,6562000
2006-04-03,7.746551,7.746551,7.613695,7.644353,7.644353,5485600
2006-04-04,7.700562,7.746551,7.618804,7.726111,7.726111,3711400
2006-04-05,7.700562,7.741441,7.634134,7.680123,7.680123,3850300
2006-04-06,7.649464,7.756771,7.588145,7.680123,7.680123,1596300
2006-04-07,7.705672,7.751661,7.562596,7.659683,7.659683,1712300
2006-04-10,7.649464,7.695452,7.506387,7.583035,7.583035,1799200
2006-04-11,7.639244,7.659683,7.460399,7.526827,7.526827,2190600
2006-04-12,7.511497,7.572815,7.491058,7.547266,7.547266,1281400
2006-04-13,7.557486,7.557486,7.419520,7.450179,7.450179,2239100
2006-04-17,7.424630,7.475728,7.347981,7.378641,7.378641,1382000
2006-04-18,7.383750,7.470618,7.383750,7.445069,7.445069,3268300
2006-04-19,7.424630,7.470618,7.399080,7.460399,7.460399,2943100
2006-04-20,7.429739,7.547266,7.409300,7.506387,7.506387,3265400
2006-04-21,7.531937,7.552376,7.450179,7.516607,7.516607,5846700
2006-04-24,7.526827,7.542156,7.450179,7.475728,7.475728,2073800
2006-04-25,7.465508,7.491058,7.388861,7.455289,7.455289,1370000
2006-04-26,7.445069,7.496168,7.363311,7.424630,7.424630,2363200
2006-04-27,7.383750,7.690342,7.322433,7.588145,7.588145,2407100
2006-04-28,7.649464,7.685233,7.567706,7.613695,7.613695,1163200
2006-05-01,7.613695,7.690342,7.577925,7.669903,7.669903,2517600
2006-05-02,7.669903,7.695452,7.485948,7.526827,7.526827,3990300
2006-05-03,7.480838,7.485948,7.250894,7.378641,7.378641,11358000
2006-05-04,7.378641,7.521717,7.368421,7.399080,7.399080,1777100
2006-05-05,7.399080,7.419520,7.291773,7.363311,7.363311,1462600
2006-05-08,7.332652,7.393970,7.291773,7.368421,7.368421,1783600
2006-05-09,7.337762,7.424630,7.332652,7.358202,7.358202,1868700
2006-05-10,7.332652,7.378641,7.266224,7.291773,7.291773,1601800
2006-05-11,7.266224,7.347981,7.266224,7.291773,7.291773,2843300
2006-05-12,7.281553,7.368421,7.148697,7.153807,7.153807,2942900
2006-05-15,7.107818,7.368421,7.107818,7.312212,7.312212,2548000
2006-05-16,7.271334,7.378641,7.235565,7.358202,7.358202,1894700
2006-05-17,7.266224,7.342872,7.164027,7.184466,7.184466,1492400
2006-05-18,7.174246,7.240674,7.041390,7.061830,7.061830,2306100
2006-05-19,7.077159,7.164027,6.974962,7.061830,7.061830,2888900
2006-05-22,7.015841,7.082269,6.959632,6.985181,6.985181,1377300
2006-05-23,6.990291,7.128258,6.990291,7.020950,7.020950,3810400
2006-05-24,6.974962,7.112928,6.974962,7.072049,7.072049,2569700
2006-05-25,7.077159,7.097599,6.990291,7.072049,7.072049,2251500
2006-05-26,7.077159,7.148697,7.010731,7.087379,7.087379,2768900
2006-05-30,7.046500,7.123147,6.985181,7.077159,7.077159,2506700
2006-05-31,7.046500,7.179356,7.015841,7.087379,7.087379,2599000
2006-06-01,7.066939,7.266224,7.026060,7.256004,7.256004,2626400
2006-06-02,7.301993,7.373531,7.153807,7.347981,7.347981,1847400
2006-06-05,7.291773,7.337762,7.112928,7.153807,7.153807,1508400
2006-06-06,7.138477,7.194686,7.092488,7.153807,7.153807,1146900
2006-06-07,7.143587,7.184466,7.061830,7.066939,7.066939,1369900
2006-06-08,7.031170,7.158916,6.954522,7.056719,7.056719,2587100
2006-06-09,7.061830,7.153807,6.985181,7.036280,7.036280,1801600
2006-06-12,7.082269,7.153807,7.010731,7.041390,7.041390,1959100
2006-06-13,7.031170,7.138477,6.974962,7.102708,7.102708,1970100
2006-06-14,7.072049,7.143587,6.990291,7.092488,7.092488,2417600
2006-06-15,7.097599,7.521717,7.097599,7.445069,7.445069,2692400
2006-06-16,7.419520,7.419520,7.235565,7.286663,7.286663,3060900
2006-06-19,7.256004,7.383750,7.204906,7.332652,7.332652,2620800
2006-06-20,7.327542,7.465508,7.245784,7.373531,7.373531,1312300
2006-06-21,7.439959,7.526827,7.368421,7.465508,7.465508,2183800
2006-06-22,7.404190,7.455289,7.271334,7.301993,7.301993,2051300
2006-06-23,7.342872,7.419520,7.276443,7.291773,7.291773,1382800
2006-06-26,7.276443,7.419520,7.276443,7.347981,7.347981,2307600
2006-06-27,7.373531,7.429739,7.261114,7.271334,7.271334,1682400
2006-06-28,7.261114,7.424630,7.245784,7.342872,7.342872,1576700
2006-06-29,7.337762,7.593255,7.286663,7.588145,7.588145,2283400
2006-06-30,7.588145,7.634134,7.409300,7.475728,7.475728,7574300
2006-07-03,7.460399,7.572815,7.460399,7.531937,7.531937,1187500
2006-07-05,7.485948,7.516607,7.388861,7.429739,7.429739,2126800
2006-07-06,7.399080,7.409300,7.250894,7.363311,7.363311,3442700
2006-07-07,7.296883,7.347981,7.230455,7.291773,7.291773,3018600
2006-07-10,7.286663,7.286663,7.158916,7.225345,7.225345,2792000
2006-07-11,7.204906,7.276443,7.174246,7.210015,7.210015,2157700
2006-07-12,7.179356,7.194686,7.077159,7.174246,7.174246,2907500
2006-07-13,7.153807,7.281553,7.118038,7.169137,7.169137,2111600
2006-07-14,7.153807,7.153807,7.026060,7.092488,7.092488,1630700
2006-07-17,7.107818,7.107818,7.000511,7.020950,7.020950,1757900
2006-07-18,7.026060,7.051610,6.949412,6.995401,6.995401,1402900
2006-07-19,6.980072,7.061830,6.949412,6.990291,6.990291,1961300
2006-07-20,6.928973,7.005621,6.882984,6.934083,6.934083,1379000
2006-07-21,6.877874,7.015841,6.862545,6.903424,6.903424,2364400
2006-07-24,6.903424,6.974962,6.857435,6.903424,6.903424,1262200
2006-07-25,6.908534,7.041390,6.877874,6.964742,6.964742,957100
2006-07-26,6.969852,7.031170,6.898314,6.918753,6.918753,1484900
2006-07-27,6.923863,6.974962,6.775677,6.898314,6.898314,3673800
2006-07-28,6.903424,6.995401,6.857435,6.888094,6.888094,1463400
2006-07-31,6.888094,6.893204,6.796116,6.806336,6.806336,1638700
2006-08-01,6.796116,6.836996,6.734798,6.780787,6.780787,1995900
2006-08-02,6.729688,7.005621,6.729688,6.908534,6.908534,2624700
2006-08-03,6.888094,7.041390,6.882984,6.928973,6.928973,1493500
2006-08-04,7.061830,7.153807,6.934083,6.959632,6.959632,1664200
2006-08-07,7.000511,7.153807,6.928973,7.077159,7.077159,1686700
2006-08-08,7.138477,7.138477,6.821666,6.944303,6.944303,1638700
2006-08-09,6.969852,7.015841,6.545733,6.770567,6.770567,3861900
2006-08-10,6.770567,6.980072,6.770567,6.908534,6.908534,1690600
2006-08-11,6.811446,7.332652,6.780787,7.174246,7.174246,2722300
2006-08-14,7.199796,7.256004,7.066939,7.066939,7.066939,2153000
2006-08-15,7.051610,7.266224,7.051610,7.250894,7.250894,1756600
2006-08-16,7.307103,7.307103,7.112928,7.235565,7.235565,1704300
2006-08-17,7.235565,7.388861,7.143587,7.363311,7.363311,2237800
2006-08-18,7.373531,7.378641,7.245784,7.276443,7.276443,1791000
2006-08-21,7.256004,7.327542,7.143587,7.296883,7.296883,1329300
2006-08-22,7.271334,7.358202,7.215125,7.266224,7.266224,1491000
2006-08-23,7.291773,7.312212,7.153807,7.204906,7.204906,836600
2006-08-24,7.235565,7.266224,7.123147,7.153807,7.153807,818400
2006-08-25,7.112928,7.312212,7.107818,7.164027,7.164027,1052400
2006-08-28,7.118038,7.184466,7.102708,7.164027,7.164027,1231700
2006-08-29,7.138477,7.138477,7.056719,7.133368,7.133368,1407200
2006-08-30,7.148697,7.179356,7.041390,7.061830,7.061830,934000
2006-08-31,7.046500,7.169137,7.026060,7.158916,7.158916,1094100
2006-09-01,7.158916,7.215125,7.128258,7.164027,7.164027,593100
2006-09-05,7.123147,7.169137,7.010731,7.026060,7.026060,1520700
2006-09-06,7.010731,7.148697,6.969852,7.020950,7.020950,1570400
2006-09-07,6.974962,7.087379,6.923863,6.939193,6.939193,1179000
2006-09-08,6.923863,7.031170,6.893204,6.990291,6.990291,913900
2006-09-11,6.939193,7.082269,6.852325,7.010731,7.010731,1628400
2006-09-12,6.995401,7.061830,6.867655,7.005621,7.005621,2712500
2006-09-13,6.923863,7.061830,6.923863,7.046500,7.046500,2515900
2006-09-14,7.015841,7.036280,6.847215,6.898314,6.898314,2069300
2006-09-15,6.944303,7.204906,6.877874,7.102708,7.102708,3921800
2006-09-18,7.056719,7.286663,7.036280,7.112928,7.112928,1301900
2006-09-19,7.143587,7.153807,7.061830,7.097599,7.097599,1208000
2006-09-20,7.133368,7.210015,7.112928,7.138477,7.138477,1648900
2006-09-21,7.107818,7.220235,7.092488,7.153807,7.153807,897200
2006-09-22,7.174246,7.250894,7.097599,7.128258,7.128258,1241100
2006-09-25,7.153807,7.220235,7.061830,7.153807,7.153807,1609600
2006-09-26,7.128258,7.210015,7.082269,7.174246,7.174246,969300
2006-09-27,7.133368,7.368421,7.133368,7.353091,7.353091,2461500
2006-09-28,7.383750,7.439959,7.337762,7.378641,7.378641,2377500
2006-09-29,7.347981,7.434849,7.332652,7.388861,7.388861,1181000
2006-10-02,7.358202,7.567706,7.342872,7.383750,7.383750,2874400
2006-10-03,7.347981,7.409300,7.245784,7.393970,7.393970,2231900
2006-10-04,7.368421,7.496168,7.353091,7.480838,7.480838,1280400
2006-10-05,7.445069,7.680123,7.404190,7.603475,7.603475,3524100
2006-10-06,7.537046,7.629024,7.511497,7.531937,7.531937,1052400
2006-10-09,7.557486,7.562596,7.450179,7.531937,7.531937,1059100
2006-10-10,7.521717,7.593255,7.491058,7.567706,7.567706,1787700
2006-10-11,7.562596,7.583035,7.399080,7.485948,7.485948,1340300
2006-10-12,7.531937,7.531937,7.378641,7.511497,7.511497,1488600
2006-10-13,7.531937,7.623914,7.470618,7.608584,7.608584,1213700
2006-10-16,7.577925,7.639244,7.562596,7.608584,7.608584,1556500
2006-10-17,7.562596,7.659683,7.491058,7.557486,7.557486,1028900
2006-10-18,7.598365,7.623914,7.409300,7.475728,7.475728,1474000
2006-10-19,7.434849,7.537046,7.399080,7.485948,7.485948,946900
2006-10-20,7.603475,7.736331,7.598365,7.695452,7.695452,4199900
2006-10-23,7.654573,7.700562,7.644353,7.654573,7.654573,993100
2006-10-24,7.623914,7.629024,7.496168,7.572815,7.572815,1485900
2006-10-25,7.537046,7.644353,7.475728,7.547266,7.547266,1762200
2006-10-26,7.537046,7.695452,7.531937,7.675013,7.675013,1351300
2006-10-27,7.644353,7.664793,7.511497,7.577925,7.577925,1640500
2006-10-30,7.588145,7.756771,7.583035,7.623914,7.623914,1841500
2006-10-31,7.598365,7.664793,7.526827,7.583035,7.583035,2603000
2006-11-01,7.613695,7.690342,7.516607,7.537046,7.537046,2296900
2006-11-02,7.496168,7.629024,7.496168,7.623914,7.623914,1566500
2006-11-03,7.634134,7.659683,7.516607,7.639244,7.639244,949500
2006-11-06,7.659683,7.741441,7.547266,7.583035,7.583035,2151500
2006-11-07,7.547266,7.690342,7.516607,7.639244,7.639244,1802000
2006-11-08,7.649464,7.736331,7.634134,7.705672,7.705672,1150900
2006-11-09,7.746551,7.746551,7.439959,7.623914,7.623914,1151100
2006-11-10,7.644353,7.695452,7.572815,7.680123,7.680123,809600
2006-11-13,7.644353,7.715892,7.629024,7.705672,7.705672,1939700
2006-11-14,7.710782,7.864078,7.583035,7.828309,7.828309,3024100
2006-11-15,7.812979,7.925396,7.797649,7.894737,7.894737,2151700
2006-11-16,7.940726,8.017373,7.884517,8.017373,8.017373,1614100
2006-11-17,8.007154,8.109351,7.996934,8.032703,8.032703,2792600
2006-11-20,7.991824,8.068472,7.899847,7.904956,7.904956,1380000
2006-11-21,7.884517,7.904956,7.802759,7.858968,7.858968,1410200
2006-11-22,7.828309,7.910067,7.766990,7.910067,7.910067,620500
2006-11-24,7.843638,7.940726,7.802759,7.869187,7.869187,392100
2006-11-27,7.833418,7.864078,7.685233,7.782320,7.782320,2045600
2006-11-28,7.792540,7.843638,7.680123,7.710782,7.710782,1510400
2006-11-29,7.710782,7.838528,7.685233,7.741441,7.741441,1846800
2006-11-30,7.715892,7.874298,7.695452,7.838528,7.838528,1960300
2006-12-01,7.838528,7.838528,7.685233,7.736331,7.736331,1815100
2006-12-04,7.741441,7.812979,7.685233,7.705672,7.705672,1847200
2006-12-05,7.700562,7.802759,7.669903,7.751661,7.751661,1795100
2006-12-06,7.746551,7.777210,7.690342,7.736331,7.736331,1790200
2006-12-07,7.812979,7.996934,7.741441,7.797649,7.797649,3545300
2006-12-08,7.833418,8.155340,7.787430,8.129790,8.129790,3756800
2006-12-11,8.119571,8.446602,8.099132,8.354625,8.354625,5267200
2006-12-12,8.354625,8.666326,8.313745,8.375064,8.375064,3662500
2006-12-13,8.426163,8.451712,8.221768,8.339294,8.339294,2730600
2006-12-14,8.380174,8.559019,8.380174,8.533469,8.533469,3414700
2006-12-15,8.630557,8.630557,8.288197,8.303526,8.303526,4963300
2006-12-18,8.318855,8.456821,8.277976,8.313745,8.313745,1534800
2006-12-19,8.252427,8.323965,8.196218,8.226878,8.226878,1916400
2006-12-20,8.252427,8.339294,8.237098,8.237098,8.237098,1677500
2006-12-21,8.247317,8.313745,8.191109,8.226878,8.226878,1269800
2006-12-22,8.226878,8.293306,8.180889,8.216659,8.216659,1383000
2006-12-26,8.191109,8.288197,8.180889,8.231988,8.231988,1352200
2006-12-27,8.329075,8.329075,8.226878,8.318855,8.318855,1062000
2006-12-28,8.277976,8.303526,8.206438,8.231988,8.231988,1337200
2006-12-29,8.231988,8.288197,8.206438,8.221768,8.221768,1405500
2007-01-03,8.262647,8.461931,8.221768,8.426163,8.426163,5871000
2007-01-04,8.431273,8.513030,8.318855,8.390393,8.390393,4627300
2007-01-05,8.395503,8.451712,8.247317,8.334185,8.334185,1795300
2007-01-08,8.323965,8.594788,8.283087,8.492591,8.492591,5654700
2007-01-09,8.528359,8.569239,8.426163,8.436382,8.436382,1606500
2007-01-10,8.395503,8.507920,8.380174,8.497701,8.497701,1696700
2007-01-11,8.533469,8.615228,8.533469,8.569239,8.569239,2713500
2007-01-12,8.584568,8.656106,8.533469,8.635667,8.635667,2337000
2007-01-16,8.635667,8.886050,8.569239,8.860500,8.860500,4352700
2007-01-17,8.865611,8.891160,8.737864,8.748084,8.748084,1977700
2007-01-18,8.845171,8.911599,8.707205,8.783853,8.783853,2268100
2007-01-19,8.753194,8.824732,8.650996,8.773633,8.773633,2167500
2007-01-22,8.773633,8.855391,8.579458,8.691875,8.691875,1946600
2007-01-23,8.630557,8.783853,8.615228,8.676546,8.676546,1453200
2007-01-24,8.676546,8.809402,8.635667,8.732754,8.732754,1107800
2007-01-25,8.620337,8.666326,8.436382,8.492591,8.492591,1827800
2007-01-26,8.523250,8.538579,8.344405,8.395503,8.395503,1912100
2007-01-29,8.354625,8.594788,8.344405,8.548800,8.548800,1789600
2007-01-30,8.472151,8.548800,8.415943,8.436382,8.436382,1489000
2007-01-31,8.477262,8.482371,8.318855,8.467041,8.467041,1903300
2007-02-01,8.461931,8.605008,8.461931,8.538579,8.538579,1609000
2007-02-02,8.543690,8.574348,8.375064,8.472151,8.472151,1348500
2007-02-05,8.436382,8.477262,8.329075,8.395503,8.395503,1592400
2007-02-06,8.456821,8.467041,8.231988,8.288197,8.288197,3501000
2007-02-07,8.303526,8.313745,8.226878,8.242208,8.242208,2936200
2007-02-08,8.231988,8.334185,8.201328,8.257537,8.257537,1907200
2007-02-09,8.242208,8.303526,8.119571,8.201328,8.201328,2026800
2007-02-12,8.196218,8.277976,8.175779,8.257537,8.257537,2258300
2007-02-13,8.237098,8.364844,8.226878,8.344405,8.344405,2505100
2007-02-14,8.380174,8.610118,8.334185,8.441492,8.441492,2971700
2007-02-15,8.415943,8.502810,8.405723,8.487481,8.487481,1197800
2007-02-16,8.472151,8.507920,8.369954,8.375064,8.375064,2202700
2007-02-20,8.349515,8.482371,8.334185,8.472151,8.472151,1425200
2007-02-21,8.477262,8.482371,8.359735,8.400613,8.400613,887300
2007-02-22,8.380174,8.436382,8.298416,8.313745,8.313745,1805700
2007-02-23,8.354625,8.385283,8.272866,8.277976,8.277976,1783200
2007-02-26,8.323965,8.339294,8.272866,8.308636,8.308636,1971000
2007-02-27,8.277976,8.359735,8.114461,8.119571,8.119571,3021000
2007-02-28,8.150230,8.431273,8.124681,8.206438,8.206438,3447200
2007-03-01,8.078691,8.451712,7.930506,8.267756,8.267756,3755000
2007-03-02,8.277976,8.277976,8.129790,8.165560,8.165560,2063600
2007-03-05,8.124681,8.185999,7.991824,8.155340,8.155340,2779100
2007-03-06,8.196218,8.691875,8.073582,8.579458,8.579458,7102300
2007-03-07,8.589678,8.742974,8.482371,8.691875,8.691875,3759500
2007-03-08,8.722534,8.809402,8.625447,8.763413,8.763413,4254500
2007-03-09,8.814512,8.819622,8.742974,8.809402,8.809402,4462900
2007-03-12,8.768523,8.794072,8.717424,8.794072,8.794072,3748000
2007-03-13,8.656106,8.794072,8.645886,8.671436,8.671436,3378100
2007-03-14,8.645886,8.686766,8.589678,8.661216,8.661216,2943100
2007-03-15,8.671436,8.702095,8.650996,8.686766,8.686766,2534100
2007-03-16,8.671436,8.748084,8.645886,8.742974,8.742974,3940800
2007-03-19,8.778743,8.916709,8.742974,8.834951,8.834951,3614700
2007-03-20,8.840061,8.845171,8.702095,8.727644,8.727644,4013400
2007-03-21,8.778743,9.146653,8.727644,9.146653,9.146653,6679000
2007-03-22,9.146653,9.213081,8.993357,9.044456,9.044456,4465200
2007-03-23,9.070005,9.397037,9.024016,9.376596,9.376596,7425400
2007-03-26,9.397037,9.397037,9.299949,9.330608,9.330608,3827300
2007-03-27,9.325499,9.361267,9.284619,9.351048,9.351048,3681100
2007-03-28,9.340828,9.397037,9.238630,9.356157,9.356157,5541400
2007-03-29,9.606541,9.948901,9.432805,9.928462,9.928462,9500600
2007-03-30,9.882473,9.954011,9.734287,9.775167,9.775167,5189900
2007-04-02,9.775167,9.887583,9.770056,9.887583,9.887583,6337100
2007-04-03,9.943791,10.240164,9.892693,10.091977,10.091977,8356300
2007-04-04,10.107307,10.260603,10.066428,10.260603,10.260603,6538900
2007-04-05,10.291262,10.296372,10.158405,10.214614,10.214614,4332700
2007-04-09,10.224833,10.424119,10.204394,10.306592,10.306592,6250000
2007-04-10,10.281042,10.546755,10.265713,10.505877,10.505877,6259400
2007-04-11,10.531425,10.541645,10.434339,10.516096,10.516096,5581700
2007-04-12,10.526316,10.766479,10.449668,10.602963,10.602963,5290500
2007-04-13,10.602963,10.720490,10.562085,10.674501,10.674501,3525500
2007-04-16,10.746039,10.904446,10.705161,10.797138,10.797138,2819600
2007-04-17,10.700051,10.807358,10.613183,10.628513,10.628513,4766000
2007-04-18,10.628513,10.827798,10.628513,10.781809,10.781809,5013600
2007-04-19,10.669392,10.725600,10.623404,10.654062,10.654062,4233300
2007-04-20,10.807358,10.873786,10.710271,10.817578,10.817578,4686600
2007-04-23,10.843127,10.858457,10.684722,10.694942,10.694942,3113700
2007-04-24,10.899336,11.241696,10.807358,10.909555,10.909555,7493100
2007-04-25,10.965764,11.338784,10.904446,11.241696,11.241696,4859600
2007-04-26,10.960654,11.159939,10.889116,11.021973,11.021973,3459500
2007-04-27,11.047522,11.108840,10.863566,11.108840,11.108840,3546200
2007-04-30,11.170158,11.231477,11.083291,11.113950,11.113950,3747000
2007-05-01,11.113950,11.159939,10.935104,11.016863,11.016863,2905900
2007-05-02,11.067961,11.093511,10.853347,10.970874,10.970874,5560000
2007-05-03,10.950435,11.277466,10.945325,11.262136,11.262136,5617100
2007-05-04,11.318344,11.486970,11.159939,11.226367,11.226367,2629800
2007-05-07,11.308125,11.752683,11.241696,11.660706,11.660706,7805200
2007-05-08,11.599387,11.808891,11.466531,11.737353,11.737353,4230600
2007-05-09,11.573837,11.609607,11.446091,11.446091,11.446091,8420300
2007-05-10,11.466531,11.466531,11.159939,11.231477,11.231477,3434500
2007-05-11,11.226367,11.497190,11.185488,11.466531,11.466531,4378200
2007-05-14,11.568727,11.762902,11.517629,11.650485,11.650485,5031800
2007-05-15,11.691364,11.742463,11.471641,11.517629,11.517629,3133700
2007-05-16,11.573837,11.773122,11.558508,11.701584,11.701584,4365400
2007-05-17,11.676035,11.701584,11.527849,11.573837,11.573837,3011000
2007-05-18,11.624936,11.752683,11.538069,11.727134,11.727134,4081300
2007-05-21,11.752683,12.130813,11.696474,12.095043,12.095043,6291700
2007-05-22,12.013286,12.130813,11.997956,12.023505,12.023505,2472800
2007-05-23,12.074604,12.105263,11.834440,11.854880,11.854880,4478700
2007-05-24,11.936638,11.936638,11.635156,11.670925,11.670925,3633300
2007-05-25,11.655595,11.803782,11.655595,11.701584,11.701584,2725500
2007-05-29,11.686255,11.982627,11.686255,11.946857,11.946857,4477400
2007-05-30,11.880429,11.957077,11.819111,11.844660,11.844660,4345700
2007-05-31,11.854880,11.972406,11.783341,11.946857,11.946857,5567200
2007-06-01,11.936638,12.125703,11.865100,12.038835,12.038835,4222800
2007-06-04,11.972406,12.243230,11.967297,12.171691,12.171691,6602500
2007-06-05,12.125703,12.238119,12.049055,12.115483,12.115483,3466200
2007-06-06,12.115483,12.115483,11.977516,11.982627,11.982627,3360900
2007-06-07,11.962187,12.033725,11.778232,11.803782,11.803782,2755600
2007-06-08,11.732244,12.059275,11.650485,12.008176,12.008176,3161500
2007-06-11,12.043944,12.135922,12.003066,12.028615,12.028615,2321100
2007-06-12,11.946857,12.432294,11.900868,12.238119,12.238119,9244000
2007-06-13,12.289218,12.376086,12.238119,12.299438,12.299438,4932200
2007-06-14,12.350536,12.416965,12.253449,12.391416,12.391416,2438200
2007-06-15,12.544711,12.621359,12.309658,12.386306,12.386306,5136900
2007-06-18,12.335207,12.391416,12.171691,12.171691,12.171691,2691600
2007-06-19,12.243230,12.258559,12.181911,12.192131,12.192131,3478700
2007-06-20,12.161471,12.227900,12.028615,12.074604,12.074604,2399400
2007-06-21,12.079714,12.161471,11.941748,11.951967,11.951967,2766800
2007-06-22,11.900868,12.166581,11.900868,11.951967,11.951967,4777000
2007-06-25,11.977516,12.003066,11.655595,11.681145,11.681145,4244700
2007-06-26,11.747573,11.762902,11.624936,11.701584,11.701584,3504300
2007-06-27,11.640265,11.711803,11.568727,11.665815,11.665815,2708600
2007-06-28,11.655595,11.829330,11.568727,11.711803,11.711803,3722600
2007-06-29,11.716913,11.859990,11.681145,11.747573,11.747573,2424700
2007-07-02,11.773122,12.023505,11.722024,11.778232,11.778232,4525900
2007-07-03,11.819111,11.834440,11.655595,11.701584,11.701584,2999600
2007-07-05,11.696474,11.798672,11.630046,11.655595,11.655595,3580300
2007-07-06,11.645375,11.885539,11.645375,11.885539,11.885539,3877200
2007-07-09,11.890649,12.008176,11.859990,11.977516,11.977516,4369900
2007-07-10,11.931528,12.258559,11.742463,12.059275,12.059275,7957700
2007-07-11,12.018395,12.233009,11.977516,12.023505,12.023505,6871800
2007-07-12,12.105263,12.212570,12.033725,12.166581,12.166581,4920400
2007-07-13,12.100153,12.278998,12.100153,12.238119,12.238119,8120500
2007-07-16,12.263669,13.086357,12.233009,13.009708,13.009708,10715500
2007-07-17,13.040368,13.265202,13.009708,13.152785,13.152785,6492900
2007-07-18,13.101686,13.188554,13.071027,13.163005,13.163005,3324300
2007-07-19,13.178334,13.285642,12.943280,13.254982,13.254982,2783800
2007-07-20,13.285642,13.285642,12.687787,12.876852,12.876852,4938800
2007-07-23,12.948390,13.157895,12.892182,12.989269,12.989269,4478000
2007-07-24,12.989269,13.045478,12.636689,12.687787,12.687787,2642700
2007-07-25,12.769546,12.789985,12.462954,12.493612,12.493612,2893400
2007-07-26,12.386306,12.519162,11.624936,12.197241,12.197241,5571700
2007-07-27,12.238119,12.539601,12.110373,12.309658,12.309658,6155500
2007-07-30,12.314768,12.447624,12.110373,12.120593,12.120593,3627200
2007-07-31,12.222790,12.452734,12.095043,12.120593,12.120593,4177200
2007-08-01,12.074604,12.187021,11.400103,11.824221,11.824221,8369300
2007-08-02,11.834440,12.207460,11.824221,12.146142,12.146142,6594500
2007-08-03,12.176802,12.360756,12.028615,12.038835,12.038835,3654800
2007-08-06,12.135922,12.324987,12.023505,12.212570,12.212570,4316100
2007-08-07,12.146142,12.483393,12.146142,12.457844,12.457844,6782700
2007-08-08,12.508943,13.357180,12.427184,13.357180,13.357180,8022700
2007-08-09,13.203883,13.265202,12.749105,13.009708,13.009708,7360200
2007-08-10,12.943280,13.168115,12.299438,12.554931,12.554931,5857300
2007-08-13,12.616249,12.774655,12.212570,12.457844,12.457844,2882200
2007-08-14,12.519162,12.743996,12.335207,12.381196,12.381196,2771600
2007-08-15,12.365866,12.519162,12.095043,12.130813,12.130813,2703200
2007-08-16,12.069494,12.120593,11.200817,11.476750,11.476750,4288300
2007-08-17,11.440981,11.951967,11.430761,11.839550,11.839550,5524800
2007-08-20,11.819111,12.284108,11.517629,12.079714,12.079714,3644100
2007-08-21,12.074604,12.207460,11.982627,12.110373,12.110373,2274200
2007-08-22,12.059275,12.391416,12.013286,12.365866,12.365866,3168900
2007-08-23,12.355646,12.493612,11.839550,11.895759,11.895759,2978500
2007-08-24,11.824221,11.865100,11.614717,11.670925,11.670925,3904200
2007-08-27,12.115483,12.636689,12.049055,12.544711,12.544711,5909900
2007-08-28,12.416965,12.565151,12.171691,12.217680,12.217680,4438600
2007-08-29,12.268779,12.754215,12.074604,12.657128,12.657128,2965800
2007-08-30,12.611139,12.713337,12.447624,12.641799,12.641799,2237400
2007-08-31,12.754215,12.912621,12.677567,12.835974,12.835974,2183600
2007-09-04,12.902402,13.081246,12.856413,12.994379,12.994379,2522500
2007-09-05,12.953500,13.030149,12.789985,12.902402,12.902402,2504300
2007-09-06,12.973940,13.081246,12.805314,12.917731,12.917731,2221300
2007-09-07,12.933061,13.050588,12.708227,12.984159,12.984159,2403900
2007-09-10,13.014818,13.321410,12.984159,13.224323,13.224323,2776300
2007-09-11,13.285642,13.418498,13.050588,13.382729,13.382729,2586700
2007-09-12,13.352070,13.597342,13.270311,13.556464,13.556464,3355000
2007-09-13,13.694430,13.694430,13.500256,13.622892,13.622892,3187700
2007-09-14,13.592233,13.592233,13.336740,13.444047,13.444047,6244700
2007-09-17,13.398058,13.423608,13.178334,13.188554,13.188554,3407700
2007-09-18,13.290751,13.382729,13.111906,13.183444,13.183444,6252000
2007-09-19,13.234543,13.694430,13.219213,13.617783,13.617783,6282700
2007-09-20,13.546245,13.617783,13.208993,13.321410,13.321410,2628200
2007-09-21,13.280532,14.425140,13.280532,14.118548,14.118548,8339100
2007-09-24,14.128769,14.133879,13.822177,13.939704,13.939704,3734500
2007-09-25,13.863055,14.062341,13.719979,13.995913,13.995913,7805600
2007-09-26,14.047010,14.420031,14.031681,14.312723,14.312723,4549600
2007-09-27,14.537558,14.895247,14.496678,14.823709,14.823709,5495000
2007-09-28,14.910578,14.987226,14.609096,14.741952,14.741952,4269900
2007-10-01,14.777721,14.859479,14.629535,14.798161,14.798161,3020000
2007-10-02,14.818600,14.828819,14.552887,14.767501,14.767501,2149300
2007-10-03,14.741952,14.874808,14.583547,14.695963,14.695963,2248000
2007-10-04,14.660194,14.941236,14.614205,14.890138,14.890138,2831900
2007-10-05,14.833929,15.232499,14.772611,14.941236,14.941236,4137000
2007-10-08,14.864589,14.992335,14.716403,14.787941,14.787941,1880200
2007-10-09,14.772611,14.905468,14.752172,14.808380,14.808380,2593800
2007-10-10,14.701073,14.920797,14.701073,14.818600,14.818600,3235300
2007-10-11,14.823709,14.828819,14.445580,14.532448,14.532448,3886900
2007-10-12,14.619315,14.726623,14.506898,14.701073,14.701073,2243100
2007-10-15,14.552887,14.629535,14.057230,14.297394,14.297394,4436900
2007-10-16,14.328053,14.404701,14.159428,14.287174,14.287174,2532700
2007-10-17,14.312723,14.486459,14.195197,14.471129,14.471129,3462300
2007-10-18,14.460910,14.486459,14.205417,14.307613,14.307613,4179700
2007-10-19,14.343383,14.343383,13.914154,13.995913,13.995913,2708600
2007-10-22,13.970363,14.353602,13.878386,14.333163,14.333163,2153200
2007-10-23,14.190087,14.435360,13.847726,14.430250,14.430250,2754600
2007-10-24,14.338273,14.430250,14.190087,14.414921,14.414921,2425500
2007-10-25,14.547777,14.818600,14.430250,14.614205,14.614205,3518000
2007-10-26,14.818600,14.818600,14.496678,14.557997,14.557997,13681700
2007-10-29,14.593766,14.598876,14.384262,14.450690,14.450690,2889500
2007-10-30,14.368932,14.399591,14.225856,14.322944,14.322944,3240000
2007-10-31,14.399591,14.568216,14.256516,14.568216,14.568216,2864400
2007-11-01,14.532448,14.690853,14.149208,14.195197,14.195197,2825300
2007-11-02,14.348493,14.394482,14.062341,14.333163,14.333163,3595000
2007-11-05,14.220746,14.230966,13.735310,13.868166,13.868166,10490300
2007-11-06,13.914154,14.159428,13.760859,14.036791,14.036791,3998900
2007-11-07,13.888605,13.995913,13.679101,13.776188,13.776188,4138400
2007-11-08,13.709760,13.714869,12.713337,13.285642,13.285642,15420900
2007-11-09,13.035258,13.285642,12.830864,12.963720,12.963720,5863700
2007-11-12,12.973940,13.132345,11.977516,11.997956,11.997956,5322600
2007-11-13,12.054165,12.222790,11.824221,12.187021,12.187021,4823400
2007-11-14,12.207460,12.432294,11.834440,11.875319,11.875319,3522400
2007-11-15,11.788452,12.084824,11.783341,11.916199,11.916199,3862100
2007-11-16,11.997956,12.013286,11.701584,11.880429,11.880429,3974600
2007-11-19,11.808891,11.865100,11.522738,11.665815,11.665815,4064800
2007-11-20,11.803782,12.299438,11.660706,12.120593,12.120593,6512100
2007-11-21,12.120593,12.161471,11.737353,11.936638,11.936638,3482800
2007-11-23,12.038835,12.038835,11.844660,11.870210,11.870210,1199400
2007-11-26,11.798672,12.043944,11.527849,11.553398,11.553398,3556200
2007-11-27,11.686255,11.895759,11.548288,11.691364,11.691364,3605900
2007-11-28,11.880429,12.253449,11.762902,12.197241,12.197241,5748400
2007-11-29,12.105263,12.401635,12.100153,12.345427,12.345427,5475600
2007-11-30,12.401635,12.672458,12.360756,12.498722,12.498722,4018600
2007-12-03,12.871742,13.474707,12.871742,13.346960,13.346960,4982900
2007-12-04,13.479816,13.479816,13.081246,13.387838,13.387838,5383900
2007-12-05,13.387838,13.428718,13.127235,13.239653,13.239653,3077500
2007-12-06,13.244762,14.087890,13.188554,14.052120,14.052120,3486500
2007-12-07,14.098109,14.123659,13.735310,13.919264,13.919264,4687000
2007-12-10,13.985692,14.159428,13.643332,13.776188,13.776188,6799000
2007-12-11,13.873276,14.052120,13.576903,13.653551,13.653551,4415100
2007-12-12,13.898825,14.016352,13.704650,14.011242,14.011242,3292800
2007-12-13,14.486459,14.486459,13.224323,13.638222,13.638222,8538700
2007-12-14,13.484926,13.786407,13.346960,13.597342,13.597342,3372600
2007-12-17,13.510475,13.658661,12.881962,12.907512,12.907512,4647000
2007-12-18,13.071027,13.219213,12.881962,13.071027,13.071027,3784600
2007-12-19,13.025039,13.096577,12.728666,12.866632,12.866632,2210600
2007-12-20,12.979050,13.050588,12.749105,13.019929,13.019929,2191200
2007-12-21,13.137455,13.178334,12.815534,13.178334,13.178334,3327800
2007-12-24,13.229433,13.229433,12.570261,13.122126,13.122126,717200
2007-12-26,13.249872,13.254982,12.994379,13.137455,13.137455,1011300
2007-12-27,13.071027,13.168115,12.789985,12.825754,12.825754,1490600
2007-12-28,12.774655,12.912621,12.641799,12.805314,12.805314,1687900
2007-12-31,12.713337,12.887072,12.657128,12.846193,12.846193,3516700
2008-01-02,12.764436,13.035258,12.560040,12.667348,12.667348,4189900
2008-01-03,12.524272,12.897292,12.519162,12.871742,12.871742,2918800
2008-01-04,12.835974,12.938170,12.386306,12.488503,12.488503,4118300
2008-01-07,12.498722,12.646909,12.340317,12.498722,12.498722,3209800
2008-01-08,12.549821,12.575371,12.319878,12.360756,12.360756,3459500
2008-01-09,12.335207,12.616249,12.028615,12.284108,12.284108,4612000
2008-01-10,12.335207,12.355646,12.043944,12.263669,12.263669,2377500
2008-01-11,12.258559,12.406745,12.146142,12.273889,12.273889,2084500
2008-01-14,12.304547,12.641799,12.273889,12.621359,12.621359,2435600
2008-01-15,12.452734,12.708227,12.386306,12.411855,12.411855,3331500
2008-01-16,12.565151,13.014818,12.437405,12.779765,12.779765,5477000
2008-01-17,12.795094,12.973940,12.519162,12.529382,12.529382,3993200
2008-01-18,12.999489,12.999489,11.824221,11.936638,11.936638,5200500
2008-01-22,11.650485,11.875319,11.369443,11.711803,11.711803,5275600
2008-01-23,11.783341,11.992846,11.425652,11.900868,11.900868,5267000
2008-01-24,11.931528,12.294328,11.676035,12.253449,12.253449,3999700
2008-01-25,12.391416,12.590700,12.125703,12.161471,12.161471,3605500
2008-01-28,12.284108,12.616249,12.212570,12.447624,12.447624,3325500
2008-01-29,12.534492,12.723557,12.202351,12.243230,12.243230,2998300
2008-01-30,12.217680,12.217680,11.936638,11.946857,11.946857,3800100
2008-01-31,11.859990,11.916199,11.752683,11.865100,11.865100,5093800
2008-02-01,11.946857,12.396525,11.803782,11.936638,11.936638,5789000
2008-02-04,11.957077,12.008176,11.895759,11.936638,11.936638,4924000
2008-02-05,11.696474,11.716913,11.231477,11.287685,11.287685,10219000
2008-02-06,11.389882,11.446091,10.899336,11.369443,11.369443,10877700
2008-02-07,11.338784,11.604497,11.159939,11.512519,11.512519,5131000
2008-02-08,11.369443,11.660706,11.165049,11.282576,11.282576,6580200
2008-02-11,11.282576,11.323454,10.919775,11.103730,11.103730,4974600
2008-02-12,11.159939,11.328564,10.986203,11.149719,11.149719,5329800
2008-02-13,11.231477,11.676035,11.170158,11.650485,11.650485,3460900
2008-02-14,11.650485,11.706694,11.471641,11.543179,11.543179,3096700
2008-02-15,11.461421,11.686255,11.211038,11.624936,11.624936,7525600
2008-02-19,11.839550,12.049055,11.599387,11.645375,11.645375,6013200
2008-02-20,11.624936,11.624936,11.369443,11.558508,11.558508,3961700
2008-02-21,11.584057,11.589167,11.139500,11.175268,11.175268,3445400
2008-02-22,11.394992,11.737353,11.277466,11.732244,11.732244,4093400
2008-02-25,11.757792,12.003066,11.701584,11.926418,11.926418,3240000
2008-02-26,11.824221,12.089933,11.824221,11.895759,11.895759,2419200
2008-02-27,11.824221,12.064384,11.824221,12.033725,12.033725,2971300
2008-02-28,11.890649,12.156362,11.849770,11.900868,11.900868,2763200
2008-02-29,11.716913,11.716913,11.384772,11.532959,11.532959,4529400
2008-03-03,11.532959,11.768012,11.532959,11.752683,11.752683,2940100
2008-03-04,11.594277,11.650485,11.149719,11.328564,11.328564,3585000
2008-03-05,11.400103,11.691364,11.308125,11.323454,11.323454,4967000
2008-03-06,11.374553,11.486970,10.899336,10.924885,10.924885,4706900
2008-03-07,10.863566,10.965764,10.567195,10.628513,10.628513,12494400
2008-03-10,10.679611,10.689832,10.214614,10.214614,10.214614,8227600
2008-03-11,10.255493,10.756260,10.000000,10.756260,10.756260,5774300
2008-03-12,11.175268,11.200817,10.735820,10.751150,10.751150,4655500
2008-03-13,10.572305,10.914665,10.367910,10.827798,10.827798,3550700
2008-03-14,10.654062,10.986203,10.321921,10.556975,10.556975,3283600
2008-03-17,10.347470,10.464997,10.117527,10.332141,10.332141,4096900
2008-03-18,10.480327,10.546755,10.214614,10.546755,10.546755,3713900
2008-03-19,10.863566,10.863566,10.470107,10.470107,10.470107,3007500
2008-03-20,10.771589,10.776699,10.408789,10.562085,10.562085,3163800
2008-03-24,10.577415,10.965764,10.526316,10.935104,10.935104,2670700
2008-03-25,10.919775,11.175268,10.848237,11.165049,11.165049,3392000
2008-03-26,11.093511,11.200817,10.786919,10.894226,10.894226,3554300
2008-03-27,10.715381,10.991313,10.618294,10.705161,10.705161,2461500
2008-03-28,10.832908,10.889116,10.199285,10.286152,10.286152,5612200
2008-03-31,10.735820,10.848237,10.495657,10.843127,10.843127,3905900
2008-04-01,10.909555,11.226367,10.884007,11.119060,11.119060,4081300
2008-04-02,11.165049,11.165049,10.909555,11.006643,11.006643,3794600
2008-04-03,11.185488,11.185488,10.802248,10.940214,10.940214,2234300
2008-04-04,11.001533,11.159939,10.894226,11.098620,11.098620,2027000
2008-04-07,10.884007,11.548288,10.884007,11.394992,11.394992,5696200
2008-04-08,11.318344,11.415432,11.165049,11.241696,11.241696,4076000
2008-04-09,11.241696,11.292795,11.129279,11.241696,11.241696,3502000
2008-04-10,11.517629,11.517629,11.119060,11.343894,11.343894,4287700
2008-04-11,11.492080,11.492080,11.011753,11.078181,11.078181,5259600
2008-04-14,11.001533,11.205928,10.986203,11.016863,11.016863,2440100
2008-04-15,11.062851,11.062851,10.884007,11.001533,11.001533,2052300
2008-04-16,11.032192,11.165049,11.016863,11.088401,11.088401,2741100
2008-04-17,11.108840,11.343894,11.108840,11.190598,11.190598,2191600
2008-04-18,11.400103,11.819111,11.328564,11.635156,11.635156,5963700
2008-04-21,11.563618,11.619826,11.435871,11.553398,11.553398,3145400
2008-04-22,11.578947,11.578947,11.287685,11.359223,11.359223,3371300
2008-04-23,11.440981,11.466531,11.262136,11.394992,11.394992,2908200
2008-04-24,11.425652,11.757792,11.241696,11.624936,11.624936,5827700
2008-04-25,11.599387,11.665815,11.241696,11.354114,11.354114,3036400
2008-04-28,11.696474,11.747573,11.318344,11.364333,11.364333,4621000
2008-04-29,11.303015,11.834440,11.267246,11.732244,11.732244,6983700
2008-04-30,11.742463,11.992846,11.737353,11.834440,11.834440,4140000
2008-05-01,11.747573,12.462954,11.747573,12.447624,12.447624,6703500
2008-05-02,12.488503,12.524272,12.130813,12.442514,12.442514,4691900
2008-05-05,12.427184,12.427184,11.824221,11.992846,11.992846,6043600
2008-05-06,11.962187,12.233009,11.962187,12.202351,12.202351,4233500
2008-05-07,12.212570,12.268779,11.911088,11.962187,11.962187,2882200
2008-05-08,12.156362,13.260092,12.156362,13.157895,13.157895,10107500
2008-05-09,12.887072,13.597342,12.830864,13.556464,13.556464,5605200
2008-05-12,13.556464,13.556464,12.907512,13.132345,13.132345,5863500
2008-05-13,13.152785,13.367399,13.045478,13.321410,13.321410,3472300
2008-05-14,13.357180,13.484926,13.208993,13.254982,13.254982,3507100
2008-05-15,13.214103,13.638222,13.076137,13.541135,13.541135,2799000
2008-05-16,13.612673,13.612673,13.127235,13.290751,13.290751,3634700
2008-05-19,13.203883,13.372509,13.106796,13.188554,13.188554,2431700
2008-05-20,13.106796,13.341849,12.938170,13.030149,13.030149,1894900
2008-05-21,13.055697,13.331630,12.519162,13.132345,13.132345,7501300
2008-05-22,13.137455,13.300971,12.953500,13.290751,13.290751,3315500
2008-05-23,13.096577,13.183444,12.830864,12.984159,12.984159,2129800
2008-05-27,13.045478,13.224323,12.866632,13.214103,13.214103,2633500
2008-05-28,13.208993,13.408278,13.060807,13.178334,13.178334,5109300
2008-05-29,13.147675,13.183444,12.851303,13.030149,13.030149,3840200
2008-05-30,12.994379,13.423608,12.830864,13.382729,13.382729,4814600
2008-06-02,13.403168,13.490036,13.019929,13.265202,13.265202,5252900
2008-06-03,13.336740,13.433827,13.152785,13.260092,13.260092,3738200
2008-06-04,13.188554,13.709760,13.132345,13.505365,13.505365,7015000
2008-06-05,13.438937,13.566684,13.321410,13.479816,13.479816,5578200
2008-06-06,13.346960,13.479816,13.106796,13.106796,13.106796,4995400
2008-06-09,13.157895,13.224323,12.892182,13.178334,13.178334,4792400
2008-06-10,12.994379,13.132345,12.677567,12.743996,12.743996,5571700
2008-06-11,12.774655,12.846193,12.570261,12.585590,12.585590,4945100
2008-06-12,12.667348,13.060807,12.595810,12.764436,12.764436,7125800
2008-06-13,12.779765,13.060807,12.672458,12.943280,12.943280,8144200
2008-06-16,12.851303,13.183444,12.815534,13.163005,13.163005,2997500
2008-06-17,13.132345,13.433827,13.091467,13.387838,13.387838,5835100
2008-06-18,13.367399,13.367399,12.917731,13.009708,13.009708,3844900
2008-06-19,13.014818,13.142565,12.708227,12.948390,12.948390,3183600
2008-06-20,12.795094,12.897292,12.442514,12.508943,12.508943,6503100
2008-06-23,12.493612,12.692897,12.074604,12.100153,12.100153,6021600
2008-06-24,12.064384,12.110373,11.624936,11.967297,11.967297,6506200
2008-06-25,12.054165,12.370976,11.885539,12.212570,12.212570,3418400
2008-06-26,11.936638,12.018395,11.573837,11.604497,11.604497,5631600
2008-06-27,11.640265,11.793562,11.425652,11.430761,11.430761,9101600
2008-06-30,11.400103,11.507409,11.190598,11.221257,11.221257,5933600
2008-07-01,11.221257,11.246806,10.812469,10.919775,10.919775,9299400
2008-07-02,11.078181,11.195707,10.715381,10.715381,10.715381,6345100
2008-07-03,10.746039,10.899336,10.587634,10.684722,10.684722,3160300
2008-07-07,10.705161,10.797138,10.296372,10.419008,10.419008,5760600
2008-07-08,10.439448,10.597854,10.357691,10.485436,10.485436,5162100
2008-07-09,10.439448,10.577415,10.316812,10.490547,10.490547,10122700
2008-07-10,10.541645,10.633623,10.393459,10.592744,10.592744,5528900
2008-07-11,10.526316,10.689832,10.378130,10.546755,10.546755,5391700
2008-07-14,10.567195,10.899336,10.546755,10.812469,10.812469,6119500
2008-07-15,10.638733,10.965764,10.577415,10.822688,10.822688,7079600
2008-07-16,10.975984,11.078181,10.720490,10.960654,10.960654,6460800
2008-07-17,11.016863,11.108840,10.715381,10.843127,10.843127,5869400
2008-07-18,10.889116,11.047522,10.807358,10.873786,10.873786,3703400
2008-07-21,10.940214,10.940214,10.781809,10.848237,10.848237,3086300
2008-07-22,10.940214,11.124169,10.730710,10.873786,10.873786,4147600
2008-07-23,10.863566,11.221257,10.740930,11.093511,11.093511,2711800
2008-07-24,10.689832,10.945325,10.643843,10.694942,10.694942,4088300
2008-07-25,10.812469,10.894226,10.720490,10.807358,10.807358,2117000
2008-07-28,10.725600,10.827798,10.367910,10.429229,10.429229,3221800
2008-07-29,10.470107,10.853347,10.470107,10.766479,10.766479,3129000
2008-07-30,10.945325,10.970874,10.163516,10.342360,10.342360,7273700
2008-07-31,10.183955,10.449668,9.908023,10.158405,10.158405,7418000
2008-08-01,10.286152,10.480327,9.688298,9.734287,9.734287,10595100
2008-08-04,9.708738,9.764946,9.075115,9.453245,9.453245,15380200
2008-08-05,9.453245,9.637199,9.371487,9.591211,9.591211,10258900
2008-08-06,9.621870,9.759836,9.397037,9.601431,9.601431,6666700
2008-08-07,9.514564,9.713848,9.207972,9.243740,9.243740,13371300
2008-08-08,9.305058,9.417476,9.223301,9.391927,9.391927,14418000
2008-08-11,9.463465,10.020439,9.463465,9.974451,9.974451,11126900
2008-08-12,10.020439,10.020439,9.749617,9.928462,9.928462,8765700
2008-08-13,9.836484,10.204394,9.836484,10.086867,10.086867,6766700
2008-08-14,10.020439,10.444558,10.020439,10.383240,10.383240,7171800
2008-08-15,10.413898,10.546755,10.219724,10.495657,10.495657,5762300
2008-08-18,10.367910,10.490547,9.989780,10.045989,10.045989,5854300
2008-08-19,10.091977,10.178845,9.902913,10.086867,10.086867,7014200
2008-08-20,10.040879,10.178845,9.918242,10.086867,10.086867,4160300
2008-08-21,9.984671,10.030659,9.775167,9.969341,9.969341,4085000
2008-08-22,10.005110,10.286152,9.969341,10.270823,10.270823,3663300
2008-08-25,10.158405,10.245274,9.856924,9.913133,9.913133,4015900
2008-08-26,9.918242,10.056209,9.851814,9.964231,9.964231,6419900
2008-08-27,9.841595,10.066428,9.821155,9.948901,9.948901,4129400
2008-08-28,10.030659,10.413898,9.989780,10.373020,10.373020,5168800
2008-08-29,10.393459,10.419008,10.153296,10.337251,10.337251,3044100
2008-09-02,10.510986,10.786919,10.148186,10.178845,10.178845,4992600
2008-09-03,10.168626,10.408789,10.091977,10.301482,10.301482,5521600
2008-09-04,10.204394,10.373020,9.928462,9.928462,9.928462,4536300
2008-09-05,9.923352,10.071538,9.754726,9.974451,9.974451,4058800
2008-09-08,9.902913,10.602963,9.657640,10.066428,10.066428,4396400
2008-09-09,10.030659,10.081758,9.754726,9.759836,9.759836,4141000
2008-09-10,9.897802,9.897802,9.361267,9.535003,9.535003,10622500
2008-09-11,9.376596,9.734287,9.361267,9.708738,9.708738,5634900
2008-09-12,9.657640,9.974451,9.432805,9.933572,9.933572,6096200
2008-09-15,9.601431,9.979561,9.504343,9.529893,9.529893,5986000
2008-09-16,9.494123,10.056209,9.361267,9.902913,9.902913,10090200
2008-09-17,9.662749,9.718958,9.345938,9.351048,9.351048,7407000
2008-09-18,9.340828,10.756260,7.056719,7.056719,7.056719,11177000
2008-09-19,8.834951,8.834951,8.834951,8.834951,8.834951,5476200
2008-09-22,8.431273,8.737864,8.104241,8.564129,8.564129,4948800
2008-09-23,8.855391,8.855391,8.308636,8.553909,8.553909,4252700
2008-09-24,8.722534,8.809402,8.308636,8.482371,8.482371,1641100
2008-09-25,8.467041,8.559019,7.930506,8.303526,8.303526,4083000
2008-09-26,8.022484,8.364844,8.007154,8.277976,8.277976,3082400
2008-09-29,8.042923,8.104241,6.944303,7.455289,7.455289,5207700
2008-09-30,7.511497,7.623914,7.133368,7.281553,7.281553,6460600
2008-10-01,7.225345,7.506387,6.995401,7.424630,7.424630,3241100
2008-10-02,7.281553,7.419520,7.061830,7.153807,7.153807,3665000
2008-10-03,7.235565,7.235565,6.561063,6.683700,6.683700,5277600
2008-10-06,6.443536,6.581502,5.947879,6.499744,6.499744,4498700
2008-10-07,6.642821,6.842105,6.034747,6.157384,6.157384,5050200
2008-10-08,5.927440,6.172713,5.677057,5.973429,5.973429,6828500
2008-10-09,5.671947,6.377108,5.513541,5.891671,5.891671,6346100
2008-10-10,5.666837,6.351559,5.421564,5.682167,5.682167,5802500
2008-10-13,5.901891,6.693919,5.625958,6.668370,6.668370,3433300
2008-10-14,6.530404,7.066939,6.530404,7.000511,7.000511,6367000
2008-10-15,6.714359,7.271334,6.259581,6.280020,6.280020,2966200
2008-10-16,6.182933,7.061830,5.227389,6.392437,6.392437,4324100
2008-10-17,6.142054,6.750128,5.620848,6.576393,6.576393,2913900
2008-10-20,6.596832,6.954522,6.443536,6.954522,6.954522,2129400
2008-10-21,6.857435,7.046500,6.581502,6.796116,6.796116,2657900
2008-10-22,6.775677,6.811446,6.280020,6.443536,6.443536,2897700
2008-10-23,6.443536,6.561063,5.804803,6.147164,6.147164,3130600
2008-10-24,5.728155,5.866122,5.120082,5.247828,5.247828,4686200
2008-10-27,5.385795,5.498211,5.278488,5.319366,5.319366,4553700
2008-10-28,5.324476,5.753705,5.206949,5.753705,5.753705,2408600
2008-10-29,5.620848,6.504854,5.442003,6.310679,6.310679,6681700
2008-10-30,6.489525,6.709249,6.295350,6.709249,6.709249,3307300
2008-10-31,6.642821,7.337762,6.642821,6.969852,6.969852,6126700
2008-11-03,6.745018,7.087379,6.693919,6.903424,6.903424,4050700
2008-11-04,7.072049,7.475728,6.811446,7.179356,7.179356,6177200
2008-11-05,7.118038,7.276443,6.918753,7.015841,7.015841,4583200
2008-11-06,7.010731,7.010731,6.177823,6.177823,6.177823,3205100
2008-11-07,6.397547,7.511497,6.397547,7.199796,7.199796,10184400
2008-11-10,7.496168,7.664793,7.092488,7.189576,7.189576,3505700
2008-11-11,7.092488,7.112928,6.443536,6.954522,6.954522,3398500
2008-11-12,6.785897,6.913643,5.952989,6.142054,6.142054,10120200
2008-11-13,6.295350,6.918753,6.034747,6.918753,6.918753,5972100
2008-11-14,6.872765,7.429739,6.729688,7.112928,7.112928,4856800
2008-11-17,7.353091,7.353091,6.826776,6.852325,6.852325,5391900
2008-11-18,6.893204,6.964742,6.142054,6.382218,6.382218,5078800
2008-11-19,6.520184,6.770567,6.274910,6.310679,6.310679,5050600
2008-11-20,6.157384,6.571282,5.952989,6.085845,6.085845,6816400
2008-11-21,6.198263,6.576393,5.774144,6.566173,6.566173,6704600
2008-11-24,7.010731,7.010731,6.417987,6.964742,6.964742,3938200
2008-11-25,7.097599,7.097599,6.474195,6.775677,6.775677,4300700
2008-11-26,6.673480,7.307103,6.653040,7.230455,7.230455,2200600
2008-11-28,7.133368,7.812979,7.005621,7.664793,7.664793,1602500
2008-12-01,7.296883,7.393970,6.765457,6.765457,6.765457,2944600
2008-12-02,6.734798,7.164027,6.653040,7.000511,7.000511,3695000
2008-12-03,6.821666,7.153807,6.745018,7.082269,7.082269,3282400
2008-12-04,6.903424,7.138477,6.356668,6.550843,6.550843,4670100
2008-12-05,6.591722,7.056719,6.361778,7.046500,7.046500,4676000
2008-12-08,7.281553,7.741441,7.215125,7.644353,7.644353,6369400
2008-12-09,7.792540,7.792540,6.939193,7.164027,7.164027,8902900
2008-12-10,7.148697,7.460399,6.877874,7.026060,7.026060,8295900
2008-12-11,6.934083,7.036280,6.581502,6.622381,6.622381,7323200
2008-12-12,6.515074,6.913643,6.515074,6.678590,6.678590,5269400
2008-12-15,6.785897,6.877874,6.484415,6.617271,6.617271,3721200
2008-12-16,6.683700,6.872765,6.535513,6.714359,6.714359,5754900
2008-12-17,6.663260,6.934083,6.545733,6.877874,6.877874,10228200
2008-12-18,7.026060,7.179356,6.836996,7.102708,7.102708,9071800
2008-12-19,7.199796,7.424630,6.704139,7.184466,7.184466,10872800
2008-12-22,7.225345,7.388861,6.831885,6.980072,6.980072,2650100
2008-12-23,6.831885,7.107818,6.785897,6.959632,6.959632,1587700
2008-12-24,6.995401,7.077159,6.939193,6.995401,6.995401,574500
2008-12-26,7.077159,7.077159,6.882984,6.995401,6.995401,1118200
2008-12-29,7.056719,7.102708,6.796116,6.928973,6.928973,1892000
2008-12-30,6.903424,7.077159,6.903424,7.066939,7.066939,2157900
2008-12-31,7.026060,7.271334,6.954522,7.235565,7.235565,3263200
2009-01-02,7.220235,7.552376,7.189576,7.485948,7.485948,2796500
2009-01-05,7.429739,7.715892,7.337762,7.562596,7.562596,3985200
2009-01-06,7.608584,7.721002,7.450179,7.659683,7.659683,3476600
2009-01-07,7.368421,7.649464,7.307103,7.439959,7.439959,2390200
2009-01-08,7.291773,7.721002,7.164027,7.705672,7.705672,3765400
2009-01-09,7.639244,7.761880,7.414410,7.542156,7.542156,2763600
2009-01-12,7.496168,7.613695,7.388861,7.455289,7.455289,3226800
2009-01-13,7.516607,7.792540,7.516607,7.664793,7.664793,4343300
2009-01-14,7.547266,7.664793,7.332652,7.537046,7.537046,3394800
2009-01-15,7.429739,7.690342,7.174246,7.521717,7.521717,3219800
2009-01-16,7.664793,7.864078,7.261114,7.542156,7.542156,4213000
2009-01-20,7.511497,7.511497,6.969852,6.985181,6.985181,3508100
2009-01-21,7.153807,7.455289,7.153807,7.353091,7.353091,3695900
2009-01-22,7.286663,7.629024,7.256004,7.465508,7.465508,3519800
2009-01-23,7.337762,7.603475,7.337762,7.511497,7.511497,3160500
2009-01-26,7.593255,7.618804,7.296883,7.445069,7.445069,4085200
2009-01-27,7.537046,7.659683,7.378641,7.598365,7.598365,1813100
2009-01-28,7.552376,7.726111,7.552376,7.644353,7.644353,3056600
2009-01-29,7.593255,7.608584,7.322433,7.358202,7.358202,1788500
2009-01-30,7.593255,7.690342,7.245784,7.409300,7.409300,2941900
2009-02-02,7.271334,7.516607,7.133368,7.434849,7.434849,2136800
2009-02-03,7.455289,7.537046,7.235565,7.480838,7.480838,2165200
2009-02-04,7.511497,7.608584,6.995401,7.026060,7.026060,6455500
2009-02-05,6.939193,7.020950,6.785897,6.913643,6.913643,5552500
2009-02-06,6.939193,7.210015,6.888094,7.123147,7.123147,3454600
2009-02-09,7.072049,7.220235,7.000511,7.179356,7.179356,3407900
2009-02-10,7.087379,7.179356,6.913643,6.980072,6.980072,2604500
2009-02-11,7.000511,7.174246,6.969852,7.051610,7.051610,2351500
2009-02-12,6.959632,7.230455,6.928973,7.123147,7.123147,3440400
2009-02-13,7.158916,7.225345,7.118038,7.143587,7.143587,1929700
2009-02-17,6.923863,7.087379,6.750128,6.893204,6.893204,3028600
2009-02-18,6.928973,7.000511,6.658150,6.678590,6.678590,2240100
2009-02-19,6.785897,6.842105,6.673480,6.704139,6.704139,3507500
2009-02-20,6.632601,6.647931,6.366888,6.479305,6.479305,2605700
2009-02-23,6.484415,6.678590,6.463975,6.494635,6.494635,3780700
2009-02-24,6.417987,6.877874,6.417987,6.775677,6.775677,6200500
2009-02-25,7.526827,7.828309,7.332652,7.629024,7.629024,12246100
2009-02-26,7.777210,7.920286,7.537046,7.542156,7.542156,4623600
2009-02-27,7.511497,7.966275,7.511497,7.925396,7.925396,6210700
2009-03-02,7.823199,8.073582,7.726111,7.797649,7.797649,4942700
2009-03-03,7.899847,8.063362,7.843638,8.002044,8.002044,5311400
2009-03-04,8.094022,8.134900,7.772100,7.894737,7.894737,4722000
2009-03-05,7.797649,7.996934,7.700562,7.772100,7.772100,4756800
2009-03-06,7.843638,7.920286,7.496168,7.726111,7.726111,7874700
2009-03-09,7.685233,7.812979,7.363311,7.404190,7.404190,3668300
2009-03-10,7.567706,7.853858,7.542156,7.838528,7.838528,3593400
2009-03-11,7.884517,8.022484,7.761880,7.894737,7.894737,2763600
2009-03-12,7.910067,8.569239,7.812979,8.456821,8.456821,5420400
2009-03-13,8.497701,8.681656,8.329075,8.645886,8.645886,4655100
2009-03-16,8.722534,8.748084,8.482371,8.513030,8.513030,2197500
2009-03-17,8.497701,8.584568,8.364844,8.569239,8.569239,2424300
2009-03-18,8.691875,8.834951,8.507920,8.768523,8.768523,3100200
2009-03-19,8.748084,8.748084,8.262647,8.313745,8.313745,3882400
2009-03-20,8.390393,8.467041,8.083801,8.109351,8.109351,2474800
2009-03-23,8.175779,8.538579,8.109351,8.482371,8.482371,5454500
2009-03-24,8.349515,8.492591,8.216659,8.277976,8.277976,2654800
2009-03-25,8.242208,8.303526,8.032703,8.298416,8.298416,3766000
2009-03-26,8.349515,8.513030,8.272866,8.441492,8.441492,3288100
2009-03-27,8.308636,8.369954,8.012263,8.237098,8.237098,2786900
2009-03-30,8.124681,8.191109,7.833418,8.170670,8.170670,3285900
2009-03-31,8.196218,8.364844,8.094022,8.185999,8.185999,3024100
2009-04-01,8.201328,8.763413,8.175779,8.717424,8.717424,5979600
2009-04-02,8.891160,9.228411,8.875831,9.100664,9.100664,4924300
2009-04-03,9.177312,9.228411,8.911599,9.213081,9.213081,5530000
2009-04-06,9.018907,9.131324,8.896270,9.115993,9.115993,3063600
2009-04-07,8.722534,8.773633,8.492591,8.564129,8.564129,5633400
2009-04-08,8.599897,8.891160,8.507920,8.783853,8.783853,3331200
2009-04-09,9.167092,9.213081,9.075115,9.172202,9.172202,4699100
2009-04-13,9.136434,9.172202,8.932039,9.024016,9.024016,3209800
2009-04-14,8.993357,9.049565,8.666326,8.666326,8.666326,3731600
2009-04-15,8.645886,8.911599,8.564129,8.656106,8.656106,2833100
2009-04-16,8.773633,9.177312,8.671436,9.085335,9.085335,2284700
2009-04-17,9.064896,9.386817,8.978027,9.325499,9.325499,5012600
2009-04-20,9.356157,9.361267,8.972918,9.029126,9.029126,3334500
2009-04-21,8.942259,9.351048,8.891160,9.351048,9.351048,2928600
2009-04-22,9.274400,9.632090,9.202862,9.448135,9.448135,5174300
2009-04-23,9.478794,9.489014,9.008687,9.105774,9.105774,4378900
2009-04-24,9.192642,9.366377,9.013797,9.310168,9.310168,3530400
2009-04-27,9.095554,9.647420,9.085335,9.381706,9.381706,4805600
2009-04-28,9.391927,9.463465,9.197752,9.315278,9.315278,2486900
2009-04-29,9.580992,10.020439,9.555442,9.846704,9.846704,5970400
2009-04-30,10.091977,10.163516,9.632090,9.703628,9.703628,3238000
2009-05-01,9.729177,9.729177,9.202862,9.509453,9.509453,4819500
2009-05-04,9.821155,10.464997,9.652530,10.327031,10.327031,5620500
2009-05-05,10.204394,10.914665,10.025549,10.858457,10.858457,5930600
2009-05-06,10.730710,10.970874,10.623404,10.730710,10.730710,4461300
2009-05-07,10.771589,10.771589,10.168626,10.265713,10.265713,3953900
2009-05-08,10.214614,10.449668,10.071538,10.357691,10.357691,3288100
2009-05-11,10.229944,10.582524,10.137966,10.347470,10.347470,2949300
2009-05-12,10.572305,10.582524,9.790496,9.994890,9.994890,3006500
2009-05-13,9.959121,9.959121,9.693408,9.795606,9.795606,2202600
2009-05-14,9.739397,9.979561,9.708738,9.862034,9.862034,2088500
2009-05-15,9.851814,10.137966,9.805825,9.856924,9.856924,1740500
2009-05-18,9.841595,10.250383,9.693408,10.250383,10.250383,2458100
2009-05-19,10.158405,10.597854,10.158405,10.516096,10.516096,3904600
2009-05-20,10.674501,11.328564,10.638733,11.149719,11.149719,7582200
2009-05-21,10.986203,11.042412,10.628513,10.945325,10.945325,6011100
2009-05-22,11.170158,11.221257,10.991313,11.154829,11.154829,2321000
2009-05-26,11.287685,11.374553,11.067961,11.374553,11.374553,4297900
2009-05-27,11.052631,11.349004,11.052631,11.175268,11.175268,3798700
2009-05-28,11.277466,11.369443,10.924885,11.251916,11.251916,3007900
2009-05-29,11.400103,11.492080,11.241696,11.471641,11.471641,4210600
2009-06-01,11.532959,11.752683,11.282576,11.446091,11.446091,5081900
2009-06-02,11.578947,11.578947,11.185488,11.461421,11.461421,5069800
2009-06-03,11.655595,11.655595,11.318344,11.497190,11.497190,3565800
2009-06-04,11.619826,11.619826,11.338784,11.384772,11.384772,3956800
2009-06-05,11.553398,11.859990,11.303015,11.762902,11.762902,4290100
2009-06-08,11.747573,11.957077,11.558508,11.880429,11.880429,1591600
2009-06-09,11.946857,12.100153,11.706694,12.033725,12.033725,3570900
2009-06-10,12.166581,12.304547,11.594277,11.747573,11.747573,2745400
2009-06-11,11.635156,11.737353,11.440981,11.584057,11.584057,2102400
2009-06-12,11.471641,11.578947,11.103730,11.303015,11.303015,3180900
2009-06-15,11.241696,11.251916,10.812469,11.098620,11.098620,3133900
2009-06-16,11.195707,11.236587,10.633623,10.725600,10.725600,2269500
2009-06-17,10.577415,10.863566,10.480327,10.802248,10.802248,2489600
2009-06-18,10.878897,10.981093,10.751150,10.817578,10.817578,1806300
2009-06-19,10.858457,10.935104,10.572305,10.679611,10.679611,3438200
2009-06-22,10.541645,10.684722,10.275932,10.373020,10.373020,2860300
2009-06-23,10.327031,10.526316,10.158405,10.265713,10.265713,2420200
2009-06-24,10.281042,11.001533,10.281042,10.526316,10.526316,3469300
2009-06-25,10.562085,10.807358,10.500767,10.746039,10.746039,3862500
2009-06-26,10.786919,11.165049,10.710271,11.108840,11.108840,8879100
2009-06-29,11.170158,11.364333,11.113950,11.338784,11.338784,2502600
2009-06-30,11.568727,11.568727,11.313234,11.502299,11.502299,5665300
2009-07-01,11.548288,11.936638,11.451200,11.747573,11.747573,2902000
2009-07-02,11.701584,11.824221,11.251916,11.282576,11.282576,3423100
2009-07-06,11.257026,11.282576,11.067961,11.211038,11.211038,3634900
2009-07-07,11.257026,11.354114,11.088401,11.149719,11.149719,4564300
2009-07-08,11.216147,11.292795,10.945325,11.165049,11.165049,3331700
2009-07-09,11.297905,11.594277,11.241696,11.466531,11.466531,3705700
2009-07-10,11.492080,11.701584,11.277466,11.471641,11.471641,3661300
2009-07-13,11.446091,11.517629,11.149719,11.435871,11.435871,1974600
2009-07-14,11.364333,11.808891,11.272356,11.711803,11.711803,3230200
2009-07-15,11.778232,12.207460,11.752683,12.043944,12.043944,3466000
2009-07-16,12.069494,12.156362,11.747573,12.064384,12.064384,2304300
2009-07-17,11.992846,12.064384,11.829330,11.931528,11.931528,1486500
2009-07-20,11.803782,12.284108,11.752683,12.253449,12.253449,2606700
2009-07-21,12.263669,12.263669,12.069494,12.217680,12.217680,1579200
2009-07-22,12.212570,12.263669,12.028615,12.197241,12.197241,2426200
2009-07-23,12.192131,12.381196,12.008176,12.273889,12.273889,5398700
2009-07-24,12.319878,12.432294,12.115483,12.258559,12.258559,1241300
2009-07-27,12.299438,12.299438,11.997956,12.294328,12.294328,1528600
2009-07-28,12.207460,12.493612,12.135922,12.468063,12.468063,2598800
2009-07-29,12.462954,12.534492,12.289218,12.314768,12.314768,1881800
2009-07-30,12.519162,12.606030,12.355646,12.457844,12.457844,3491600
2009-07-31,12.473173,12.580481,12.416965,12.519162,12.519162,2750900
2009-08-03,12.519162,13.019929,12.416965,12.973940,12.973940,5539000
2009-08-04,13.014818,13.091467,12.606030,12.764436,12.764436,6515800
2009-08-05,12.876852,12.943280,12.524272,12.738886,12.738886,2841100
2009-08-06,12.866632,13.081246,12.646909,12.713337,12.713337,2777700
2009-08-07,12.774655,13.163005,12.616249,13.137455,13.137455,2785900
2009-08-10,13.152785,13.280532,12.876852,13.009708,13.009708,2002200
2009-08-11,13.081246,13.132345,12.677567,12.779765,12.779765,2618000
2009-08-12,12.841084,13.091467,12.764436,12.841084,12.841084,2226000
2009-08-13,12.830864,12.851303,12.575371,12.662238,12.662238,3929200
2009-08-14,12.718447,12.815534,12.345427,12.657128,12.657128,2661300
2009-08-17,12.452734,12.600920,12.330097,12.406745,12.406745,1844800
2009-08-18,12.411855,12.677567,12.391416,12.585590,12.585590,1475900
2009-08-19,12.411855,12.810424,12.391416,12.738886,12.738886,3073200
2009-08-20,12.606030,12.902402,12.534492,12.846193,12.846193,1884300
2009-08-21,12.805314,13.127235,12.779765,13.091467,13.091467,2599400
2009-08-24,13.091467,13.321410,12.999489,13.208993,13.208993,2294300
2009-08-25,13.326520,13.806848,13.244762,13.643332,13.643332,5293000
2009-08-26,13.628002,13.725089,13.444047,13.714869,13.714869,3392600
2009-08-27,13.679101,13.679101,13.208993,13.479816,13.479816,3363400
2009-08-28,13.638222,13.638222,13.019929,13.219213,13.219213,4710300
2009-08-31,13.234543,13.403168,13.137455,13.244762,13.244762,4409500
2009-09-01,13.157895,13.520695,13.045478,13.050588,13.050588,3607500
2009-09-02,13.127235,13.157895,12.897292,13.055697,13.055697,1797100
2009-09-03,13.168115,13.224323,13.014818,13.132345,13.132345,2163800
2009-09-04,13.203883,13.352070,13.086357,13.336740,13.336740,2816100
2009-09-08,13.536024,13.633112,13.387838,13.617783,13.617783,1900400
2009-09-09,13.679101,13.939704,13.505365,13.883495,13.883495,2970900
2009-09-10,13.944814,14.537558,13.909044,14.522228,14.522228,3965800
2009-09-11,14.547777,14.655085,14.322944,14.481349,14.481349,2053800
2009-09-14,14.481349,14.537558,14.297394,14.486459,14.486459,2174000
2009-09-15,14.557997,14.772611,14.409811,14.747062,14.747062,2245400
2009-09-16,14.915688,15.201839,14.655085,15.043434,15.043434,3163800
2009-09-17,14.931017,15.094532,14.844150,14.946346,14.946346,3519200
2009-09-18,14.915688,15.212059,14.854369,15.125192,15.125192,4846900
2009-09-21,15.114972,15.252938,14.946346,15.017884,15.017884,4374200
2009-09-22,15.125192,15.201839,15.012774,15.099643,15.099643,2101400
2009-09-23,15.074093,15.145631,14.747062,14.747062,14.747062,2329600
2009-09-24,14.747062,14.747062,14.435360,14.527338,14.527338,1896700
2009-09-25,14.450690,14.517118,14.144098,14.154318,14.154318,2721200
2009-09-28,14.174757,14.547777,14.159428,14.476239,14.476239,1801400
2009-09-29,14.409811,14.741952,14.409811,14.501788,14.501788,1939300
2009-09-30,14.649975,14.885028,14.542667,14.762391,14.762391,3264000
2009-10-01,14.900357,15.268268,14.701073,14.772611,14.772611,7432800
2009-10-02,14.762391,14.859479,14.557997,14.828819,14.828819,4356200
2009-10-05,15.012774,15.125192,14.869699,15.043434,15.043434,3044300
2009-10-06,15.063873,15.498212,15.007665,15.375575,15.375575,3157000
2009-10-07,15.421563,15.472662,15.237609,15.442003,15.442003,2639900
2009-10-08,15.600409,15.896781,15.452223,15.799693,15.799693,5070700
2009-10-09,15.840572,15.840572,15.472662,15.610628,15.610628,1999800
2009-10-12,15.656617,15.743484,15.401124,15.457333,15.457333,1028200
2009-10-13,15.426674,15.487992,15.273377,15.355135,15.355135,1750100
2009-10-14,15.493102,15.569750,15.304037,15.523761,15.523761,3455800
2009-10-15,15.523761,15.523761,15.252938,15.334696,15.334696,3098100
2009-10-16,15.288707,15.503322,15.155850,15.385795,15.385795,4543300
2009-10-19,15.421563,15.871231,15.293818,15.774144,15.774144,4001600
2009-10-20,15.917220,16.019417,15.692387,15.743484,15.743484,4025700
2009-10-21,15.620849,15.758815,15.181400,15.196730,15.196730,2916900
2009-10-22,15.533980,15.539090,15.125192,15.212059,15.212059,3389100
2009-10-23,15.206949,15.283597,15.022994,15.196730,15.196730,3304100
2009-10-26,15.191620,15.406234,15.109862,15.186510,15.186510,4149800
2009-10-27,15.252938,15.288707,14.808380,14.844150,14.844150,1296100
2009-10-28,14.506898,14.690853,14.241185,14.297394,14.297394,2844400
2009-10-29,14.246295,14.711293,14.190087,14.670414,14.670414,3319200
2009-10-30,14.660194,14.706182,13.970363,14.052120,14.052120,3355400
2009-11-02,13.965253,14.476239,13.822177,13.939704,13.939704,6384300
2009-11-03,13.924374,14.322944,13.612673,14.312723,14.312723,5676200
2009-11-04,14.568216,15.201839,14.491569,14.547777,14.547777,8431300
2009-11-05,14.547777,15.150741,14.476239,15.145631,15.145631,3793600
2009-11-06,15.022994,15.365355,14.925907,15.365355,15.365355,3396700
2009-11-09,15.375575,15.748595,15.283597,15.733265,15.733265,3217600
2009-11-10,15.620849,15.763925,15.416453,15.539090,15.539090,2200600
2009-11-11,15.687277,15.799693,15.472662,15.503322,15.503322,2237200
2009-11-12,15.518651,15.723045,15.344915,15.390904,15.390904,2222700
2009-11-13,15.390904,15.636178,15.334696,15.615738,15.615738,2990600
2009-11-16,15.631068,16.136944,15.620849,16.131834,16.131834,2192800
2009-11-17,16.090956,16.290239,15.988758,16.290239,16.290239,2288100
2009-11-18,16.228922,16.346449,16.044968,16.075626,16.075626,1989000
2009-11-19,16.014307,16.034746,15.671947,15.901891,15.901891,1663200
2009-11-20,15.733265,16.050077,15.574860,15.922330,15.922330,2316500
2009-11-23,16.290239,16.555952,15.998978,16.167603,16.167603,2125800
2009-11-24,16.259581,16.331120,15.983648,16.326010,16.326010,2214900
2009-11-25,16.305571,16.320900,16.136944,16.274910,16.274910,2166500
2009-11-27,15.825243,16.193153,15.758815,16.131834,16.131834,675900
2009-11-30,16.208483,16.366888,16.055187,16.326010,16.326010,3169500
2009-12-01,16.504854,16.663260,16.443537,16.550842,16.550842,4317500
2009-12-02,16.607052,16.704140,16.453756,16.550842,16.550842,3594200
2009-12-03,16.658150,16.678589,16.131834,16.136944,16.136944,2805500
2009-12-04,16.417986,16.417986,15.891671,16.034746,16.034746,3099800
2009-12-07,16.034746,16.295349,15.993868,16.075626,16.075626,2273600
2009-12-08,16.080736,16.101175,15.835463,15.861012,15.861012,1751900
2009-12-09,15.815023,15.891671,15.666837,15.692387,15.692387,2132700
2009-12-10,15.656617,16.239141,15.620849,16.203373,16.203373,2600400
2009-12-11,16.244251,16.377108,16.147163,16.315790,16.315790,2207100
2009-12-14,16.356668,16.377108,15.978539,16.228922,16.228922,5389700
2009-12-15,16.371998,16.371998,16.065407,16.188044,16.188044,2453000
2009-12-16,16.274910,16.336229,16.024527,16.055187,16.055187,2129400
2009-12-17,15.876341,16.285130,15.835463,16.111395,16.111395,2551300
2009-12-18,16.116505,16.188044,15.917220,16.085846,16.085846,2713300
2009-12-21,16.218702,16.320900,16.131834,16.198263,16.198263,1679600
2009-12-22,16.198263,16.198263,16.014307,16.075626,16.075626,1674800
2009-12-23,16.065407,16.096066,15.763925,15.784364,15.784364,2319400
2009-12-24,15.907001,15.937659,15.789474,15.901891,15.901891,346500
2009-12-28,15.968319,16.096066,15.830353,15.866121,15.866121,1151400
2009-12-29,15.886561,16.019417,15.881452,15.917220,15.917220,746900
2009-12-30,15.861012,15.947880,15.539090,15.717936,15.717936,1711700
2009-12-31,15.815023,15.840572,15.651507,15.671947,15.671947,756700
2010-01-04,15.697496,15.968319,15.682167,15.840572,15.840572,2844100
2010-01-05,15.896781,16.535513,15.840572,16.463976,16.463976,3193000
2010-01-06,16.607052,16.760347,16.402657,16.709249,16.709249,3873000
2010-01-07,16.678589,16.852325,16.622381,16.699030,16.699030,2506500
2010-01-08,16.653040,16.842106,16.586613,16.750128,16.750128,2448500
2010-01-11,16.785896,16.842106,16.612162,16.693920,16.693920,2361500
2010-01-12,16.658150,16.683699,16.234032,16.249361,16.249361,2803500
2010-01-13,16.223812,16.402657,15.988758,16.346449,16.346449,2359100
2010-01-14,16.228922,16.484415,16.177824,16.213593,16.213593,1634200
2010-01-15,16.647930,16.872765,16.479305,16.571283,16.571283,4101400
2010-01-19,16.484415,16.596832,16.417986,16.555952,16.555952,1991800
2010-01-20,16.438427,16.525293,16.310680,16.428205,16.428205,1887700
2010-01-21,16.515074,16.612162,16.004087,16.254471,16.254471,2357000
2010-01-22,16.218702,16.331120,15.779254,15.784364,15.784364,2014900
2010-01-25,15.861012,15.983648,15.646398,15.753705,15.753705,1784100
2010-01-26,15.779254,15.804803,15.579969,15.743484,15.743484,1652200
2010-01-27,15.636178,15.743484,15.135411,15.436893,15.436893,2487300
2010-01-28,15.406234,15.579969,15.191620,15.467552,15.467552,2016100
2010-01-29,15.554420,15.564640,15.135411,15.155850,15.155850,2745800
2010-02-01,15.309147,15.396014,15.120082,15.222279,15.222279,2543900
2010-02-02,15.191620,15.288707,14.982116,15.079203,15.079203,3919800
2010-02-03,15.079203,15.099643,14.971896,14.997445,14.997445,4838200
2010-02-04,14.885028,14.920797,14.583547,14.624425,14.624425,3915300
2010-02-05,14.578437,14.578437,14.149208,14.542667,14.542667,4797700
2010-02-08,14.609096,14.726623,14.522228,14.568216,14.568216,3946200
2010-02-09,14.639754,15.002555,14.639754,14.956566,14.956566,5386400
2010-02-10,14.425140,14.634645,14.230966,14.246295,14.246295,8053400
2010-02-11,14.215636,14.389372,14.154318,14.312723,14.312723,6643200
2010-02-12,14.297394,14.685743,14.149208,14.660194,14.660194,5311600
2010-02-16,14.563107,14.849259,14.517118,14.787941,14.787941,2650700
2010-02-17,15.748595,16.249361,15.682167,16.034746,16.034746,19702200
2010-02-18,15.952990,16.295349,15.927440,16.147163,16.147163,4297900
2010-02-19,16.116505,16.555952,16.055187,16.356668,16.356668,5625200
2010-02-22,16.479305,16.688810,16.371998,16.397547,16.397547,6083700
2010-02-23,16.055187,16.555952,15.988758,16.387327,16.387327,11183000
2010-02-24,16.479305,16.479305,16.147163,16.351559,16.351559,9144600
2010-02-25,16.259581,16.264690,15.917220,16.039858,16.039858,14534000
2010-02-26,16.136944,16.136944,15.804803,15.917220,15.917220,119175800
2010-03-01,15.881452,15.942770,15.743484,15.784364,15.784364,15196800
2010-03-02,15.866121,15.891671,15.687277,15.712826,15.712826,11565000
2010-03-03,15.845682,15.845682,15.641288,15.641288,15.641288,6157700
2010-03-04,15.625958,16.044968,15.590189,15.881452,15.881452,6135700
2010-03-05,16.024527,16.147163,15.912110,16.121614,16.121614,5055700
2010-03-08,16.121614,16.274910,16.024527,16.188044,16.188044,4766400
2010-03-09,15.840572,16.346449,15.789474,16.305571,16.305571,3898300
2010-03-10,16.203373,16.453756,15.988758,16.295349,16.295349,4785600
2010-03-11,16.198263,16.525293,16.106285,16.499744,16.499744,3698300
2010-03-12,16.515074,16.601942,16.341339,16.576393,16.576393,5096800
2010-03-15,16.601942,16.622381,16.423096,16.550842,16.550842,3764400
2010-03-16,16.484415,16.612162,16.428205,16.576393,16.576393,2881200
2010-03-17,16.555952,16.770567,16.453756,16.642820,16.642820,2462100
2010-03-18,16.699030,16.714359,16.545732,16.632601,16.632601,1920200
2010-03-19,16.607052,16.872765,16.504854,16.607052,16.607052,4454500
2010-03-22,16.586613,17.005621,16.443537,16.954523,16.954523,3696500
2010-03-23,16.944302,17.066938,16.852325,17.041389,17.041389,4728800
2010-03-24,16.908533,17.169136,16.888094,17.097599,17.097599,4051100
2010-03-25,17.164026,17.312212,16.985182,17.066938,17.066938,3922800
2010-03-26,17.296883,17.296883,17.041389,17.164026,17.164026,3761100
2010-03-29,17.301992,17.480839,17.077158,17.169136,17.169136,3096900
2010-03-30,17.174246,17.557486,17.046499,17.496168,17.496168,4696800
2010-03-31,17.347982,17.399080,17.204905,17.266224,17.266224,4061100
2010-04-01,17.291773,17.312212,17.102709,17.276443,17.276443,3268100
2010-04-05,17.271334,17.445068,17.169136,17.429739,17.429739,3877500
2010-04-06,17.358202,17.715891,17.342873,17.690342,17.690342,4631800
2010-04-07,17.623915,17.634134,17.332651,17.429739,17.429739,5457600
2010-04-08,17.419519,17.511497,17.347982,17.399080,17.399080,4031600
2010-04-09,17.419519,17.823198,17.383751,17.797649,17.797649,3411200
2010-04-12,17.802759,17.818089,17.695452,17.726110,17.726110,2521500
2010-04-13,17.741442,17.879408,17.629025,17.864079,17.864079,3229800
2010-04-14,17.818089,18.053143,17.705671,18.053143,18.053143,3551500
2010-04-15,18.083801,18.104240,17.925396,17.976494,17.976494,3454600
2010-04-16,17.889627,18.231987,17.777210,17.981604,17.981604,7670800
2010-04-19,17.986713,18.165560,17.838528,18.058252,18.058252,3697900
2010-04-20,18.119572,18.441492,18.058252,18.405724,18.405724,3053800
2010-04-21,18.461931,18.753193,18.431273,18.625446,18.625446,6195800
2010-04-22,18.584568,18.737864,18.415943,18.717424,18.717424,4670500
2010-04-23,18.763412,19.115993,18.569239,19.059786,19.059786,5295600
2010-04-26,19.090445,19.115993,18.860500,18.906490,18.906490,4473700
2010-04-27,18.778744,18.891159,18.385284,18.441492,18.441492,5026500
2010-04-28,18.502810,18.625446,18.359734,18.523251,18.523251,3411200
2010-04-29,18.696985,19.248850,18.666327,19.161983,19.161983,8187500
2010-04-30,19.289730,19.984671,19.223301,19.790495,19.790495,8488400
2010-05-03,19.928461,20.132856,19.775166,20.112417,20.112417,6644200
2010-05-04,19.969341,19.984671,19.662748,19.862034,19.862034,5253500
2010-05-05,19.632090,19.708738,19.034237,19.207972,19.207972,4952700
2010-05-06,19.054676,19.499233,17.123148,18.559019,18.559019,5633600
2010-05-07,18.645887,18.932039,17.823198,18.012264,18.012264,6462000
2010-05-10,18.599897,19.754726,18.599897,19.289730,19.289730,6039400
2010-05-11,19.299950,19.596321,19.054676,19.494123,19.494123,4589500
2010-05-12,19.509453,19.800714,19.448135,19.785385,19.785385,2359100
2010-05-13,19.810936,19.979561,19.463465,19.463465,19.463465,2703900
2010-05-14,19.407255,19.478794,18.998466,19.156874,19.156874,3351300
2010-05-17,19.264179,19.351048,18.727644,19.008686,19.008686,4269500
2010-05-18,19.167093,19.299950,18.758303,18.952478,18.952478,3157800
2010-05-19,18.901381,19.223301,18.579458,18.932039,18.932039,5457800
2010-05-20,18.594788,18.794073,18.272867,18.288197,18.288197,5554100
2010-05-21,17.991825,18.722534,17.915176,18.610117,18.610117,6320700
2010-05-24,18.518141,18.819622,18.344404,18.594788,18.594788,3680300
2010-05-25,18.145121,18.671436,17.812979,18.630556,18.630556,5580900
2010-05-26,18.717424,19.437916,18.635666,19.018906,19.018906,5863300
2010-05-27,19.335718,19.785385,19.335718,19.780275,19.780275,3852500
2010-05-28,19.667858,19.739397,19.054676,19.243740,19.243740,5226100
2010-06-01,19.024015,19.529892,18.947369,18.947369,18.947369,3383000
2010-06-02,19.070005,19.964231,18.957588,19.964231,19.964231,9252500
2010-06-03,19.882473,20.204395,19.754726,19.867144,19.867144,5491300
2010-06-04,19.570772,19.606541,18.809402,18.880939,18.880939,5128500
2010-06-07,18.860500,19.054676,18.400614,18.426163,18.426163,3969500
2010-06-08,18.426163,18.456821,17.833418,18.329075,18.329075,6412500
2010-06-09,18.339294,18.778744,18.262648,18.313745,18.313745,4121600
2010-06-10,18.661217,19.427696,18.431273,19.407255,19.407255,4757000
2010-06-11,19.177313,19.683189,19.044456,19.678080,19.678080,4510600
2010-06-14,19.764946,19.928461,19.560553,19.601431,19.601431,3415300
2010-06-15,19.800714,20.204395,19.626980,20.199286,20.199286,4382300
2010-06-16,20.107307,20.281042,19.887583,20.015329,20.015329,4537800
2010-06-17,20.000000,20.183954,19.918242,20.086868,20.086868,3841300
2010-06-18,20.163515,20.291262,19.892693,20.061317,20.061317,4238200
2010-06-21,20.286152,20.505877,20.025549,20.117527,20.117527,5775800
2010-06-22,20.137966,20.347471,19.713848,19.775166,19.775166,8182000
2010-06-23,19.887583,19.918242,19.284618,19.514563,19.514563,5775100
2010-06-24,19.489014,19.529892,18.983137,19.059786,19.059786,7520300
2010-06-25,19.059786,19.345938,18.845171,19.228411,19.228411,40489900
2010-06-28,19.310169,19.432806,19.121103,19.131323,19.131323,6582500
2010-06-29,18.911600,18.978027,17.976494,18.119572,18.119572,5953100
2010-06-30,18.017374,18.610117,18.007154,18.247318,18.247318,6919300
2010-07-01,18.196218,18.451712,17.864079,18.441492,18.441492,5636300
2010-07-02,18.477261,18.574348,17.853857,18.083801,18.083801,3723100
2010-07-06,18.303526,18.528360,18.012264,18.206438,18.206438,3778100
2010-07-07,18.180889,18.564129,18.165560,18.533470,18.533470,4616300
2010-07-08,18.656107,18.712315,18.323965,18.564129,18.564129,3744100
2010-07-09,18.523251,18.650997,18.364843,18.543690,18.543690,4356800
2010-07-12,18.400614,18.533470,18.180889,18.364843,18.364843,3540900
2010-07-13,18.513031,18.850281,18.410833,18.702095,18.702095,4844300
2010-07-14,18.594788,18.860500,18.451712,18.717424,18.717424,3534900
2010-07-15,18.681656,18.727644,18.277977,18.543690,18.543690,3309600
2010-07-16,18.467041,18.528360,17.843637,17.879408,17.879408,4050900
2010-07-19,17.950945,18.196218,17.879408,18.104240,18.104240,2754400
2010-07-20,17.802759,18.329075,17.731222,18.298416,18.298416,3948000
2010-07-21,18.329075,18.359734,17.802759,17.874298,17.874298,4396000
2010-07-22,18.037813,18.507921,17.833418,18.451712,18.451712,3818400
2010-07-23,18.390394,18.901381,18.277977,18.891159,18.891159,3259700
2010-07-26,18.957588,19.565662,18.891159,19.565662,19.565662,3676000
2010-07-27,19.596321,19.688299,19.305059,19.407255,19.407255,2799000
2010-07-28,19.366377,19.407255,19.187532,19.340828,19.340828,2448500
2010-07-29,19.519672,19.698519,19.238630,19.448135,19.448135,2909000
2010-07-30,19.223301,19.826265,19.013796,19.729177,19.729177,4481300
2010-08-02,20.102198,20.434338,20.045988,20.112417,20.112417,5621800
2010-08-03,20.066429,20.301481,19.397036,19.621870,19.621870,8408600
2010-08-04,19.693409,19.729177,19.432806,19.601431,19.601431,3922600
2010-08-05,19.417477,19.606541,19.156874,19.591211,19.591211,4598500
2010-08-06,19.376596,19.565662,19.294840,19.514563,19.514563,4278500
2010-08-09,19.560553,19.560553,19.417477,19.529892,19.529892,2993200
2010-08-10,19.422586,19.754726,19.320389,19.708738,19.708738,4530400
2010-08-11,19.417477,19.453245,19.156874,19.381706,19.381706,4887600
2010-08-12,19.161983,19.274399,18.937149,19.090445,19.090445,4093800
2010-08-13,18.962698,19.182423,18.926929,19.008686,19.008686,3397500
2010-08-16,18.906490,18.967808,18.732754,18.891159,18.891159,2181400
2010-08-17,19.024015,19.432806,18.891159,19.289730,19.289730,2937000
2010-08-18,19.248850,19.642309,19.105774,19.437916,19.437916,1961500
2010-08-19,19.305059,19.422586,19.008686,19.095554,19.095554,2271600
2010-08-20,19.039347,19.356157,18.901381,19.325499,19.325499,3907100
2010-08-23,19.422586,19.570772,19.182423,19.310169,19.310169,2051500
2010-08-24,19.141542,19.182423,18.804293,18.809402,18.809402,2609000
2010-08-25,18.681656,18.891159,18.492590,18.804293,18.804293,2206300
2010-08-26,18.855391,19.126213,18.834951,18.998466,18.998466,3592000
2010-08-27,19.167093,19.468575,18.850281,19.412365,19.412365,2575400
2010-08-30,19.376596,19.626980,19.284618,19.284618,19.284618,1964400
2010-08-31,19.187532,19.524782,19.146652,19.289730,19.289730,2973200
2010-09-01,19.540112,20.056208,19.529892,19.897802,19.897802,3909400
2010-09-02,19.959122,20.199286,19.923351,20.153296,20.153296,2244400
2010-09-03,20.373020,20.705160,20.214615,20.531425,20.531425,2230700
2010-09-07,20.148186,20.352581,19.892693,20.020439,20.020439,2217800
2010-09-08,20.051098,20.321920,19.943792,20.000000,20.000000,2548000
2010-09-09,20.235054,20.286152,19.897802,20.000000,20.000000,2391200
2010-09-10,20.000000,20.194174,19.913132,20.178844,20.178844,1195700
2010-09-13,20.357691,20.608074,20.301481,20.373020,20.373020,1977100
2010-09-14,20.357691,20.689831,20.240164,20.669392,20.669392,3652700
2010-09-15,20.792028,21.517630,20.725601,21.226366,21.226366,5883300
2010-09-16,21.241697,21.364334,20.889116,21.236588,21.236588,3662500
2010-09-17,21.405212,21.553398,21.221256,21.456310,21.456310,4364800
2010-09-20,21.584057,22.258558,21.425652,22.161472,22.161472,4332700
2010-09-21,22.238119,22.565151,22.023506,22.095043,22.095043,3486700
2010-09-22,22.095043,22.278999,21.650486,21.722023,21.722023,4258000
2010-09-23,21.589167,22.038836,21.435871,21.722023,21.722023,2296300
2010-09-24,22.084824,22.289219,22.033726,22.248339,22.248339,3874000
2010-09-27,22.227900,22.473173,22.120592,22.350536,22.350536,2372200
2010-09-28,22.304548,22.406746,22.130812,22.324987,22.324987,3274400
2010-09-29,22.233009,22.370975,22.089933,22.227900,22.227900,1806100
2010-09-30,22.427185,22.682678,22.187021,22.253448,22.253448,3381100
2010-10-01,22.381195,22.381195,21.962187,22.110373,22.110373,2869700
2010-10-04,22.023506,22.161472,21.716913,21.768013,21.768013,4177000
2010-10-05,21.957077,22.493612,21.834440,22.427185,22.427185,4873300
2010-10-06,22.427185,22.524271,21.972406,22.141031,22.141031,3258700
2010-10-07,22.263668,22.432295,22.141031,22.401634,22.401634,2260700
2010-10-08,22.468063,22.498722,22.023506,22.192131,22.192131,2899800
2010-10-11,22.176802,22.324987,22.033726,22.079714,22.079714,1785500
2010-10-12,22.054165,22.314768,21.747572,22.222790,22.222790,1965200
2010-10-13,22.324987,22.636688,22.324987,22.457844,22.457844,2305100
2010-10-14,22.176802,22.422075,21.916199,22.069494,22.069494,3595400
2010-10-15,22.319878,22.319878,21.798672,22.069494,22.069494,2782000
2010-10-18,22.084824,22.192131,21.977516,22.115482,22.115482,1694900
2010-10-19,21.865099,22.135921,21.645376,21.798672,21.798672,2951500
2010-10-20,21.875319,22.422075,21.783342,22.161472,22.161472,2182400
2010-10-21,22.294329,22.652018,22.059275,22.176802,22.176802,1955600
2010-10-22,22.273890,22.432295,22.110373,22.345427,22.345427,1334600
2010-10-25,22.524271,23.086357,22.468063,22.626469,22.626469,3953700
2010-10-26,22.549822,22.830864,22.406746,22.784874,22.784874,2021300
2010-10-27,22.590700,22.989269,22.401634,22.973940,22.973940,3893200
2010-10-28,23.137455,23.208994,22.805315,22.979050,22.979050,2760500
2010-10-29,22.841084,22.861523,22.580481,22.825754,22.825754,3388900
2010-11-01,22.953501,23.086357,22.544712,22.687788,22.687788,2205900
2010-11-02,22.984159,23.081247,22.687788,22.733776,22.733776,3467400
2010-11-03,21.865099,22.018396,21.538069,21.768013,21.768013,8625800
2010-11-04,21.967297,22.038836,21.303015,21.435871,21.435871,5138800
2010-11-05,21.456310,21.538069,20.986204,21.006643,21.006643,4863300
2010-11-08,21.027082,21.205927,20.812468,20.935104,20.935104,4050700
2010-11-09,20.960653,21.042412,20.643843,20.710270,20.710270,4371500
2010-11-10,20.730711,21.124170,20.526316,21.032192,21.032192,5476400
2010-11-11,20.909555,20.945324,20.587635,20.746040,20.746040,5125700
2010-11-12,20.700050,20.858458,20.551865,20.643843,20.643843,3337400
2010-11-15,20.746040,20.761370,20.444557,20.556974,20.556974,4203400
2010-11-16,20.439447,20.608074,20.245274,20.577414,20.577414,4793000
2010-11-17,20.792028,21.287685,20.679611,21.287685,21.287685,9117400
2010-11-18,21.548288,21.834440,21.461420,21.660706,21.660706,4676600
2010-11-19,21.676035,21.778233,21.451200,21.635157,21.635157,2615500
2010-11-22,21.563618,21.599386,21.297905,21.507410,21.507410,2954200
2010-11-23,21.313234,21.313234,20.914665,21.052631,21.052631,2924500
2010-11-24,21.170158,21.594276,21.170158,21.507410,21.507410,2047800
2010-11-26,21.328564,21.624937,21.251917,21.527849,21.527849,1295100
2010-11-29,21.318344,21.318344,20.848238,21.175268,21.175268,3924300
2010-11-30,20.929995,21.195707,20.817577,20.838017,20.838017,7354900
2010-12-01,21.144609,21.231476,20.751150,21.124170,21.124170,4805800
2010-12-02,21.073071,21.624937,21.073071,21.522739,21.522739,2671300
2010-12-03,21.476749,21.957077,21.389883,21.931528,21.931528,2827000
2010-12-06,21.844660,22.013287,21.732243,21.916199,21.916199,2936000
2010-12-07,22.089933,22.248339,21.962187,22.028616,22.028616,5415400
2010-12-08,22.054165,22.166582,21.716913,21.814001,21.814001,2324700
2010-12-09,21.911089,21.916199,21.532959,21.681145,21.681145,2598800
2010-12-10,21.752682,21.762903,21.512520,21.706694,21.706694,2928400
2010-12-13,21.829330,21.957077,21.420542,21.471640,21.471640,3084000
2010-12-14,21.522739,21.584057,21.405212,21.502300,21.502300,1440300
2010-12-15,21.481859,21.737352,21.338783,21.364334,21.364334,2250900
2010-12-16,21.364334,21.573837,21.093510,21.553398,21.553398,2139500
2010-12-17,21.543179,21.727133,21.297905,21.701584,21.701584,4581700
2010-12-20,21.911089,21.911089,21.507410,21.676035,21.676035,1765800
2010-12-21,21.793562,21.865099,21.660706,21.824221,21.824221,1733900
2010-12-22,21.829330,21.941748,21.737352,21.859989,21.859989,2688500
2010-12-23,21.854879,21.957077,21.471640,21.538069,21.538069,2437800
2010-12-27,21.527849,21.527849,21.277466,21.394993,21.394993,1547300
2010-12-28,21.471640,21.548288,21.154829,21.359222,21.359222,1450300
2010-12-29,21.359222,21.645376,21.257027,21.563618,21.563618,1512700
2010-12-30,21.532959,21.532959,21.200817,21.359222,21.359222,2632700
2010-12-31,21.297905,21.573837,21.185488,21.308125,21.308125,2013900
2011-01-03,21.461420,21.589167,21.313234,21.466530,21.466530,2657400
2011-01-04,21.502300,21.507410,21.113951,21.170158,21.170158,2702200
2011-01-05,21.098619,21.195707,20.613184,20.720491,20.720491,6198900
2011-01-06,20.679611,20.684721,20.454779,20.597855,20.597855,5426300
2011-01-07,20.597855,20.643843,20.286152,20.602964,20.602964,5152900
2011-01-10,20.281042,20.500767,20.168625,20.347471,20.347471,4164300
2011-01-11,20.459888,20.541645,20.332142,20.413898,20.413898,3020800
2011-01-12,20.495657,20.495657,20.127747,20.265713,20.265713,5005000
2011-01-13,20.275932,20.286152,19.800714,19.841595,19.841595,5963900
2011-01-14,19.826265,19.831375,19.264179,19.703629,19.703629,7588600
2011-01-18,19.805826,20.199286,19.632090,20.168625,20.168625,5288900
2011-01-19,20.183954,20.419008,20.081758,20.178844,20.178844,6372300
2011-01-20,20.500767,20.531425,20.229944,20.327032,20.327032,4793200
2011-01-21,20.475218,20.710270,20.347471,20.459888,20.459888,4296000
2011-01-24,20.449667,20.628513,20.132856,20.480328,20.480328,3448200
2011-01-25,20.439447,20.505877,19.913132,20.168625,20.168625,3105300
2011-01-26,20.183954,20.204395,20.020439,20.122637,20.122637,3177700
2011-01-27,20.102198,20.419008,20.071539,20.091978,20.091978,2024900
2011-01-28,20.066429,20.235054,19.718958,19.754726,19.754726,3413900
2011-01-31,19.754726,20.030659,19.708738,19.928461,19.928461,2483400
2011-02-01,19.427696,19.959122,19.223301,19.928461,19.928461,4759400
2011-02-02,19.841595,20.444557,19.836485,20.286152,20.286152,2883000
2011-02-03,20.403679,21.037302,20.347471,21.021973,21.021973,4161300
2011-02-04,21.042412,21.303015,20.802248,21.303015,21.303015,3138800
2011-02-07,21.374554,21.655596,21.231476,21.599386,21.599386,5144900
2011-02-08,21.655596,22.003065,21.481859,21.742462,21.742462,3421200
2011-02-09,21.660706,22.171692,21.609606,21.911089,21.911089,2543500
2011-02-10,21.762903,22.100153,21.548288,22.100153,22.100153,3853500
2011-02-11,21.502300,22.406746,21.267246,22.355646,22.355646,6611100
2011-02-14,22.396524,22.483393,21.946857,22.192131,22.192131,2986100
2011-02-15,22.074604,22.422075,21.997955,22.345427,22.345427,2264200
2011-02-16,22.391415,22.652018,22.391415,22.570261,22.570261,1704500
2011-02-17,22.483393,22.493612,22.069494,22.130812,22.130812,2986100
2011-02-18,22.166582,22.447624,22.054165,22.437405,22.437405,3034300
2011-02-22,22.238119,22.243229,21.732243,21.921309,21.921309,2312700
2011-02-23,21.911089,21.916199,21.313234,21.604496,21.604496,3551300
2011-02-24,21.645376,21.875319,21.492079,21.778233,21.778233,2112900
2011-02-25,21.895760,22.100153,21.834440,21.926418,21.926418,1837800
2011-02-28,21.926418,22.043945,21.757793,22.028616,22.028616,2982200
2011-03-01,22.064384,22.064384,21.379663,21.415432,21.415432,2892200
2011-03-02,21.389883,21.711803,21.343893,21.584057,21.584057,2777100
2011-03-03,21.757793,21.895760,21.619825,21.844660,21.844660,2541500
2011-03-04,21.788452,21.839550,21.272356,21.430761,21.430761,3557000
2011-03-07,21.420542,21.486969,20.996424,21.190598,21.190598,2831900
2011-03-08,21.246807,21.328564,20.950434,21.195707,21.195707,2834100
2011-03-09,21.185488,21.282576,20.889116,21.078180,21.078180,2259700
2011-03-10,20.807358,20.878897,20.521206,20.700050,20.700050,2354800
2011-03-11,20.710270,21.078180,20.679611,20.914665,20.914665,2548000
2011-03-14,20.812468,20.817577,20.332142,20.526316,20.526316,2736000
2011-03-15,20.137966,20.444557,20.081758,20.301481,20.301481,3722600
2011-03-16,20.204395,20.260603,19.703629,19.805826,19.805826,3873400
2011-03-17,20.071539,20.158405,19.713848,19.836485,19.836485,3615700
2011-03-18,20.127747,20.178844,19.913132,20.051098,20.051098,3810400
2011-03-21,20.260603,20.577414,20.168625,20.419008,20.419008,2746400
2011-03-22,20.413898,20.459888,20.102198,20.219725,20.219725,1654000
2011-03-23,20.132856,20.281042,19.724068,20.224834,20.224834,2540500
2011-03-24,20.342361,20.434338,20.204395,20.214615,20.214615,1768900
2011-03-25,20.275932,20.332142,20.061317,20.102198,20.102198,3683000
2011-03-28,20.102198,20.163515,19.821156,19.928461,19.928461,2516700
2011-03-29,19.897802,19.928461,19.662748,19.724068,19.724068,5057000
2011-03-30,19.831375,20.459888,19.800714,20.439447,20.439447,4511800
2011-03-31,20.337252,20.521206,20.337252,20.388350,20.388350,3287300
2011-04-01,20.480328,20.858458,20.459888,20.648952,20.648952,2673200
2011-04-04,20.715382,20.771589,20.648952,20.684721,20.684721,2075000
2011-04-05,20.618294,20.797138,20.490547,20.654062,20.654062,2711200
2011-04-06,20.694941,20.766479,20.582523,20.608074,20.608074,3060900
2011-04-07,20.551865,20.664282,20.413898,20.572304,20.572304,3642700
2011-04-08,20.592745,20.643843,20.398569,20.475218,20.475218,2104300
2011-04-11,20.505877,20.551865,20.367910,20.551865,20.551865,1682000
2011-04-12,20.378130,20.551865,20.342361,20.444557,20.444557,2232100
2011-04-13,20.546755,20.659172,20.490547,20.577414,20.577414,2794200
2011-04-14,20.434338,20.582523,20.383240,20.495657,20.495657,2220900
2011-04-15,20.541645,20.694941,20.388350,20.470108,20.470108,3231300
2011-04-18,20.219725,20.459888,20.183954,20.444557,20.444557,3365400
2011-04-19,20.577414,20.730711,20.419008,20.710270,20.710270,3146400
2011-04-20,20.935104,21.149719,20.894226,21.134390,21.134390,3107500
2011-04-21,21.170158,21.175268,20.965763,21.139500,21.139500,1907000
2011-04-25,21.211037,21.369444,21.119061,21.338783,21.338783,2593000
2011-04-26,21.354113,21.420542,21.103729,21.185488,21.185488,2739800
2011-04-27,21.195707,21.686255,21.154829,21.660706,21.660706,3942700
2011-04-28,21.624937,22.478283,21.624937,22.043945,22.043945,5675300
2011-04-29,22.263668,22.749105,22.192131,22.616249,22.616249,4892500
2011-05-02,22.554932,23.086357,22.554932,22.815535,22.815535,3829200
2011-05-03,22.743996,22.953501,22.723557,22.789984,22.789984,3627800
2011-05-04,22.897291,23.030148,22.422075,22.585590,22.585590,3900800
2011-05-05,22.498722,22.789984,22.284109,22.560041,22.560041,3252700
2011-05-06,22.861523,23.096577,22.703117,22.820644,22.820644,2674000
2011-05-09,22.866632,22.897291,22.585590,22.606030,22.606030,2705300
2011-05-10,22.662237,22.948391,22.662237,22.846193,22.846193,2956800
2011-05-11,22.825754,22.825754,22.345427,22.422075,22.422075,2769500
2011-05-12,22.396524,22.994379,22.365866,22.953501,22.953501,3306100
2011-05-13,22.912621,22.933062,22.575371,22.621359,22.621359,2556400
2011-05-16,22.585590,22.764435,22.268778,22.294329,22.294329,3062900
2011-05-17,22.238119,22.519161,22.110373,22.401634,22.401634,1904300
2011-05-18,22.422075,23.117016,22.355646,23.091467,23.091467,2847200
2011-05-19,23.168114,23.408278,23.101686,23.173223,23.173223,3196700
2011-05-20,23.168114,23.193665,22.754215,22.856413,22.856413,2257000
2011-05-23,22.554932,22.784874,22.503832,22.606030,22.606030,1570400
2011-05-24,22.713337,22.723557,22.289219,22.299438,22.299438,2334500
2011-05-25,22.197241,22.268778,22.043945,22.141031,22.141031,3742900
2011-05-26,22.038836,22.278999,21.905979,22.171692,22.171692,3673400
2011-05-27,22.273890,22.401634,22.207460,22.335207,22.335207,2033500
2011-05-31,22.478283,22.508942,22.028616,22.258558,22.258558,3582800
2011-06-01,22.151253,22.350536,21.793562,21.824221,21.824221,3587300
2011-06-02,21.803782,22.074604,21.691364,21.768013,21.768013,2835300
2011-06-03,21.502300,21.722023,21.420542,21.440981,21.440981,2428200
2011-06-06,21.354113,21.440981,20.950434,20.981094,20.981094,3128200
2011-06-07,21.088400,21.282576,20.986204,21.144609,21.144609,2634700
2011-06-08,21.073071,21.103729,20.715382,20.771589,20.771589,2464200
2011-06-09,20.858458,21.021973,20.756260,20.929995,20.929995,2958900
2011-06-10,20.822687,20.873787,20.398569,20.424118,20.424118,3351500
2011-06-13,20.562084,20.705160,20.408789,20.434338,20.434338,3666200
2011-06-14,20.689831,20.725601,20.562084,20.684721,20.684721,3554800
2011-06-15,20.480328,20.766479,20.306591,20.327032,20.327032,4564100
2011-06-16,20.347471,20.556974,20.204395,20.546755,20.546755,5780900
2011-06-17,20.751150,20.904446,20.633623,20.648952,20.648952,3855600
2011-06-20,20.526316,20.940214,20.526316,20.909555,20.909555,3262700
2011-06-21,20.981094,21.522739,20.981094,21.481859,21.481859,4522400
2011-06-22,21.349003,21.486969,21.241697,21.303015,21.303015,2353200
2011-06-23,20.291262,20.802248,20.291262,20.766479,20.766479,4249400
2011-06-24,20.756260,20.766479,20.429228,20.551865,20.551865,6674900
2011-06-27,20.562084,20.705160,20.398569,20.623404,20.623404,2501400
2011-06-28,20.705160,20.899336,20.643843,20.884007,20.884007,1786500
2011-06-29,20.945324,21.124170,20.792028,20.792028,20.792028,3642700
2011-06-30,20.970873,21.211037,20.924885,20.929995,20.929995,4644900
2011-07-01,20.940214,21.405212,20.889116,21.292795,21.292795,2393600
2011-07-05,21.308125,21.630047,21.190598,21.497190,21.497190,2664800
2011-07-06,21.430761,21.461420,21.221256,21.262136,21.262136,2734500
2011-07-07,21.502300,21.727133,21.389883,21.716913,21.716913,4909300
2011-07-08,21.415432,21.604496,21.313234,21.425652,21.425652,3031700
2011-07-11,21.165049,21.430761,21.119061,21.246807,21.246807,3583600
2011-07-12,21.211037,21.594276,21.200817,21.400103,21.400103,3243100
2011-07-13,21.461420,21.609606,21.303015,21.369444,21.369444,2902800
2011-07-14,21.553398,21.553398,21.144609,21.251917,21.251917,3200400
2011-07-15,21.308125,21.394993,21.073071,21.257027,21.257027,3642900
2011-07-18,21.119061,21.190598,20.659172,20.740931,20.740931,2691800
2011-07-19,20.884007,21.027082,20.822687,20.935104,20.935104,2384600
2011-07-20,20.889116,20.996424,20.439447,20.546755,20.546755,5162900
2011-07-21,20.730711,20.945324,20.684721,20.832907,20.832907,4286800
2011-07-22,20.873787,21.021973,20.720491,20.970873,20.970873,3513900
2011-07-25,20.720491,20.746040,20.434338,20.464998,20.464998,4865200
2011-07-26,20.429228,20.516096,20.352581,20.393459,20.393459,4824000
2011-07-27,20.347471,20.500767,20.183954,20.398569,20.398569,5929900
2011-07-28,20.429228,20.838017,20.347471,20.572304,20.572304,3902600
2011-07-29,20.342361,20.562084,20.281042,20.337252,20.337252,3587300
2011-08-01,20.419008,20.510986,19.770056,20.040878,20.040878,6990500
2011-08-02,19.887583,20.112417,19.483904,19.489014,19.489014,4734300
2011-08-03,19.514563,19.713848,18.737864,19.519672,19.519672,12041000
2011-08-04,19.550333,19.872253,18.763412,18.783854,18.783854,9849500
2011-08-05,19.054676,19.161983,18.369953,19.029127,19.029127,9431500
2011-08-08,18.758303,18.768524,17.756771,17.756771,17.756771,11687300
2011-08-09,18.114460,19.034237,18.022484,19.008686,19.008686,10014100
2011-08-10,18.579458,19.136433,18.329075,18.477261,18.477261,8796700
2011-08-11,18.599897,19.744507,18.599897,19.509453,19.509453,7704100
2011-08-12,19.770056,20.107307,19.575882,19.943792,19.943792,6143400
2011-08-15,20.056208,20.209505,19.846704,20.183954,20.183954,2875600
2011-08-16,19.943792,20.321920,19.805826,20.143076,20.143076,3861300
2011-08-17,20.214615,20.439447,19.800714,20.010220,20.010220,2440300
2011-08-18,19.504343,19.504343,18.380175,18.635666,18.635666,7287800
2011-08-19,18.298416,18.988247,18.298416,18.559019,18.559019,5140000
2011-08-22,18.916710,19.003576,18.456821,18.538580,18.538580,4073400
2011-08-23,18.605007,19.284618,18.482370,19.284618,19.284618,3424700
2011-08-24,19.177313,19.790495,19.070005,19.764946,19.764946,3790100
2011-08-25,19.836485,20.015329,19.478794,19.514563,19.514563,2998300
2011-08-26,19.351048,20.219725,19.238630,20.194174,20.194174,4043300
2011-08-29,20.393459,20.771589,20.316811,20.756260,20.756260,2649900
2011-08-30,20.766479,21.451200,20.694941,21.251917,21.251917,3361700
2011-08-31,21.359222,21.696474,21.292795,21.604496,21.604496,3822000
2011-09-01,21.558508,21.691364,21.134390,21.139500,21.139500,3997500
2011-09-02,20.776699,21.006643,20.608074,20.613184,20.613184,3345400
2011-09-06,19.902912,20.434338,19.759836,20.321920,20.321920,4371300
2011-09-07,20.439447,20.664282,20.291262,20.633623,20.633623,3480900
2011-09-08,20.531425,20.689831,20.153296,20.173735,20.173735,3748400
2011-09-09,19.954012,20.117527,19.432806,19.575882,19.575882,4653300
2011-09-12,19.294840,19.606541,18.875830,19.305059,19.305059,4457000
2011-09-13,19.351048,19.708738,19.223301,19.626980,19.626980,2824100
2011-09-14,19.764946,20.291262,19.509453,20.040878,20.040878,2703300
2011-09-15,20.260603,20.516096,19.954012,20.505877,20.505877,3246000
2011-09-16,20.664282,20.894226,20.291262,20.521206,20.521206,4392200
2011-09-19,20.219725,20.327032,19.877363,20.245274,20.245274,3264200
2011-09-20,20.367910,20.597855,20.229944,20.306591,20.306591,2602400
2011-09-21,20.434338,21.027082,20.281042,20.403679,20.403679,5748200
2011-09-22,19.902912,20.117527,19.397036,19.795605,19.795605,6520900
2011-09-23,19.775166,20.582523,19.647419,20.388350,20.388350,4087700
2011-09-26,20.613184,21.313234,20.439447,21.287685,21.287685,5189300
2011-09-27,21.691364,21.854879,21.221256,21.349003,21.349003,4012400
2011-09-28,21.415432,21.415432,20.265713,20.316811,20.316811,5039200
2011-09-29,20.659172,20.710270,19.412365,19.693409,19.693409,5323200
2011-09-30,19.478794,19.601431,19.151762,19.223301,19.223301,4366000
2011-10-03,19.161983,19.264179,18.742973,18.768524,18.768524,4894000
2011-10-04,18.533470,19.320389,18.216658,19.289730,19.289730,4082400
2011-10-05,19.356157,19.483904,18.967808,19.391926,19.391926,3444900
2011-10-06,19.407255,19.729177,19.182423,19.724068,19.724068,1619000
2011-10-07,19.831375,19.831375,19.264179,19.463465,19.463465,3245000
2011-10-10,19.780275,20.066429,19.703629,19.994890,19.994890,2508200
2011-10-11,19.969341,20.638733,19.846704,20.475218,20.475218,4038400
2011-10-12,20.684721,20.909555,20.541645,20.761370,20.761370,2825700
2011-10-13,20.587635,20.827797,20.449667,20.746040,20.746040,1893000
2011-10-14,21.021973,21.349003,20.929995,21.338783,21.338783,2317800
2011-10-17,21.277466,21.364334,20.807358,20.863567,20.863567,1974800
2011-10-18,20.863567,21.400103,20.602964,21.241697,21.241697,1929400
2011-10-19,21.241697,21.349003,20.914665,20.986204,20.986204,1674400
2011-10-20,21.021973,21.124170,20.807358,20.981094,20.981094,3019000
2011-10-21,21.231476,21.793562,21.231476,21.757793,21.757793,3428200
2011-10-24,21.819111,22.120592,21.722023,21.977516,21.977516,2203500
2011-10-25,21.778233,21.957077,21.486969,21.538069,21.538069,1713900
2011-10-26,21.471640,21.599386,21.349003,21.486969,21.486969,3415700
2011-10-27,22.074604,22.130812,21.829330,22.008175,22.008175,3513500
2011-10-28,21.977516,22.018396,21.686255,21.885540,21.885540,2514900
2011-10-31,21.752682,22.416965,21.670925,22.207460,22.207460,5126300
2011-11-01,21.502300,22.294329,21.287685,21.599386,21.599386,6574700
2011-11-02,22.207460,22.539602,21.859989,22.493612,22.493612,7919100
2011-11-03,22.626469,22.769545,22.258558,22.698008,22.698008,3358700
2011-11-04,22.488503,22.606030,22.253448,22.493612,22.493612,2500200
2011-11-07,22.493612,22.621359,22.253448,22.580481,22.580481,1908000
2011-11-08,22.698008,23.065918,22.396524,23.025038,23.025038,2526200
2011-11-09,22.253448,22.416965,21.303015,21.461420,21.461420,5066600
2011-11-10,21.824221,21.824221,21.103729,21.497190,21.497190,4935500
2011-11-11,21.701584,22.187021,21.614716,22.171692,22.171692,2753100
2011-11-14,22.125702,22.166582,21.814001,21.916199,21.916199,2409600
2011-11-15,21.798672,21.875319,21.333673,21.466530,21.466530,4338000
2011-11-16,21.216146,21.640266,21.088400,21.180378,21.180378,2768700
2011-11-17,21.119061,21.175268,20.715382,20.807358,20.807358,2732500
2011-11-18,20.924885,20.955544,20.648952,20.756260,20.756260,2156800
2011-11-21,20.526316,20.602964,20.168625,20.485437,20.485437,2712500
2011-11-22,20.526316,20.853348,20.449667,20.735821,20.735821,2697300
2011-11-23,20.383240,20.454779,19.933571,19.948902,19.948902,3412800
2011-11-25,19.913132,20.250383,19.856924,20.040878,20.040878,861400
2011-11-28,20.536535,20.781809,20.373020,20.556974,20.556974,2472000
2011-11-29,20.602964,20.838017,20.439447,20.567194,20.567194,2767900
2011-11-30,21.108841,21.471640,21.011753,21.451200,21.451200,3421400
2011-12-01,21.430761,21.451200,20.991314,21.042412,21.042412,2726600
2011-12-02,21.205927,21.374554,21.103729,21.200817,21.200817,2917100
2011-12-05,21.558508,21.584057,21.037302,21.277466,21.277466,2693600
2011-12-06,21.303015,21.440981,21.241697,21.379663,21.379663,2131100
2011-12-07,21.303015,21.492079,20.950434,21.354113,21.354113,2440500
2011-12-08,21.180378,21.236588,20.909555,20.975985,20.975985,6153700
2011-12-09,21.078180,21.481859,21.032192,21.415432,21.415432,2644600
2011-12-12,21.308125,21.318344,20.863567,21.211037,21.211037,3574400
2011-12-13,21.267246,21.507410,20.986204,21.062851,21.062851,2881600
2011-12-14,21.139500,21.195707,20.516096,20.531425,20.531425,3183200
2011-12-15,20.710270,20.924885,20.505877,20.541645,20.541645,2692400
2011-12-16,20.705160,20.746040,20.281042,20.526316,20.526316,7172200
2011-12-19,20.505877,20.802248,20.097088,20.132856,20.132856,2346000
2011-12-20,20.470108,20.894226,20.352581,20.715382,20.715382,2360700
2011-12-21,20.827797,20.868677,20.505877,20.608074,20.608074,2135800
2011-12-22,20.679611,20.746040,20.464998,20.623404,20.623404,2288100
2011-12-23,20.679611,20.740931,20.613184,20.705160,20.705160,2161700
2011-12-27,20.648952,20.802248,20.439447,20.659172,20.659172,1964400
2011-12-28,20.705160,20.914665,20.608074,20.776699,20.776699,2062400
2011-12-29,20.817577,20.975985,20.766479,20.950434,20.950434,3153700
2011-12-30,20.991314,21.103729,20.935104,20.935104,20.935104,1847900
2012-01-03,21.446091,21.527849,20.853348,20.884007,20.884007,3130800
2012-01-04,20.878897,20.986204,20.756260,20.940214,20.940214,2604500
2012-01-05,20.786919,20.986204,20.562084,20.970873,20.970873,2821900
2012-01-06,20.894226,21.129280,20.817577,21.098619,21.098619,2015300
2012-01-09,21.057741,21.277466,21.027082,21.236588,21.236588,2228200
2012-01-10,21.446091,21.701584,21.379663,21.640266,21.640266,2490000
2012-01-11,21.532959,22.049055,20.868677,21.957077,21.957077,3487500
2012-01-12,22.003065,22.263668,21.865099,22.243229,22.243229,2658900
2012-01-13,22.089933,22.314768,22.043945,22.146143,22.146143,1854600
2012-01-17,22.483393,22.595810,22.278999,22.330097,22.330097,1584500
2012-01-18,22.294329,22.488503,22.135921,22.478283,22.478283,1451300
2012-01-19,22.478283,22.902401,22.376085,22.846193,22.846193,2071400
2012-01-20,22.866632,22.866632,22.335207,22.381195,22.381195,3421600
2012-01-23,22.360756,22.600920,22.166582,22.319878,22.319878,2400000
2012-01-24,22.202351,22.432295,22.156363,22.330097,22.330097,1487700
2012-01-25,22.319878,22.805315,22.289219,22.728666,22.728666,1698400
2012-01-26,22.841084,22.881962,22.560041,22.657127,22.657127,1986100
2012-01-27,22.575371,22.590700,22.273890,22.314768,22.314768,1504300
2012-01-30,22.151253,22.187021,21.824221,21.982626,21.982626,2717200
2012-01-31,22.130812,22.181911,21.870209,21.911089,21.911089,2779500
2012-02-01,22.146143,22.319878,22.003065,22.207460,22.207460,2334700
2012-02-02,22.156363,22.386305,21.895760,22.330097,22.330097,4672700
2012-02-03,22.514051,22.861523,22.493612,22.820644,22.820644,3877900
2012-02-06,22.677568,22.933062,22.636688,22.805315,22.805315,1730500
2012-02-07,22.723557,23.208994,22.662237,23.142565,23.142565,2799800
2012-02-08,23.096577,23.387838,22.989269,23.173223,23.173223,2131700
2012-02-09,23.208994,23.219213,22.927952,23.004599,23.004599,2404700
2012-02-10,22.851303,22.968830,22.759325,22.887072,22.887072,2142300
2012-02-13,23.132345,23.157894,22.963720,23.076138,23.076138,1800600
2012-02-14,23.030148,23.137455,22.887072,23.096577,23.096577,1462800
2012-02-15,23.203884,23.398058,23.132345,23.377619,23.377619,4105700
2012-02-16,23.740419,23.811956,22.708227,22.963720,22.963720,4316900
2012-02-17,23.035257,23.244762,21.865099,23.106796,23.106796,4309100
2012-02-21,23.157894,23.173223,22.703117,22.795095,22.795095,2126400
2012-02-22,22.728666,22.846193,22.493612,22.611139,22.611139,2300000
2012-02-23,22.560041,22.657127,22.478283,22.565151,22.565151,2813300
2012-02-24,22.703117,22.779764,22.508942,22.754215,22.754215,2269900
2012-02-27,22.503832,22.933062,22.503832,22.769545,22.769545,2086100
2012-02-28,22.912621,23.387838,22.810425,23.367399,23.367399,3718100
2012-02-29,23.254982,23.960142,23.219213,23.837507,23.837507,4024500
2012-03-01,23.817066,23.929483,23.520695,23.771078,23.771078,3068500
2012-03-02,23.791517,24.358713,23.714870,24.200306,24.200306,4659400
2012-03-05,24.103220,24.399591,24.031681,24.282064,24.282064,3058700
2012-03-06,24.072559,24.190086,23.658661,23.796627,23.796627,3153300
2012-03-07,23.822176,23.914154,23.622892,23.786407,23.786407,2347000
2012-03-08,23.842617,24.169647,23.842617,24.057230,24.057230,1741700
2012-03-09,24.144098,24.220745,24.021461,24.108330,24.108330,1715300
2012-03-12,23.898825,24.016352,23.612673,23.868166,23.868166,4013400
2012-03-13,23.975473,24.680634,23.883495,24.603985,24.603985,3708700
2012-03-14,24.517118,24.782831,24.394482,24.481350,24.481350,3254800
2012-03-15,24.506899,24.598875,24.200306,24.460909,24.460909,1870600
2012-03-16,24.343382,24.563107,24.047010,24.491570,24.491570,4159900
2012-03-19,24.414921,24.644865,24.389372,24.573326,24.573326,1351100
2012-03-20,24.420031,24.471128,24.093000,24.230967,24.230967,1846200
2012-03-21,24.307613,24.752172,24.276955,24.695963,24.695963,2329200
2012-03-22,24.578436,24.695963,24.409811,24.619316,24.619316,1860100
2012-03-23,24.603985,24.767502,24.343382,24.731731,24.731731,1670100
2012-03-26,24.885029,25.002556,24.798161,24.941236,24.941236,1968700
2012-03-27,25.002556,25.314257,24.910578,25.293818,25.293818,3657800
2012-03-28,25.237608,25.344915,25.125191,25.227388,25.227388,4641200
2012-03-29,25.155851,25.268269,24.920797,25.247828,25.247828,2812900
2012-03-30,25.666838,25.998978,25.421564,25.855902,25.855902,3935700
2012-04-02,25.794584,26.116505,25.769033,26.055187,26.055187,3005500
2012-04-03,26.004087,26.218702,25.886560,26.101175,26.101175,2598800
2012-04-04,25.712826,26.090956,25.452223,26.024527,26.024527,3289300
2012-04-05,26.034746,26.504854,25.901890,26.438427,26.438427,2902800
2012-04-09,25.845682,26.085846,25.804804,25.968319,25.968319,3987300
2012-04-10,25.932550,26.039858,25.355135,25.416454,25.416454,2651700
2012-04-11,25.733265,26.050077,25.733265,25.912111,25.912111,2384900
2012-04-12,26.014307,26.280020,25.901890,26.208483,26.208483,3115300
2012-04-13,26.239141,26.607052,26.162493,26.417986,26.417986,2991000
2012-04-16,26.586613,26.591722,26.320900,26.515074,26.515074,3285900
2012-04-17,26.693920,26.826777,26.515074,26.780787,26.780787,2934500
2012-04-18,26.627491,26.796116,26.545732,26.653040,26.653040,1899600
2012-04-19,26.704140,26.811445,26.438427,26.515074,26.515074,2641900
2012-04-20,26.576393,26.862545,26.443537,26.806335,26.806335,4138800
2012-04-23,26.571283,26.586613,26.157383,26.336229,26.336229,2329400
2012-04-24,26.397547,26.586613,26.213593,26.310680,26.310680,2374400
2012-04-25,26.530403,26.688810,26.402657,26.678589,26.678589,2793200
2012-04-26,26.571283,27.322432,26.571283,27.271334,27.271334,2426400
2012-04-27,27.475729,28.104240,27.358202,28.048033,28.048033,2603300
2012-04-30,28.073582,28.099131,27.654573,27.812979,27.812979,3099300
2012-05-01,27.904957,28.206438,27.598366,27.654573,27.654573,3782400
2012-05-02,27.577925,27.715891,27.537046,27.680122,27.680122,4150400
2012-05-03,27.715891,28.283087,27.649464,28.170670,28.170670,5924600
2012-05-04,28.114460,28.155340,27.301992,27.307102,27.307102,5022000
2012-05-07,27.307102,27.751661,27.148697,27.634134,27.634134,5039200
2012-05-08,27.194685,27.378641,25.651508,25.958099,25.958099,8795500
2012-05-09,25.753704,25.973429,25.048544,25.789474,25.789474,5657600
2012-05-10,26.029636,26.162493,25.702606,25.947880,25.947880,2910800
2012-05-11,25.825243,26.300461,25.758814,26.259581,26.259581,3373400
2012-05-14,25.983648,26.326010,25.845682,25.861012,25.861012,3467600
2012-05-15,25.830353,26.423096,25.830353,25.973429,25.973429,2125100
2012-05-16,26.085846,26.371998,26.044968,26.157383,26.157383,2720400
2012-05-17,26.162493,26.218702,25.079203,25.079203,25.079203,2559100
2012-05-18,25.135412,25.288708,24.660194,24.716402,24.716402,2659500
2012-05-21,24.793051,25.508430,24.649975,25.487991,25.487991,2138200
2012-05-22,25.493101,25.717936,25.171181,25.304037,25.304037,3695400
2012-05-23,25.212059,25.518650,24.793051,25.436893,25.436893,2631300
2012-05-24,25.549311,25.876341,25.462442,25.712826,25.712826,2250300
2012-05-25,25.769033,25.896780,25.605518,25.835463,25.835463,1335200
2012-05-29,25.958099,26.162493,25.789474,26.090956,26.090956,1351500
2012-05-30,25.866121,25.907000,25.595299,25.656618,25.656618,1948100
2012-05-31,25.702606,25.804804,25.344915,25.600409,25.600409,2804300
2012-06-01,25.401125,25.513540,24.813490,24.854368,24.854368,2755800
2012-06-04,24.946346,25.094532,24.660194,24.782831,24.782831,2404700
2012-06-05,24.777721,25.109861,24.527338,25.048544,25.048544,2062000
2012-06-06,25.171181,25.723045,25.099642,25.702606,25.702606,1753600
2012-06-07,25.993868,26.065407,25.738375,25.815023,25.815023,2320200
2012-06-08,25.712826,26.131834,25.615738,26.070517,26.070517,2322900
2012-06-11,26.351559,26.571283,26.223812,26.259581,26.259581,2883000
2012-06-12,26.320900,26.637711,26.234032,26.637711,26.637711,2310400
2012-06-13,26.489525,26.571283,25.595299,25.712826,25.712826,2904100
2012-06-14,25.799694,25.932550,25.370464,25.579969,25.579969,3753500
2012-06-15,25.769033,25.947880,25.585079,25.866121,25.866121,4713400
2012-06-18,25.702606,26.208483,25.656618,26.157383,26.157383,2814500
2012-06-19,26.361778,26.601942,26.244251,26.489525,26.489525,2469500
2012-06-20,26.412876,26.944302,26.371998,26.836996,26.836996,2340100
2012-06-21,26.893204,27.143587,26.607052,26.816555,26.816555,3612400
2012-06-22,26.882984,27.210016,26.872765,27.082270,27.082270,7530700
2012-06-25,26.801226,26.908533,26.479305,26.796116,26.796116,2379700
2012-06-26,26.985182,27.388861,26.867655,27.005621,27.005621,3925300
2012-06-27,27.112928,27.583035,27.051609,27.317322,27.317322,3205900
2012-06-28,27.194685,27.250895,26.653040,27.133368,27.133368,2497900
2012-06-29,27.588144,27.746552,27.404190,27.593254,27.593254,3429000
2012-07-02,27.690342,28.058252,27.603476,28.032703,28.032703,2021900
2012-07-03,28.068472,28.160450,27.772100,27.874298,27.874298,1249300
2012-07-05,27.858969,27.940725,27.358202,27.470619,27.470619,2834100
2012-07-06,27.256004,27.526827,26.811445,26.985182,26.985182,2675200
2012-07-09,26.908533,26.974962,26.106285,26.295349,26.295349,3809300
2012-07-10,26.515074,26.561064,25.544201,25.677057,25.677057,3907500
2012-07-11,25.697496,25.809914,25.268269,25.559530,25.559530,3518400
2012-07-12,25.431784,25.753704,24.828819,25.671947,25.671947,5023200
2012-07-13,25.217169,25.804804,25.217169,25.748594,25.748594,2841900
2012-07-16,25.615738,25.733265,25.206949,25.237608,25.237608,3056800
2012-07-17,25.339806,25.993868,25.263159,25.876341,25.876341,3176700
2012-07-18,25.861012,25.927441,25.671947,25.804804,25.804804,2532100
2012-07-19,25.820133,26.377108,25.820133,26.080736,26.080736,2046200
2012-07-20,26.050077,26.050077,25.539091,25.610628,25.610628,2570700
2012-07-23,25.293818,25.314257,24.941236,25.171181,25.171181,1911000
2012-07-24,25.150742,25.344915,24.885029,25.089422,25.089422,2454200
2012-07-25,25.094532,25.482882,25.089422,25.237608,25.237608,2465400
2012-07-26,25.707716,25.917221,25.436893,25.804804,25.804804,2003700
2012-07-27,26.009197,26.663260,25.963209,26.581503,26.581503,2692400
2012-07-30,26.489525,26.566174,25.861012,26.024527,26.024527,3916300
2012-07-31,25.498211,26.331120,24.977005,25.871231,25.871231,6546300
2012-08-01,25.421564,25.769033,25.012775,25.191620,25.191620,5190300
2012-08-02,25.007666,25.692387,24.910578,25.677057,25.677057,3548200
2012-08-03,26.142054,26.811445,25.958099,26.729689,26.729689,2828200
2012-08-06,26.755238,27.296883,26.525293,27.128258,27.128258,2479900
2012-08-07,27.148697,27.756771,27.148697,27.526827,27.526827,2970100
2012-08-08,27.368422,27.603476,27.286663,27.577925,27.577925,1949700
2012-08-09,27.537046,27.879408,27.388861,27.547266,27.547266,2784600
2012-08-10,27.501278,27.899847,27.501278,27.889627,27.889627,2119400
2012-08-13,27.787430,27.848747,27.531937,27.654573,27.654573,2053000
2012-08-14,27.772100,27.818089,27.072048,27.148697,27.148697,3102800
2012-08-15,27.072048,27.439959,27.072048,27.184465,27.184465,1899200
2012-08-16,27.102709,27.240675,27.036280,27.097599,27.097599,2383600
2012-08-17,27.128258,27.169136,26.734798,26.949413,26.949413,3089300
2012-08-20,27.010731,27.066938,26.658150,26.775677,26.775677,2173200
2012-08-21,26.888094,27.005621,26.775677,26.959633,26.959633,3167200
2012-08-22,26.939192,27.143587,26.872765,26.995401,26.995401,1480800
2012-08-23,26.954523,26.954523,26.699030,26.842106,26.842106,1533100
2012-08-24,26.750128,27.393970,26.637711,27.250895,27.250895,2651100
2012-08-27,27.291773,27.572815,27.256004,27.429739,27.429739,2243300
2012-08-28,27.301992,27.552376,27.271334,27.363312,27.363312,1596500
2012-08-29,27.455288,27.542156,27.337763,27.521717,27.521717,1616000
2012-08-30,27.312212,27.966274,27.312212,27.685232,27.685232,3878100
2012-08-31,27.807869,28.160450,27.772100,28.022484,28.022484,2726600
2012-09-04,27.879408,28.405724,27.879408,28.247318,28.247318,2562600
2012-09-05,28.211548,28.395504,28.088911,28.231987,28.231987,3867800
2012-09-06,28.461931,28.814512,28.385284,28.712315,28.712315,3033100
2012-09-07,28.824732,28.870720,28.605007,28.829842,28.829842,1614700
2012-09-10,28.891159,28.901381,28.717424,28.732754,28.732754,1891400
2012-09-11,28.819622,28.829842,28.584568,28.625446,28.625446,1960900
2012-09-12,28.722534,28.962698,28.686766,28.947369,28.947369,1818200
2012-09-13,28.886049,29.862034,28.886049,29.713848,29.713848,3754300
2012-09-14,29.713848,30.148186,29.642309,30.020439,30.020439,2880700
2012-09-17,30.056208,30.148186,29.708738,29.933571,29.933571,1612100
2012-09-18,29.984671,30.051098,29.805826,29.897802,29.897802,1626200
2012-09-19,29.810936,30.536535,29.770056,30.373020,30.373020,1944000
2012-09-20,30.306591,30.495657,30.132856,30.444557,30.444557,1993700
2012-09-21,30.638733,30.904446,30.531425,30.608074,30.608074,4292200
2012-09-24,30.413898,30.597855,30.265713,30.270823,30.270823,2343700
2012-09-25,30.449667,30.521206,29.841595,29.867144,29.867144,2998500
2012-09-26,30.005110,30.122637,29.591211,29.780275,29.780275,2955600
2012-09-27,29.974451,30.470108,29.780275,30.398569,30.398569,3453700
2012-09-28,30.240164,30.567194,30.153296,30.454779,30.454779,3291400
2012-10-01,30.756260,30.889116,30.546755,30.633623,30.633623,3062900
2012-10-02,30.838017,30.899336,30.393459,30.567194,30.567194,1778700
2012-10-03,30.628513,30.858458,30.618294,30.751150,30.751150,1530900
2012-10-04,30.914665,31.205927,30.853348,31.200817,31.200817,1645600
2012-10-05,31.425652,31.456310,31.185488,31.297905,31.297905,1546200
2012-10-08,31.246807,31.328564,30.802248,30.996424,30.996424,1493100
2012-10-09,31.027082,31.032192,30.439447,30.500767,30.500767,1993500
2012-10-10,30.623404,30.694941,30.408789,30.613184,30.613184,1248500
2012-10-11,30.684721,31.226366,30.577414,30.899336,30.899336,2357000
2012-10-12,31.088400,31.195707,30.878897,31.037302,31.037302,1728800
2012-10-15,31.047522,31.461420,30.975985,31.440981,31.440981,1488400
2012-10-16,31.676035,31.865099,31.471640,31.614716,31.614716,1871000
2012-10-17,31.829330,31.849770,31.277466,31.292795,31.292795,1780800
2012-10-18,31.297905,31.624937,31.073071,31.563618,31.563618,1819200
2012-10-19,31.461420,31.619825,30.730711,30.884007,30.884007,1927400
2012-10-22,30.858458,31.159939,30.807358,31.042412,31.042412,1084900
2012-10-23,30.792028,30.802248,30.362801,30.403679,30.403679,3173000
2012-10-24,30.480328,30.516096,30.117527,30.173735,30.173735,1725400
2012-10-25,30.434338,30.618294,29.923351,30.025549,30.025549,1566100
2012-10-26,29.892693,30.112417,29.601431,29.734287,29.734287,2070500
2012-10-31,30.040878,30.204395,29.734287,30.158405,30.158405,2206100
2012-11-01,30.454779,31.338783,30.306591,31.303015,31.303015,3916300
2012-11-02,31.379663,31.481859,30.577414,30.597855,30.597855,3005500
2012-11-05,30.602964,30.786919,30.066429,30.378130,30.378130,2823300
2012-11-06,29.749617,29.759836,28.742973,29.361267,29.361267,9227200
2012-11-07,29.177313,29.248850,28.615227,29.018906,29.018906,4462500
2012-11-08,28.952478,29.095554,28.364843,28.415943,28.415943,4121000
2012-11-09,28.318855,29.110884,28.272867,28.845171,28.845171,3409800
2012-11-12,28.875830,28.947369,28.472151,28.650997,28.650997,2232700
2012-11-13,28.543690,29.310169,28.487480,29.008686,29.008686,1954000
2012-11-14,29.044456,29.156874,28.155340,28.211548,28.211548,2344400
2012-11-15,28.252428,28.513031,28.165560,28.247318,28.247318,2345600
2012-11-16,28.231987,28.487480,28.048033,28.196218,28.196218,3127800
2012-11-19,28.528360,29.075115,28.318855,29.059786,29.059786,2829800
2012-11-20,28.993357,29.494123,28.916710,29.386816,29.386816,2279500
2012-11-21,29.386816,29.545221,29.131323,29.320389,29.320389,1479800
2012-11-23,29.437916,29.754726,29.340828,29.739397,29.739397,883700
2012-11-26,29.550333,29.739397,29.330608,29.575882,29.575882,2116600
2012-11-27,29.504343,29.856924,29.448135,29.483904,29.483904,1791000
2012-11-28,29.397036,30.173735,29.207972,30.132856,30.132856,2082200
2012-11-29,30.158405,30.526316,30.117527,30.434338,30.434338,2403500
2012-11-30,30.567194,31.057741,30.429228,30.868677,30.868677,3624900
2012-12-03,30.914665,31.067961,30.608074,30.633623,30.633623,2213500
2012-12-04,30.694941,31.078180,30.679611,30.919775,30.919775,3169500
2012-12-05,30.924885,32.294327,30.587635,31.548288,31.548288,4382500
2012-12-06,31.451200,31.665815,31.221256,31.599386,31.599386,2251300
2012-12-07,31.691364,31.880428,31.093510,31.216146,31.216146,3168300
2012-12-10,31.200817,31.200817,30.863567,30.924885,30.924885,2843700
2012-12-11,31.011753,31.451200,30.960653,31.430761,31.430761,2907300
2012-12-12,31.589167,31.773123,31.216146,31.420542,31.420542,2095100
2012-12-13,31.400103,31.543179,30.756260,30.792028,30.792028,2107400
2012-12-14,30.659172,31.379663,30.654062,31.078180,31.078180,3144800
2012-12-17,31.297905,31.905979,31.195707,31.788452,31.788452,4103000
2012-12-18,31.900869,32.810425,31.676035,32.503834,32.503834,3309600
2012-12-19,32.442513,32.447624,32.069492,32.095043,32.095043,2751700
2012-12-20,32.233009,32.958611,32.008175,32.442513,32.442513,3640200
2012-12-21,32.289219,32.452732,31.681145,32.268780,32.268780,13886800
2012-12-24,32.176800,32.437405,32.064384,32.299438,32.299438,759700
2012-12-26,32.294327,32.524273,31.936638,32.161472,32.161472,1283500
2012-12-27,32.197239,32.289219,31.405212,31.875319,31.875319,2413900
2012-12-28,31.706694,31.921309,31.558508,31.624937,31.624937,1501800
2012-12-31,31.681145,32.519161,31.573837,32.437405,32.437405,2092400
2013-01-02,33.234543,33.985691,32.927952,33.459377,33.459377,3077100
2013-01-03,33.515587,33.628002,33.244762,33.484924,33.484924,2030100
2013-01-04,33.587124,33.806847,33.464485,33.765968,33.765968,1715800
2013-01-07,33.719978,33.827286,33.500256,33.684212,33.684212,1926000
2013-01-08,33.556465,34.680634,33.382729,34.670414,34.670414,3552100
2013-01-09,34.598877,34.971897,34.333164,34.624424,34.624424,2528200
2013-01-10,34.695965,34.854370,34.246296,34.435360,34.435360,2098800
2013-01-11,34.588657,34.915688,34.409809,34.828819,34.828819,3667600
2013-01-14,34.777721,34.905468,34.338272,34.644863,34.644863,2157500
2013-01-15,34.491570,34.634644,34.184978,34.282063,34.282063,2718000
2013-01-16,33.985691,34.389370,33.934593,34.200306,34.200306,3050300
2013-01-17,34.236076,34.542667,34.016350,34.414921,34.414921,2107400
2013-01-18,34.420033,34.619316,34.225857,34.603985,34.603985,2130700
2013-01-22,34.665302,34.747063,34.394482,34.629536,34.629536,1240300
2013-01-23,34.501789,34.844151,34.501789,34.839039,34.839039,1628800
2013-01-24,34.905468,35.380684,34.803268,34.890137,34.890137,1737800
2013-01-25,34.936127,35.298927,34.859478,35.258049,35.258049,1775900
2013-01-28,35.426674,35.426674,35.048542,35.166069,35.166069,2020200
2013-01-29,35.017883,35.181400,34.512009,35.063873,35.063873,2243300
2013-01-30,35.181400,35.334698,34.900356,35.176289,35.176289,1549100
2013-01-31,35.125191,35.585079,34.869698,35.452221,35.452221,2797700
2013-02-01,35.677055,35.958099,35.544201,35.927441,35.927441,2062800
2013-02-04,35.789474,35.886562,35.355137,35.518650,35.518650,2093500
2013-02-05,35.881451,35.942768,35.574860,35.922329,35.922329,1489200
2013-02-06,35.861012,35.958099,35.539089,35.769035,35.769035,3489900
2013-02-07,35.503323,36.116505,35.426674,36.085846,36.085846,3282600
2013-02-08,36.188042,36.550842,36.167603,36.520184,36.520184,2732900
2013-02-11,36.509964,36.842106,36.080734,36.254471,36.254471,2769500
2013-02-12,36.341339,36.341339,36.075626,36.295349,36.295349,2396300
2013-02-13,36.453754,36.811447,36.213593,36.545734,36.545734,3798700
2013-02-14,35.079205,36.428207,34.690853,36.198261,36.198261,4854700
2013-02-15,36.361778,36.428207,35.569748,35.922329,35.922329,3551300
2013-02-19,36.050076,36.101173,35.702606,36.090954,36.090954,1833100
2013-02-20,36.157383,36.361778,35.569748,35.600410,35.600410,1950500
2013-02-21,35.579967,35.671947,35.043434,35.109863,35.109863,2795700
2013-02-22,35.707714,36.034748,35.166069,36.009197,36.009197,2414500
2013-02-25,36.244251,36.300461,35.717937,35.717937,35.717937,2371200
2013-02-26,35.789474,36.285130,35.661728,36.259583,36.259583,3128600
2013-02-27,36.244251,37.506386,36.203373,37.460400,37.460400,2954200
2013-02-28,37.409302,37.654572,37.322433,37.475727,37.475727,2686300
2013-03-01,37.266224,38.318855,37.199795,38.262646,38.262646,3268900
2013-03-04,38.252426,38.671436,38.094021,38.625446,38.625446,2747800
2013-03-05,38.855392,39.151764,38.722534,39.141544,39.141544,3150700
2013-03-06,39.213081,39.494125,38.303524,38.502811,38.502811,4984800
2013-03-07,38.482372,39.468575,38.482372,39.427696,39.427696,6440200
2013-03-08,39.550331,40.066429,39.483906,39.805824,39.805824,3033500
2013-03-11,39.785385,39.902912,39.611652,39.754726,39.754726,2686900
2013-03-12,39.754726,39.897804,39.432804,39.810936,39.810936,2140100
2013-03-13,39.918243,40.030659,39.601429,40.000000,40.000000,1872400
2013-03-14,40.035770,40.408791,40.035770,40.224834,40.224834,1842900
2013-03-15,40.025551,40.194176,39.473682,39.509453,39.509453,6694700
2013-03-18,39.146652,39.688297,38.666325,39.555443,39.555443,3323700
2013-03-19,39.718956,39.902912,39.269291,39.744507,39.744507,2916300
2013-03-20,40.076649,40.582523,40.056210,40.347469,40.347469,3186900
2013-03-21,40.117527,40.362801,39.724068,40.066429,40.066429,2665600
2013-03-22,39.483906,40.444557,39.483906,40.434338,40.434338,2521500
2013-03-25,40.659172,41.052631,40.132858,40.403679,40.403679,2908100
2013-03-26,40.480328,40.664284,40.158405,40.638733,40.638733,3249700
2013-03-27,40.291264,40.429230,39.647419,40.158405,40.158405,2872800
2013-03-28,40.132858,40.551865,40.097088,40.235054,40.235054,2688100
2013-04-01,40.403679,40.592743,39.754726,39.846703,39.846703,3546800
2013-04-02,40.163517,40.444557,39.984669,40.209503,40.209503,2431100
2013-04-03,40.189064,40.189064,39.647419,39.877365,39.877365,2449100
2013-04-04,39.933571,39.933571,39.315277,39.693409,39.693409,3667600
2013-04-05,39.202862,40.214615,39.034237,40.143078,40.143078,2126400
2013-04-08,40.199284,40.439449,39.913132,40.306591,40.306591,2345000
2013-04-09,40.332142,40.444557,39.928463,40.163517,40.163517,2201800
2013-04-10,40.383240,41.139500,40.245274,41.103729,41.103729,2256400
2013-04-11,41.165047,41.609608,41.078182,41.241695,41.241695,2352900
2013-04-12,41.159939,41.451202,40.975983,41.405212,41.405212,1468900
2013-04-15,41.093510,41.246807,40.281044,40.281044,40.281044,2130100
2013-04-16,40.551865,40.689831,40.316811,40.567196,40.567196,2596700
2013-04-17,40.316811,40.464996,39.764946,40.015331,40.015331,3355600
2013-04-18,40.071537,40.122635,39.003578,39.161983,39.161983,3620000
2013-04-19,39.335716,39.836483,38.967808,39.780277,39.780277,5848600
2013-04-22,39.846703,40.102196,39.524784,39.969341,39.969341,2369300
2013-04-23,40.189064,40.408791,39.749619,40.357689,40.357689,2740300
2013-04-24,40.480328,40.592743,40.250381,40.444557,40.444557,2375400
2013-04-25,40.541645,40.878895,40.194176,40.822689,40.822689,2455000
2013-04-26,40.735821,40.812469,40.454777,40.475216,40.475216,1392900
2013-04-29,40.424118,40.536537,40.178844,40.281044,40.281044,2442100
2013-04-30,40.439449,40.761368,40.229942,40.275932,40.275932,3536200
2013-05-01,40.214615,40.332142,39.897804,39.928463,39.928463,2423100
2013-05-02,40.035770,40.848236,39.948902,40.618294,40.618294,2828400
2013-05-03,41.078182,41.103729,40.449669,40.475216,40.475216,2298400
2013-05-06,40.367908,40.567196,40.127747,40.378128,40.378128,3604500
2013-05-07,39.499233,40.056210,38.666325,39.790497,39.790497,6193100
2013-05-08,39.856922,39.954010,39.085335,39.315277,39.315277,3477500
2013-05-09,39.356159,39.759838,39.218189,39.683189,39.683189,2941700
2013-05-10,39.785385,40.224834,39.621872,40.204395,40.204395,2572800
2013-05-13,40.117527,40.117527,39.514565,39.642311,39.642311,2359500
2013-05-14,39.667858,40.173737,39.667858,40.020439,40.020439,2503100
2013-05-15,39.994888,40.577415,39.892693,40.546757,40.546757,2745000
2013-05-16,40.362801,40.710270,40.148186,40.260605,40.260605,3687300
2013-05-17,40.454777,40.521206,39.984669,40.291264,40.291264,2595700
2013-05-20,40.255493,40.878895,40.000000,40.286152,40.286152,3852300
2013-05-21,40.224834,41.021973,40.224834,40.878895,40.878895,2460100
2013-05-22,40.746040,40.935104,40.235054,40.444557,40.444557,2643900
2013-05-23,40.168625,40.822689,39.882473,40.766479,40.766479,2394100
2013-05-24,40.388348,40.725601,40.240162,40.638733,40.638733,1506600
2013-05-28,40.899334,41.374554,40.889114,41.287685,41.287685,1935200
2013-05-29,40.965763,41.119061,40.311703,40.521206,40.521206,2210400
2013-05-30,40.623402,41.170158,40.459888,40.822689,40.822689,1866500
2013-05-31,40.592743,40.904446,40.245274,40.301483,40.301483,2923900
2013-06-03,40.265713,40.419010,39.913132,40.373020,40.373020,2902400
2013-06-04,40.393459,40.705162,39.989780,40.209503,40.209503,2330900
2013-06-05,40.250381,40.250381,38.441490,38.773632,38.773632,4380700
2013-06-06,38.666325,38.773632,37.889626,38.334187,38.334187,4559800
2013-06-07,38.553909,39.075115,38.308636,39.034237,39.034237,2657400
2013-06-10,39.003578,39.003578,37.874298,37.991825,37.991825,2930000
2013-06-11,37.455288,37.940727,37.184467,37.746552,37.746552,4516100
2013-06-12,37.940727,37.976494,37.347980,37.593254,37.593254,3442900
2013-06-13,37.715893,38.921818,37.404190,38.865612,38.865612,3249900
2013-06-14,38.753193,39.269291,38.630558,39.029125,39.029125,4470300
2013-06-17,39.499233,39.570770,39.100666,39.371487,39.371487,2791000
2013-06-18,39.550331,39.969341,39.468575,39.780277,39.780277,1772000
2013-06-19,39.672970,40.010220,39.090443,39.105774,39.105774,1954600
2013-06-20,38.645885,38.737865,37.858967,38.104240,38.104240,2946200
2013-06-21,38.405724,38.640778,37.915176,38.538578,38.538578,3739000
2013-06-24,38.262646,38.630558,37.879406,38.395504,38.395504,2061300
2013-06-25,38.702095,38.768524,38.211548,38.559017,38.559017,1957700
2013-06-26,38.855392,38.937149,38.528358,38.691875,38.691875,1483700
2013-06-27,38.855392,39.366379,38.814510,39.182423,39.182423,1531500
2013-06-28,38.926929,39.800716,38.845173,39.468575,39.468575,2490800
2013-07-01,39.652531,40.097088,39.621872,39.749619,39.749619,1391000
2013-07-02,39.662750,40.219723,39.535004,40.117527,40.117527,1617800
2013-07-03,39.739395,41.349003,39.739395,41.200817,41.200817,2429600
2013-07-05,41.527847,41.630047,41.231476,41.451202,41.451202,2081800
2013-07-08,41.492081,41.946857,41.379662,41.911087,41.911087,2316500
2013-07-09,42.314766,42.488503,41.696476,41.854881,41.854881,1924700
2013-07-10,41.803780,42.345428,41.676033,42.340317,42.340317,1574400
2013-07-11,42.917732,43.224323,42.759327,43.173225,43.173225,2384000
2013-07-12,42.391415,43.479816,42.212570,43.469597,43.469597,2567500
2013-07-15,44.108330,44.108330,43.030148,43.147675,43.147675,2251700
2013-07-16,43.311192,43.617783,43.035259,43.091465,43.091465,1697600
2013-07-17,43.612671,43.745529,42.984158,43.270313,43.270313,1236800
2013-07-18,43.357178,43.796627,43.270313,43.684212,43.684212,1660100
2013-07-19,43.914154,43.914154,42.820644,43.081245,43.081245,2669900
2013-07-22,43.791519,43.796627,43.025040,43.111904,43.111904,1236200
2013-07-23,43.285641,43.658661,43.096577,43.438938,43.438938,1296100
2013-07-24,45.774143,45.774143,42.973938,43.244762,43.244762,1221500
2013-07-25,43.239651,43.719978,43.086357,43.474705,43.474705,1388600
2013-07-26,43.025040,43.633110,42.728668,43.464485,43.464485,1310400
2013-07-29,43.311192,43.668880,43.014820,43.132347,43.132347,1489600
2013-07-30,42.657127,42.682678,41.144608,41.389881,41.389881,4157400
2013-07-31,41.762901,41.762901,40.419010,40.735821,40.735821,3822600
2013-08-01,41.108841,41.951969,40.878895,41.859989,41.859989,2876200
2013-08-02,41.471642,42.028614,41.440983,41.997955,41.997955,1957000
2013-08-05,42.125702,42.473175,41.977516,42.120594,42.120594,1359700
2013-08-06,41.849770,42.416965,41.849770,42.202351,42.202351,1821100
2013-08-07,41.997955,42.483395,41.931526,42.273888,42.273888,2046400
2013-08-08,42.437405,42.662239,42.171692,42.376087,42.376087,1641700
2013-08-09,42.176800,42.590698,42.176800,42.478283,42.478283,1137900
2013-08-12,42.069492,42.580479,42.028614,42.330097,42.330097,1155800
2013-08-13,42.411854,42.743996,42.192131,42.662239,42.662239,1177900
2013-08-14,42.534492,42.595810,42.217682,42.330097,42.330097,1924900
2013-08-15,42.033726,42.089935,41.006641,41.057743,41.057743,2313500
2013-08-16,41.124168,41.599388,41.037300,41.052631,41.052631,2114300
2013-08-19,40.996422,41.415432,40.878895,40.991314,40.991314,1011100
2013-08-20,40.981094,41.297905,40.858456,40.889114,40.889114,1282800
2013-08-21,40.577415,41.093510,40.454777,40.587635,40.587635,1493100
2013-08-22,40.602962,41.267246,40.444557,41.032192,41.032192,1306400
2013-08-23,41.103729,41.267246,40.715382,41.165047,41.165047,1637400
2013-08-26,43.285641,43.285641,41.088402,41.129280,41.129280,1586700
2013-08-27,40.664284,40.832909,39.984669,40.000000,40.000000,1433500
2013-08-28,40.117527,40.321922,39.616760,39.954010,39.954010,1354600
2013-08-29,39.744507,40.250381,39.621872,39.872253,39.872253,1154000
2013-08-30,39.908024,40.122635,39.335716,39.606541,39.606541,1631300
2013-09-03,40.229942,40.516094,39.289730,39.519672,39.519672,3094900
2013-09-04,39.008686,39.580990,39.008686,39.305058,39.305058,5123600
2013-09-05,39.207970,39.846703,39.182423,39.647419,39.647419,1898600
2013-09-06,39.688297,40.061317,39.141544,39.626980,39.626980,1979700
2013-09-09,39.821156,40.270824,39.713848,40.091976,40.091976,1905700
2013-09-10,40.199284,40.383240,39.739395,39.826263,39.826263,1961500
2013-09-11,39.734287,40.143078,39.734287,40.005112,40.005112,2234800
2013-09-12,40.066429,40.183956,39.744507,39.877365,39.877365,2160900
2013-09-13,39.959122,39.979561,39.540112,39.770058,39.770058,3305100
2013-09-16,40.383240,40.521206,40.071537,40.189064,40.189064,1700600
2013-09-17,40.189064,40.705162,40.107307,40.618294,40.618294,2062200
2013-09-18,40.475216,41.221256,40.086868,41.103729,41.103729,1726000
2013-09-19,41.262135,41.972408,41.165047,41.778233,41.778233,2231500
2013-09-20,41.946857,42.217682,41.471642,41.798672,41.798672,7322100
2013-09-23,41.594276,41.773121,41.083290,41.175270,41.175270,1791200
2013-09-24,41.154827,41.236588,40.725601,41.057743,41.057743,1843400
2013-09-25,41.052631,41.558510,40.955544,41.374554,41.374554,2307600
2013-09-26,41.349003,42.927952,41.308125,42.917732,42.917732,3446200
2013-09-27,42.631580,43.806847,42.432293,43.352070,43.352070,3218200
2013-09-30,42.938171,43.275421,42.841084,43.137455,43.137455,2605300
2013-10-01,42.948391,43.111904,42.278999,42.529381,42.529381,3227000
2013-10-02,42.345428,42.350536,41.982628,42.166580,42.166580,2128800
2013-10-03,41.982628,42.217682,41.369442,41.512520,41.512520,2019400
2013-10-04,41.548286,41.681145,41.159939,41.527847,41.527847,2040700
2013-10-07,41.083290,41.277466,40.715382,40.761368,40.761368,2069100
2013-10-08,40.797138,40.853348,39.954010,39.974449,39.974449,2325500
2013-10-09,40.045990,40.183956,39.483906,39.821156,39.821156,2094300
2013-10-10,40.219723,40.955544,39.908024,40.955544,40.955544,1824900
2013-10-11,40.638733,41.282574,40.577415,41.154827,41.154827,1366300
2013-10-14,41.027081,41.037300,40.659172,40.960655,40.960655,1335400
2013-10-15,40.792030,40.929996,40.255493,40.429230,40.429230,1470600
2013-10-16,40.822689,41.584057,40.602962,41.277466,41.277466,2439400
2013-10-17,41.165047,41.609608,41.032192,41.578949,41.578949,1571800
2013-10-18,41.793560,42.161472,41.568729,42.141033,42.141033,1288600
2013-10-21,42.135921,42.319878,41.962189,42.314766,42.314766,1387100
2013-10-22,42.503834,43.607563,42.330097,43.438938,43.438938,2736600
2013-10-23,43.244762,43.484924,42.774654,43.178333,43.178333,1880400
2013-10-24,43.484924,43.847725,43.229431,43.408279,43.408279,2520400
2013-10-25,43.888603,43.888603,43.275421,43.771080,43.771080,2065000
2013-10-28,43.827286,43.970364,43.515587,43.638222,43.638222,2457000
2013-10-29,43.668880,43.929485,43.341850,43.638222,43.638222,2242300
2013-10-30,43.796627,44.092999,42.672459,43.106796,43.106796,3269500
2013-10-31,43.857944,45.528870,43.418499,45.406235,45.406235,5369800
2013-11-01,45.508430,45.631069,44.833931,44.864590,44.864590,4058600
2013-11-04,44.910576,45.058762,43.919266,44.491570,44.491570,2852500
2013-11-05,44.399590,44.644863,43.960144,44.404701,44.404701,2532100
2013-11-06,44.404701,44.823711,43.673992,43.765968,43.765968,2068900
2013-11-07,43.801739,44.001022,42.856411,43.019928,43.019928,3326100
2013-11-08,43.122128,43.765968,42.784874,43.617783,43.617783,2405100
2013-11-11,43.530914,43.857944,43.178333,43.224323,43.224323,1069300
2013-11-12,43.214104,43.428719,42.953499,43.132347,43.132347,1737000
2013-11-13,43.019928,43.719978,42.718445,43.714870,43.714870,1390600
2013-11-14,43.868164,44.179867,43.658661,43.857944,43.857944,1400200
2013-11-15,43.878384,44.072559,43.633110,43.653553,43.653553,1684300
2013-11-18,44.082779,44.118549,43.490036,43.648441,43.648441,1695300
2013-11-19,43.490036,43.868164,43.316299,43.551353,43.551353,1618400
2013-11-20,43.469597,43.893715,43.127235,43.551353,43.551353,6030600
2013-11-21,43.709759,43.740417,43.352070,43.556465,43.556465,2439900
2013-11-22,43.704651,44.001022,43.479816,43.878384,43.878384,2900800
2013-11-25,44.179867,44.195198,43.617783,43.791519,43.791519,1380600
2013-11-26,43.704651,44.517117,43.556465,44.230965,44.230965,3325100
2013-11-27,44.450691,44.706184,44.164539,44.409809,44.409809,1315800
2013-11-29,44.552887,45.084312,44.144096,44.593765,44.593765,1399600
2013-12-02,44.118549,44.496677,43.903934,44.052120,44.052120,1935800
2013-12-03,43.898827,44.195198,43.352070,43.643333,43.643333,2414900
2013-12-04,43.321411,43.622890,42.749107,43.014820,43.014820,2764600
2013-12-05,43.014820,43.341850,42.677567,42.917732,42.917732,2148500
2013-12-06,43.479816,43.510475,43.004601,43.464485,43.464485,2273200
2013-12-09,43.679100,43.801739,42.764435,43.643333,43.643333,3360100
2013-12-10,43.576904,44.062340,43.306080,43.520695,43.520695,1744800
2013-12-11,43.955032,44.389370,43.071026,43.193665,43.193665,3030000
2013-12-12,43.060806,43.152786,42.350536,42.381195,42.381195,2005700
2013-12-13,41.742462,42.692898,41.742462,42.130814,42.130814,1823100
2013-12-16,42.529381,43.193665,42.319878,42.943279,42.943279,2306500
2013-12-17,42.825752,42.871742,42.376087,42.774654,42.774654,1746600
2013-12-18,42.759327,44.179867,42.754215,44.092999,44.092999,2812700
2013-12-19,43.852837,44.302505,43.740417,44.108330,44.108330,2269100
2013-12-20,44.287174,45.222279,43.960144,44.839039,44.839039,5159600
2013-12-23,44.956566,45.350025,44.946346,45.181400,45.181400,1896900
2013-12-24,45.079205,45.554420,45.043434,45.411343,45.411343,767900
2013-12-26,45.431782,45.539089,44.951458,45.319366,45.319366,1811000
2013-12-27,45.477772,45.610630,45.252937,45.452221,45.452221,1139300
2013-12-30,45.477772,46.269802,45.396015,46.223812,46.223812,1452200
2013-12-31,46.377110,46.377110,45.784363,46.203373,46.203373,1602300
2014-01-02,46.096066,46.116505,45.273376,45.528870,45.528870,1748500
2014-01-03,45.528870,45.866123,45.206951,45.263157,45.263157,1592600
2014-01-06,45.457333,45.477772,44.547779,44.695965,44.695965,2023700
2014-01-07,44.435360,44.777721,44.256516,44.425140,44.425140,2291200
2014-01-08,44.455799,44.787941,43.040367,43.234543,43.234543,4980900
2014-01-09,43.454266,43.490036,42.718445,43.295860,43.295860,2512500
2014-01-10,43.438938,43.525806,42.728668,42.933060,42.933060,2575400
2014-01-13,42.677567,42.963718,41.527847,41.614716,41.614716,2770900
2014-01-14,41.614716,42.406746,41.599388,42.227901,42.227901,3056800
2014-01-15,42.483395,42.483395,42.038834,42.243229,42.243229,2006700
2014-01-16,42.278999,42.570259,41.788452,41.911087,41.911087,2885500
2014-01-17,41.747574,42.105263,41.159939,41.343895,41.343895,2966600
2014-01-21,41.624935,41.624935,40.853348,41.185490,41.185490,3275800
2014-01-22,41.205929,41.435871,40.965763,41.124168,41.124168,4008100
2014-01-23,40.802250,41.016861,40.470108,40.919777,40.919777,4795200
2014-01-24,40.863567,40.863567,40.362801,40.362801,40.362801,4691900
2014-01-27,40.388348,40.567196,39.243740,39.499233,39.499233,4706900
2014-01-28,39.427696,39.943790,39.417477,39.836483,39.836483,3361700
2014-01-29,39.453243,40.260605,39.187531,40.045990,40.045990,5130800
2014-01-30,40.321922,41.808891,40.000000,41.047523,41.047523,5302800
2014-01-31,40.505875,41.343895,40.398571,40.766479,40.766479,3431000
2014-02-03,40.045990,40.970875,39.724068,39.877365,39.877365,3985800
2014-02-04,39.918243,40.505875,39.504345,39.872253,39.872253,2416300
2014-02-05,39.509453,40.853348,39.417477,40.567196,40.567196,3998700
2014-02-06,40.812469,42.033726,40.393459,41.870209,41.870209,4277200
2014-02-07,41.977516,42.488503,41.834442,42.289219,42.289219,3061300
2014-02-10,42.187019,42.340317,42.013287,42.095043,42.095043,3026800
2014-02-11,41.916199,42.907513,41.916199,42.294327,42.294327,2565800
2014-02-12,42.835972,42.835972,41.977516,42.340317,42.340317,3551500
2014-02-13,40.281044,41.389881,40.086868,40.521206,40.521206,7342800
2014-02-14,40.643841,41.716915,40.367908,41.303017,41.303017,3867800
2014-02-18,41.405212,41.711803,40.909557,41.047523,41.047523,4026500
2014-02-19,41.047523,42.049053,40.955544,41.461422,41.461422,2715900
2014-02-20,41.563618,42.222790,41.563618,42.120594,42.120594,2598500
2014-02-21,42.197239,42.427185,41.716915,42.314766,42.314766,2614500
2014-02-24,42.314766,42.600922,42.115482,42.135921,42.135921,2941500
2014-02-25,42.084824,42.309658,41.052631,41.737354,41.737354,2401000
2014-02-26,41.722023,42.350536,41.124168,41.568729,41.568729,3418800
2014-02-27,41.420540,41.982628,41.420540,41.967297,41.967297,2051500
2014-02-28,42.273888,42.989269,41.553398,42.575371,42.575371,3087300
2014-03-03,42.386307,42.457844,41.681145,41.941746,41.941746,1850900
2014-03-04,42.350536,43.091465,42.233009,42.907513,42.907513,3183400
2014-03-05,43.096577,43.326519,42.856411,43.290752,43.290752,2649700
2014-03-06,43.418499,44.128769,43.285641,43.929485,43.929485,3108800
2014-03-07,44.041901,44.062340,43.510475,43.699539,43.699539,1691200
2014-03-10,43.628002,44.128769,43.582012,43.765968,43.765968,1807000
2014-03-11,43.750637,43.914154,43.101685,43.254982,43.254982,1622300
2014-03-12,42.979050,43.433826,42.851303,43.377621,43.377621,1929200
2014-03-13,43.597343,43.893715,42.912621,42.968830,42.968830,2384600
2014-03-14,42.881962,43.244762,42.330097,42.493614,42.493614,2420400
2014-03-17,42.192131,42.682678,42.192131,42.462952,42.462952,3009000
2014-03-18,42.626469,42.825752,42.355648,42.769547,42.769547,2878300
2014-03-19,42.800205,42.876854,42.667347,42.769547,42.769547,2386300
2014-03-20,42.468063,43.025040,42.294327,42.764435,42.764435,2246800
2014-03-21,44.001022,44.001022,42.278999,43.188553,43.188553,4337600
2014-03-24,43.106796,43.142567,42.299438,42.498722,42.498722,2615300
2014-03-25,42.524273,42.881962,42.166580,42.422073,42.422073,3136600
2014-03-26,42.856411,42.856411,42.141033,42.146141,42.146141,2640900
2014-03-27,41.941746,42.130814,41.507408,41.778233,41.778233,2957000
2014-03-28,41.839550,42.192131,41.722023,42.074604,42.074604,2135800
2014-03-31,42.386307,42.606030,42.064384,42.258560,42.258560,2764400
2014-04-01,42.529381,42.871742,42.319878,42.825752,42.825752,2483000
2014-04-02,42.968830,43.316299,42.795094,43.025040,43.025040,2405700
2014-04-03,43.147675,43.234543,42.580479,42.789986,42.789986,2068500
2014-04-04,43.147675,43.147675,42.258560,42.432293,42.432293,2828600
2014-04-07,42.483395,42.483395,40.986202,41.231476,41.231476,4609100
2014-04-08,40.986202,41.292793,40.536537,41.093510,41.093510,3925900
2014-04-09,41.236588,41.333675,40.960655,41.272354,41.272354,2707900
2014-04-10,41.124168,41.313236,40.480328,40.562084,40.562084,4338000
2014-04-11,39.969341,40.669392,39.560551,39.688297,39.688297,4281300
2014-04-14,40.005112,40.076649,39.187531,39.381706,39.381706,2759100
2014-04-15,39.586102,39.693409,38.375065,39.243740,39.243740,3206500
2014-04-16,39.626980,39.795605,39.407257,39.785385,39.785385,1911400
2014-04-17,39.504345,39.908024,39.494125,39.770058,39.770058,2569700
2014-04-21,39.933571,40.066429,39.417477,39.575882,39.575882,2293200
2014-04-22,39.483906,39.805824,39.478794,39.632092,39.632092,1888300
2014-04-23,39.616760,40.097088,39.580990,39.611652,39.611652,2834500
2014-04-24,39.902912,39.984669,39.535004,39.575882,39.575882,2005100
2014-04-25,39.458355,39.586102,39.095554,39.146652,39.146652,1580600
2014-04-28,39.156872,39.351048,38.180889,38.528358,38.528358,2865000
2014-04-29,38.748085,38.921818,38.431271,38.681656,38.681656,3105300
2014-04-30,38.518139,38.886051,38.400612,38.783852,38.783852,5014200
2014-05-01,38.845173,39.207970,38.712315,38.896271,38.896271,2966800
2014-05-02,39.156872,39.381706,39.003578,39.146652,39.146652,2008400
2014-05-05,38.748085,39.795605,38.574348,39.739395,39.739395,3379900
2014-05-06,38.814510,39.698517,37.879406,38.175777,38.175777,8221500
2014-05-07,38.175777,38.385284,36.969852,37.158916,37.158916,4011600
2014-05-08,37.066940,38.415943,37.051609,37.996933,37.996933,3571300
2014-05-09,37.869186,38.027592,37.276443,37.332653,37.332653,3214300
2014-05-12,37.491058,37.812981,37.393970,37.521717,37.521717,2821400
2014-05-13,37.537048,37.731220,37.148697,37.199795,37.199795,3058700
2014-05-14,37.235565,37.281555,36.693920,36.964741,36.964741,2920000
2014-05-15,36.882984,37.317322,36.566174,37.148697,37.148697,3304500
2014-05-16,37.066940,37.685234,36.852325,37.669903,37.669903,3659100
2014-05-19,37.465508,37.996933,37.342873,37.644352,37.644352,3160700
2014-05-20,37.215126,37.884518,37.215126,37.675014,37.675014,2806100
2014-05-21,37.915176,38.681656,37.664795,37.966274,37.966274,5890900
2014-05-22,37.864079,38.804291,37.664795,38.758305,38.758305,3595500
2014-05-23,38.891159,40.040878,38.875832,39.959122,39.959122,4695600
2014-05-27,40.091976,40.153297,39.703629,40.112415,40.112415,3571100
2014-05-28,40.158405,40.582523,39.729176,40.393459,40.393459,3524700
2014-05-29,40.454777,40.577415,39.560551,39.713848,39.713848,2734500
2014-05-30,40.051098,40.091976,39.269291,39.325497,39.325497,2695500
2014-06-02,39.361267,39.749619,39.238632,39.683189,39.683189,2957400
2014-06-03,39.580990,39.816044,39.376598,39.770058,39.770058,3325100
2014-06-04,39.565662,40.265713,39.432804,40.178844,40.178844,2957600
2014-06-05,40.587635,41.216148,40.480328,41.016861,41.016861,4809500
2014-06-06,41.221256,41.308125,40.884007,41.221256,41.221256,3005500
2014-06-09,41.262135,41.609608,40.929996,41.057743,41.057743,1865200
2014-06-10,40.996422,41.093510,40.746040,41.062851,41.062851,2148100
2014-06-11,40.832909,41.006641,40.066429,40.204395,40.204395,3886000
2014-06-12,40.148186,40.454777,39.989780,40.112415,40.112415,2142100
2014-06-13,40.117527,40.393459,39.621872,39.713848,39.713848,2535800
2014-06-16,38.804291,39.519672,38.804291,39.340828,39.340828,3888700
2014-06-17,39.228413,39.509453,39.029125,39.417477,39.417477,3369100
2014-06-18,39.509453,39.509453,38.850281,39.305058,39.305058,2620800
2014-06-19,39.386818,39.550331,38.630558,38.656105,38.656105,3009600
2014-06-20,38.625446,38.671436,37.537048,37.705673,37.705673,5618100
2014-06-23,37.649464,38.645885,37.460400,38.042923,38.042923,5297400
2014-06-24,37.879406,38.303524,37.848747,37.986713,37.986713,2095500
2014-06-25,37.629025,38.298416,37.623913,38.099133,38.099133,2158700
2014-06-26,37.363312,37.751659,36.693920,37.245785,37.245785,7769200
2014-06-27,36.612160,37.889626,36.612160,37.843639,37.843639,5306200
2014-06-30,37.710781,38.359734,37.710781,37.956055,37.956055,3687900
2014-07-01,37.991825,38.548798,37.915176,38.421051,38.421051,2799200
2014-07-02,38.323967,38.870720,38.288197,38.799183,38.799183,2487500
2014-07-03,38.834953,39.407257,38.824730,39.126213,39.126213,1486100
2014-07-07,39.039345,39.218189,38.610119,38.860500,38.860500,1736400
2014-07-08,38.758305,38.932037,38.661217,38.758305,38.758305,3367000
2014-07-09,39.003578,40.337250,38.926929,40.219723,40.219723,4050200
2014-07-10,39.402145,40.316811,39.402145,39.826263,39.826263,2760700
2014-07-11,39.402145,40.255493,39.402145,40.158405,40.158405,2022100
2014-07-14,40.393459,40.393459,39.785385,39.969341,39.969341,1587700
2014-07-15,39.902912,40.219723,39.683189,40.132858,40.132858,2611200
2014-07-16,41.226368,43.510475,41.011753,42.667347,42.667347,11390500
2014-07-17,42.606030,44.358711,42.202351,43.433826,43.433826,7056300
2014-07-18,43.617783,43.750637,43.025040,43.484924,43.484924,4260500
2014-07-21,43.336739,43.449158,42.953499,43.040367,43.040367,2742700
2014-07-22,43.249874,43.249874,42.759327,42.774654,42.774654,2811600
2014-07-23,42.907513,43.025040,42.038834,42.319878,42.319878,3022500
2014-07-24,42.396526,42.641800,42.217682,42.350536,42.350536,2644100
2014-07-25,42.370975,42.703117,42.130814,42.350536,42.350536,2389100
2014-07-28,42.386307,42.570259,42.222790,42.483395,42.483395,1420700
2014-07-29,42.386307,42.979050,42.335205,42.376087,42.376087,2174800
2014-07-30,42.585590,43.173225,42.289219,42.774654,42.774654,3569900
2014-07-31,42.141033,44.067451,41.440983,43.541134,43.541134,4449600
2014-08-01,43.433826,43.556465,42.432293,42.580479,42.580479,5786600
2014-08-04,42.677567,43.203884,42.575371,43.111904,43.111904,2403100
2014-08-05,43.071026,43.157894,42.692898,43.050587,43.050587,3162900
2014-08-06,42.810425,42.810425,42.059273,42.422073,42.422073,4990300
2014-08-07,43.250000,43.639999,40.650002,40.980000,40.980000,3848100
2014-08-08,41.060001,42.349998,40.840000,42.279999,42.279999,2226300
2014-08-11,42.290001,43.070000,42.290001,42.500000,42.500000,2938000
2014-08-12,42.529999,42.610001,41.830002,42.320000,42.320000,1909000
2014-08-13,40.889999,42.720001,40.889999,42.709999,42.709999,2999500
2014-08-14,42.689999,42.869999,42.509998,42.770000,42.770000,1438100
2014-08-15,43.119999,43.540001,42.900002,43.490002,43.490002,2212900
2014-08-18,43.840000,44.470001,43.669998,44.389999,44.389999,2165400
2014-08-19,44.250000,44.610001,43.900002,44.430000,44.430000,1812000
2014-08-20,44.290001,44.869999,44.130001,44.830002,44.830002,1484200
2014-08-21,44.730000,44.860001,44.419998,44.759998,44.759998,1612800
2014-08-22,44.820000,44.990002,44.290001,44.299999,44.299999,1610600
2014-08-25,44.470001,44.669998,43.730000,43.910000,43.910000,1760800
2014-08-26,43.810001,44.439999,43.689999,44.090000,44.090000,1904200
2014-08-27,43.970001,44.189999,43.660000,43.779999,43.779999,1922500
2014-08-28,43.700001,43.939999,43.439999,43.759998,43.759998,2052000
2014-08-29,43.750000,44.130001,43.410000,43.720001,43.720001,1818400
2014-09-02,43.900002,44.209999,43.860001,44.009998,44.009998,2927800
2014-09-03,44.049999,44.290001,43.240002,43.459999,43.459999,2756000
2014-09-04,43.639999,43.779999,43.110001,43.500000,43.500000,2226600
2014-09-05,43.520000,43.709999,42.889999,43.439999,43.439999,2482200
2014-09-08,43.070000,43.799999,41.860001,42.439999,42.439999,4189700
2014-09-09,42.270000,42.340000,40.849998,40.910000,40.910000,4262500
2014-09-10,40.830002,41.060001,40.380001,40.970001,40.970001,2245100
2014-09-11,40.840000,41.090000,40.060001,40.369999,40.369999,3048600
2014-09-12,40.439999,40.439999,39.430000,39.660000,39.660000,3805300
2014-09-15,40.419998,40.439999,38.529999,39.349998,39.349998,5221800
2014-09-16,39.369999,39.869999,38.700001,39.459999,39.459999,5549400
2014-09-17,39.340000,40.090000,39.290001,39.950001,39.950001,3821500
2014-09-18,40.009998,40.189999,39.669998,39.970001,39.970001,2791300
2014-09-19,40.200001,40.669998,39.910000,40.500000,40.500000,15560900
2014-09-22,40.410000,40.480000,39.290001,39.349998,39.349998,3371000
2014-09-23,39.459999,39.459999,38.200001,38.220001,38.220001,3235400
2014-09-24,38.380001,38.490002,37.750000,38.099998,38.099998,2649200
2014-09-25,37.919998,38.380001,37.830002,38.090000,38.090000,3471000
2014-09-26,38.070000,39.060001,37.970001,39.000000,39.000000,2992100
2014-09-29,38.509998,38.900002,37.299999,37.709999,37.709999,4455900
2014-09-30,37.830002,38.130001,37.660000,37.799999,37.799999,3200300
2014-10-01,37.630001,37.889999,36.299999,36.310001,36.310001,5402100
2014-10-02,36.119999,36.410000,35.470001,36.270000,36.270000,5380900
2014-10-03,36.360001,37.130001,36.110001,37.000000,37.000000,2795800
2014-10-06,37.160000,37.459999,36.779999,36.849998,36.849998,2572200
2014-10-07,36.650002,36.770000,36.049999,36.200001,36.200001,4021900
2014-10-08,36.139999,37.279999,36.000000,37.160000,37.160000,5510200
2014-10-09,37.000000,37.090000,35.720001,35.790001,35.790001,4054200
2014-10-10,35.790001,35.990002,35.049999,35.070000,35.070000,3447700
2014-10-13,35.000000,35.250000,33.880001,33.910000,33.910000,3393000
2014-10-14,34.189999,35.439999,34.189999,34.310001,34.310001,5207600
2014-10-15,33.730000,34.950001,33.209999,34.450001,34.450001,4365600
2014-10-16,33.759998,34.450001,33.639999,34.189999,34.189999,3161500
2014-10-17,34.459999,35.169998,34.450001,34.650002,34.650002,1878600
2014-10-20,34.500000,34.799999,34.060001,34.650002,34.650002,2064500
2014-10-21,34.799999,36.500000,34.650002,36.240002,36.240002,2830100
2014-10-22,36.310001,36.480000,34.849998,34.889999,34.889999,2220200
2014-10-23,35.220001,36.590000,35.000000,35.970001,35.970001,3074900
2014-10-24,35.990002,36.750000,35.700001,36.610001,36.610001,2112600
2014-10-27,36.480000,36.720001,36.169998,36.520000,36.520000,1636200
2014-10-28,36.450001,37.380001,36.450001,37.240002,37.240002,2495900
2014-10-29,37.130001,37.639999,36.720001,37.020000,37.020000,1565800
2014-10-30,36.139999,36.910000,35.520000,35.939999,35.939999,5342000
2014-10-31,36.740002,37.000000,35.150002,35.349998,35.349998,5822600
2014-11-03,35.349998,35.730000,35.009998,35.669998,35.669998,3740300
2014-11-04,32.660000,33.540001,32.029999,33.310001,33.310001,11848400
2014-11-05,33.290001,34.529999,32.150002,34.470001,34.470001,11660100
2014-11-06,34.560001,34.700001,32.880001,32.900002,32.900002,4515500
2014-11-07,33.020000,33.330002,32.560001,32.619999,32.619999,5338500
2014-11-10,32.779999,32.900002,32.189999,32.259998,32.259998,4724200
2014-11-11,32.340000,32.680000,31.870001,31.990000,31.990000,6446200
2014-11-12,31.290001,32.020000,31.290001,31.860001,31.860001,4781100
2014-11-13,31.990000,32.980000,31.750000,32.860001,32.860001,7771100
2014-11-14,32.919998,33.630001,32.750000,33.529999,33.529999,6156600
2014-11-17,33.209999,33.520000,32.450001,32.529999,32.529999,3759000
2014-11-18,32.790001,33.570000,32.419998,33.360001,33.360001,4770600
2014-11-19,33.169998,33.459999,32.759998,32.970001,32.970001,4012600
2014-11-20,32.759998,33.950001,32.650002,33.919998,33.919998,4060800
2014-11-21,34.220001,34.220001,33.450001,33.750000,33.750000,3043000
2014-11-24,34.020000,34.610001,33.810001,34.590000,34.590000,2791500
2014-11-25,34.830002,35.349998,34.619999,34.810001,34.810001,3009800
2014-11-26,34.810001,34.959999,34.450001,34.730000,34.730000,1875900
2014-11-28,35.060001,35.090000,34.470001,34.900002,34.900002,1077700
2014-12-01,34.630001,35.040001,34.389999,34.689999,34.689999,2111100
2014-12-02,34.799999,35.200001,34.650002,34.919998,34.919998,1558200
2014-12-03,34.930000,35.689999,34.830002,35.310001,35.310001,2695000
2014-12-04,35.240002,35.310001,34.310001,34.430000,34.430000,2661700
2014-12-05,34.430000,34.599998,33.160000,33.970001,33.970001,7058400
2014-12-08,33.830002,34.139999,33.380001,33.669998,33.669998,4332200
2014-12-09,33.540001,34.689999,33.139999,34.639999,34.639999,3731700
2014-12-10,34.430000,34.590000,33.869999,33.900002,33.900002,2984400
2014-12-11,34.110001,34.669998,33.990002,34.049999,34.049999,2727300
2014-12-12,33.320000,34.299999,33.060001,33.380001,33.380001,4975700
2014-12-15,33.770000,34.000000,32.689999,32.869999,32.869999,2449500
2014-12-16,32.910000,33.700001,32.480000,33.189999,33.189999,2808200
2014-12-17,33.299999,34.340000,33.220001,34.220001,34.220001,1931600
2014-12-18,34.680000,35.450001,34.470001,35.410000,35.410000,3520900
2014-12-19,35.759998,35.779999,34.849998,35.430000,35.430000,5941500
2014-12-22,35.560001,35.610001,34.349998,34.599998,34.599998,3585900
2014-12-23,34.720001,35.500000,34.650002,35.080002,35.080002,2390000
2014-12-24,34.980000,35.180000,34.790001,34.889999,34.889999,715800
2014-12-26,35.040001,35.130001,34.610001,34.869999,34.869999,1377000
2014-12-29,34.750000,35.740002,34.700001,35.459999,35.459999,1402100
2014-12-30,35.419998,35.419998,34.639999,35.220001,35.220001,1779700
2014-12-31,35.349998,35.529999,34.389999,34.450001,34.450001,2689300
2015-01-02,34.630001,34.639999,34.119999,34.480000,34.480000,1979600
2015-01-05,34.349998,34.410000,32.939999,33.060001,33.060001,1941300
2015-01-06,33.080002,33.130001,31.930000,31.980000,31.980000,3869800
2015-01-07,32.270000,32.270000,31.469999,32.209999,32.209999,4011700
2015-01-08,32.639999,32.750000,31.940001,32.470001,32.470001,4331300
2015-01-09,32.380001,32.540001,31.959999,32.029999,32.029999,3103800
2015-01-12,32.200001,32.290001,31.580000,31.639999,31.639999,3348600
2015-01-13,31.879999,32.220001,31.020000,31.209999,31.209999,4465600
2015-01-14,30.570000,30.760000,29.580000,30.000000,30.000000,6142500
2015-01-15,30.150000,30.150000,29.430000,29.469999,29.469999,5077300
2015-01-16,29.250000,29.719999,28.940001,29.420000,29.420000,9682000
2015-01-20,29.610001,29.610001,28.750000,29.250000,29.250000,6504600
2015-01-21,29.120001,29.830000,29.049999,29.459999,29.459999,5661100
2015-01-22,29.620001,30.200001,29.490000,30.059999,30.059999,4567300
2015-01-23,29.250000,30.150000,29.250000,29.840000,29.840000,3027800
2015-01-26,29.980000,30.360001,29.879999,30.059999,30.059999,2152200
2015-01-27,29.590000,30.200001,29.549999,30.049999,30.049999,2156500
2015-01-28,30.219999,30.290001,29.639999,29.780001,29.780001,4595600
2015-01-29,29.900000,29.900000,29.299999,29.740000,29.740000,4583900
2015-01-30,29.559999,29.850000,28.940001,28.990000,28.990000,5457000
2015-02-02,29.160000,29.280001,28.719999,29.280001,29.280001,3332500
2015-02-03,29.510000,30.190001,29.320000,29.570000,29.570000,6038300
2015-02-04,29.610001,30.440001,29.600000,30.100000,30.100000,4554200
2015-02-05,30.100000,30.280001,29.040001,29.190001,29.190001,5389800
2015-02-06,29.150000,30.430000,29.150000,29.910000,29.910000,2719100
2015-02-09,29.480000,30.219999,29.480000,30.049999,30.049999,2457000
2015-02-10,30.230000,30.879999,29.870001,30.840000,30.840000,2686300
2015-02-11,30.910000,31.000000,30.190001,30.600000,30.600000,2592600
2015-02-12,30.670000,30.950001,30.070000,30.350000,30.350000,3758000
2015-02-13,30.250000,31.540001,30.250000,31.450001,31.450001,4509500
2015-02-17,31.500000,31.740000,30.780001,30.799999,30.799999,3753400
2015-02-18,30.850000,31.120001,30.610001,30.900000,30.900000,4991800
2015-02-19,30.650000,32.369999,29.700001,31.100000,31.100000,9924000
2015-02-20,31.000000,31.170000,29.450001,30.930000,30.930000,23015900
2015-02-23,32.000000,33.820000,31.900000,32.340000,32.340000,17369400
2015-02-24,32.900002,33.169998,32.340000,33.000000,33.000000,7012900
2015-02-25,33.060001,33.770000,32.779999,32.939999,32.939999,6331200
2015-02-26,32.950001,33.139999,32.130001,32.450001,32.450001,3315400
2015-02-27,32.529999,32.730000,32.209999,32.299999,32.299999,4123600
2015-03-02,32.380001,32.810001,32.099998,32.650002,32.650002,3451300
2015-03-03,32.560001,34.049999,32.459999,33.990002,33.990002,5857700
2015-03-04,33.919998,33.950001,33.320000,33.799999,33.799999,4156400
2015-03-05,33.820000,33.930000,33.360001,33.560001,33.560001,2602000
2015-03-06,33.389999,33.529999,32.790001,33.080002,33.080002,5398000
2015-03-09,33.080002,33.270000,32.650002,32.810001,32.810001,2998100
2015-03-10,32.799999,32.849998,32.189999,32.369999,32.369999,3284500
2015-03-11,32.340000,32.630001,32.169998,32.400002,32.400002,3057100
2015-03-12,32.490002,32.720001,31.740000,32.389999,32.389999,3979400
2015-03-13,32.250000,32.450001,31.600000,32.029999,32.029999,4304700
2015-03-16,32.189999,32.639999,31.700001,32.599998,32.599998,2332000
2015-03-17,32.349998,32.490002,31.799999,32.110001,32.110001,3820600
2015-03-18,31.950001,32.029999,31.080000,31.650000,31.650000,5980900
2015-03-19,31.520000,31.840000,31.190001,31.820000,31.820000,4706800
2015-03-20,32.009998,32.459999,31.660000,32.450001,32.450001,3855900
2015-03-23,32.450001,32.799999,32.380001,32.549999,32.549999,2269500
2015-03-24,32.380001,32.709999,32.220001,32.509998,32.509998,2319500
2015-03-25,32.520000,32.549999,31.150000,31.549999,31.549999,5454800
2015-03-26,31.350000,31.480000,30.600000,30.930000,30.930000,5427200
2015-03-27,30.830000,31.670000,30.639999,31.270000,31.270000,3424700
2015-03-30,31.320000,31.639999,31.010000,31.090000,31.090000,2484000
2015-03-31,31.059999,31.209999,30.670000,30.760000,30.760000,3193500
2015-04-01,30.830000,31.129999,30.510000,30.910000,30.910000,3272100
2015-04-02,31.170000,32.189999,30.709999,32.150002,32.150002,4459400
2015-04-06,31.889999,32.959999,31.680000,32.709999,32.709999,5449400
2015-04-07,32.639999,33.209999,32.389999,32.919998,32.919998,4395700
2015-04-08,32.919998,33.250000,32.720001,32.840000,32.840000,3646500
2015-04-09,32.880001,33.250000,32.720001,33.209999,33.209999,2352200
2015-04-10,33.299999,33.310001,32.910000,33.040001,33.040001,2255900
2015-04-13,33.099998,33.500000,32.799999,33.029999,33.029999,2797100
2015-04-14,32.869999,33.209999,32.439999,32.939999,32.939999,5981300
2015-04-15,33.000000,33.680000,32.869999,33.380001,33.380001,2540600
2015-04-16,33.250000,33.500000,32.970001,33.180000,33.180000,2475400
2015-04-17,32.889999,33.080002,32.180000,32.799999,32.799999,4823200
2015-04-20,33.060001,34.310001,33.000000,33.959999,33.959999,6742400
2015-04-21,33.959999,34.049999,33.369999,33.480000,33.480000,2671000
2015-04-22,33.490002,33.709999,33.130001,33.529999,33.529999,2310700
2015-04-23,33.380001,34.080002,33.220001,33.639999,33.639999,3190200
2015-04-24,33.570000,33.599998,32.700001,32.709999,32.709999,3250100
2015-04-27,32.810001,33.029999,32.150002,32.240002,32.240002,2328200
2015-04-28,31.920000,32.090000,31.250000,31.700001,31.700001,10121300
2015-04-29,31.610001,32.349998,31.530001,32.189999,32.189999,4865300
2015-04-30,32.040001,32.490002,31.980000,32.360001,32.360001,4940800
2015-05-01,32.580002,32.900002,32.340000,32.740002,32.740002,3337900
2015-05-04,32.889999,33.410000,32.689999,33.369999,33.369999,4129100
2015-05-05,33.570000,33.930000,32.570000,32.590000,32.590000,8660000
2015-05-06,32.599998,32.759998,31.639999,32.000000,32.000000,7036700
2015-05-07,32.060001,32.060001,31.209999,31.510000,31.510000,4257900
2015-05-08,31.860001,31.860001,31.280001,31.330000,31.330000,3312100
2015-05-11,31.350000,31.639999,30.730000,30.780001,30.780001,2770000
2015-05-12,30.889999,32.619999,30.549999,32.020000,32.020000,15921400
2015-05-13,32.000000,32.139999,31.209999,31.440001,31.440001,5184600
2015-05-14,31.510000,31.799999,31.219999,31.400000,31.400000,3184900
2015-05-15,31.360001,31.760000,31.240000,31.760000,31.760000,2872600
2015-05-18,31.570000,33.080002,31.520000,32.980000,32.980000,5038300
2015-05-19,32.779999,33.580002,32.590000,33.330002,33.330002,4240400
2015-05-20,33.509998,33.770000,33.330002,33.570000,33.570000,2993200
2015-05-21,33.490002,33.720001,33.200001,33.299999,33.299999,3036800
2015-05-22,33.299999,33.439999,32.880001,33.150002,33.150002,2055600
2015-05-26,33.099998,33.200001,32.669998,32.849998,32.849998,1991200
2015-05-27,32.900002,33.250000,32.750000,33.099998,33.099998,1909400
2015-05-28,33.090000,33.240002,32.970001,33.049999,33.049999,1667600
2015-05-29,33.099998,34.080002,33.029999,33.939999,33.939999,5511200
2015-06-01,34.070000,34.279999,33.799999,33.930000,33.930000,2863800
2015-06-02,33.919998,34.230000,33.610001,33.950001,33.950001,2067100
2015-06-03,33.880001,34.150002,33.580002,33.970001,33.970001,2198800
2015-06-04,33.650002,34.060001,33.509998,33.860001,33.860001,2600300
2015-06-05,33.770000,34.790001,33.540001,34.450001,34.450001,3724500
2015-06-08,34.400002,34.500000,33.599998,33.779999,33.779999,3220400
2015-06-09,33.930000,33.930000,33.150002,33.439999,33.439999,2025600
2015-06-10,33.570000,33.650002,33.080002,33.230000,33.230000,1797200
2015-06-11,33.380001,33.480000,32.610001,32.959999,32.959999,2196800
2015-06-12,32.950001,33.000000,32.400002,32.509998,32.509998,2793500
2015-06-15,32.410000,32.919998,32.080002,32.730000,32.730000,2528700
2015-06-16,32.759998,33.009998,32.480000,32.889999,32.889999,1694300
2015-06-17,32.849998,33.450001,32.840000,33.340000,33.340000,2289700
2015-06-18,33.470001,34.099998,33.349998,33.900002,33.900002,2098700
2015-06-19,33.880001,34.070000,33.549999,33.910000,33.910000,2286000
2015-06-22,33.360001,34.369999,33.220001,33.939999,33.939999,1942200
2015-06-23,34.029999,34.099998,33.570000,34.040001,34.040001,2584700
2015-06-24,34.099998,34.119999,33.650002,33.750000,33.750000,1802900
2015-06-25,33.919998,33.919998,33.500000,33.599998,33.599998,2324300
2015-06-26,33.709999,34.169998,33.459999,33.840000,33.840000,6361200
2015-06-29,34.250000,34.490002,33.130001,33.220001,33.220001,3132100
2015-06-30,33.540001,33.669998,33.090000,33.259998,33.259998,3228000
2015-07-01,33.439999,33.570000,32.990002,33.290001,33.290001,3907300
2015-07-02,33.450001,33.930000,32.919998,33.180000,33.180000,3534400
2015-07-06,32.990002,33.540001,32.860001,33.090000,33.090000,2402600
2015-07-07,33.180000,33.889999,32.450001,33.799999,33.799999,3662000
2015-07-08,33.730000,34.259998,32.709999,32.779999,32.779999,2876500
2015-07-09,32.970001,33.230000,32.500000,32.529999,32.529999,2692500
2015-07-10,32.939999,33.540001,32.770000,33.380001,33.380001,2098100
2015-07-13,33.590000,34.000000,33.470001,33.529999,33.529999,2684600
2015-07-14,33.730000,34.169998,33.580002,34.009998,34.009998,2230100
2015-07-15,34.119999,34.349998,33.840000,33.919998,33.919998,1749100
2015-07-16,34.200001,34.939999,34.000000,34.799999,34.799999,2146400
2015-07-17,34.180000,34.700001,33.169998,33.310001,33.310001,3336800
2015-07-20,32.880001,32.880001,31.860001,32.639999,32.639999,4054200
2015-07-21,32.320000,32.389999,31.799999,31.820000,31.820000,3491100
2015-07-22,31.770000,32.450001,31.610001,32.430000,32.430000,3078200
2015-07-23,32.389999,32.580002,31.900000,32.150002,32.150002,2489400
2015-07-24,32.209999,32.250000,31.700001,31.799999,31.799999,1569800
2015-07-27,31.610001,32.630001,31.100000,31.540001,31.540001,3785700
2015-07-28,31.610001,31.790001,31.000000,31.309999,31.309999,2967600
2015-07-29,31.299999,31.790001,30.900000,31.610001,31.610001,3031300
2015-07-30,31.450001,32.299999,31.280001,32.230000,32.230000,3387500
2015-07-31,32.439999,33.160000,32.180000,33.020000,33.020000,3675700
2015-08-03,33.000000,33.299999,31.500000,32.709999,32.709999,3335800
2015-08-04,32.709999,33.430000,32.360001,32.860001,32.860001,3820700
2015-08-05,32.410000,32.610001,28.469999,28.870001,28.870001,12193900
2015-08-06,29.010000,29.959999,28.200001,29.879999,29.879999,12320500
2015-08-07,30.350000,30.350000,29.000000,29.440001,29.440001,7099900
2015-08-10,29.830000,29.920000,29.320000,29.549999,29.549999,4511300
2015-08-11,29.420000,29.430000,28.680000,28.740000,28.740000,3122000
2015-08-12,28.500000,28.959999,28.469999,28.930000,28.930000,3247400
2015-08-13,28.879999,28.879999,28.389999,28.480000,28.480000,5030700
2015-08-14,28.490000,28.670000,28.190001,28.309999,28.309999,2433700
2015-08-17,28.180000,29.400000,28.170000,29.320000,29.320000,2869200
2015-08-18,29.299999,29.510000,28.930000,29.049999,29.049999,1680800
2015-08-19,29.049999,29.190001,28.510000,28.780001,28.780001,2090500
2015-08-20,28.459999,28.500000,27.020000,27.320000,27.320000,7497400
2015-08-21,27.020000,27.320000,26.690001,27.100000,27.100000,5561100
2015-08-24,25.620001,26.820000,25.110001,26.049999,26.049999,6539400
2015-08-25,26.790001,26.790001,25.820000,25.820000,25.820000,7841100
2015-08-26,26.350000,26.590000,25.900000,26.520000,26.520000,3998900
2015-08-27,26.639999,27.290001,26.360001,26.910000,26.910000,3195100
2015-08-28,26.690001,27.420000,26.590000,27.110001,27.110001,2473700
2015-08-31,26.910000,26.959999,26.389999,26.600000,26.600000,2737500
2015-09-01,26.030001,26.490000,26.000000,26.280001,26.280001,4474700
2015-09-02,26.690001,26.750000,26.020000,26.750000,26.750000,3374300
2015-09-03,26.790001,27.680000,26.620001,27.120001,27.120001,3087900
2015-09-04,26.799999,27.070000,26.590000,26.730000,26.730000,2076300
2015-09-08,27.620001,27.889999,27.110001,27.219999,27.219999,3605000
2015-09-09,27.420000,27.680000,26.750000,26.820000,26.820000,2669200
2015-09-10,26.790001,27.129999,26.559999,26.900000,26.900000,2936600
2015-09-11,26.799999,27.059999,26.420000,26.940001,26.940001,2367400
2015-09-14,26.790001,26.889999,26.190001,26.570000,26.570000,3042900
2015-09-15,26.709999,27.080000,26.490000,26.990000,26.990000,2071900
2015-09-16,27.129999,28.129999,27.129999,27.889999,27.889999,2899400
2015-09-17,27.900000,28.680000,27.830000,28.290001,28.290001,3011300
2015-09-18,27.950001,28.520000,27.620001,28.280001,28.280001,3690300
2015-09-21,28.320000,28.850000,28.139999,28.809999,28.809999,4520800
2015-09-22,28.420000,28.440001,27.450001,27.809999,27.809999,4081300
2015-09-23,27.799999,27.950001,27.500000,27.670000,27.670000,2514800
2015-09-24,27.500000,27.959999,27.010000,27.650000,27.650000,2614500
2015-09-25,27.660000,27.920000,27.389999,27.840000,27.840000,2580500
2015-09-28,27.850000,28.309999,27.650000,27.780001,27.780001,3996300
2015-09-29,28.100000,28.230000,25.570000,26.400000,26.400000,14228200
2015-09-30,26.450001,26.770000,25.270000,26.030001,26.030001,6528900
2015-10-01,26.150000,26.170000,25.270000,25.360001,25.360001,4624700
2015-10-02,25.100000,26.110001,25.020000,26.090000,26.090000,3651500
2015-10-05,26.350000,27.100000,26.230000,26.879999,26.879999,3597100
2015-10-06,27.020000,27.459999,26.870001,27.209999,27.209999,3095300
2015-10-07,27.370001,28.500000,27.370001,28.010000,28.010000,3978900
2015-10-08,27.980000,28.950001,27.809999,28.840000,28.840000,3901100
2015-10-09,28.930000,29.290001,28.500000,28.900000,28.900000,2284000
2015-10-12,29.000000,29.000000,28.480000,28.840000,28.840000,3143900
2015-10-13,28.719999,29.100000,28.500000,28.830000,28.830000,2973400
2015-10-14,28.420000,28.879999,27.850000,28.350000,28.350000,1764800
2015-10-15,28.459999,28.870001,27.950001,28.860001,28.860001,2154300
2015-10-16,28.590000,28.750000,28.170000,28.490000,28.490000,3212000
2015-10-19,28.459999,28.770000,28.170000,28.700001,28.700001,2165200
2015-10-20,28.770000,29.379999,28.500000,29.180000,29.180000,3034100
2015-10-21,29.290001,29.540001,28.719999,28.809999,28.809999,1691000
2015-10-22,28.850000,29.670000,28.740000,29.450001,29.450001,2029600
2015-10-23,29.690001,29.910000,29.400000,29.770000,29.770000,2451600
2015-10-26,29.840000,29.840000,29.139999,29.290001,29.290001,2297600
2015-10-27,29.049999,29.320000,28.320000,28.780001,28.780001,3149400
2015-10-28,28.820000,29.559999,28.620001,29.530001,29.530001,2449400
2015-10-29,29.320000,30.129999,29.100000,29.370001,29.370001,2802900
2015-10-30,29.379999,29.670000,28.719999,29.440001,29.440001,2684300
2015-11-02,29.530001,30.240000,29.420000,30.059999,30.059999,4489100
2015-11-03,31.000000,31.799999,30.100000,31.080000,31.080000,6098100
2015-11-04,31.129999,31.520000,29.260000,30.299999,30.299999,7195900
2015-11-05,30.360001,30.360001,29.139999,29.510000,29.510000,4104300
2015-11-06,29.290001,29.459999,28.799999,29.010000,29.010000,4429300
2015-11-09,29.100000,29.389999,28.250000,29.000000,29.000000,3677100
2015-11-10,29.100000,30.090000,29.020000,30.059999,30.059999,3571400
2015-11-11,30.320000,31.350000,30.100000,30.610001,30.610001,4085300
2015-11-12,30.480000,30.760000,30.100000,30.160000,30.160000,3086100
2015-11-13,30.170000,30.440001,29.860001,29.980000,29.980000,2433200
2015-11-16,29.889999,30.620001,29.870001,30.590000,30.590000,2321300
2015-11-17,30.670000,30.959999,29.879999,30.100000,30.100000,3666400
2015-11-18,30.280001,30.799999,30.219999,30.780001,30.780001,1981100
2015-11-19,30.820000,30.879999,30.170000,30.559999,30.559999,2671700
2015-11-20,30.700001,31.000000,30.500000,30.770000,30.770000,2189500
2015-11-23,30.690001,31.330000,30.309999,30.709999,30.709999,2520000
2015-11-24,30.570000,31.160000,30.410000,30.950001,30.950001,2904600
2015-11-25,30.889999,31.260000,30.290001,31.120001,31.120001,2695100
2015-11-27,31.120001,31.330000,30.650000,31.080000,31.080000,1460100
2015-11-30,31.150000,31.389999,30.709999,31.139999,31.139999,3078000
2015-12-01,31.219999,31.379999,30.879999,31.080000,31.080000,2498500
2015-12-02,31.129999,31.250000,30.040001,30.180000,30.180000,3878000
2015-12-03,30.180000,30.600000,29.670000,30.120001,30.120001,2888200
2015-12-04,30.139999,30.850000,29.889999,30.730000,30.730000,2350200
2015-12-07,30.730000,30.850000,30.120001,30.700001,30.700001,2305900
2015-12-08,30.440001,30.440001,29.389999,29.430000,29.430000,4312400
2015-12-09,29.260000,29.469999,28.320000,28.450001,28.450001,4535800
2015-12-10,28.440001,28.820000,28.040001,28.389999,28.389999,3195400
2015-12-11,27.920000,28.120001,27.150000,27.370001,27.370001,3029200
2015-12-14,27.360001,27.680000,25.990000,26.450001,26.450001,6125100
2015-12-15,26.580000,27.480000,26.309999,26.520000,26.520000,4982700
2015-12-16,26.799999,27.410000,26.620001,27.180000,27.180000,3438200
2015-12-17,27.209999,27.360001,26.299999,26.480000,26.480000,2920200
2015-12-18,26.469999,26.469999,25.830000,26.219999,26.219999,7112400
2015-12-21,26.600000,26.629999,26.160000,26.280001,26.280001,2870700
2015-12-22,26.379999,27.040001,26.270000,26.870001,26.870001,2471100
2015-12-23,26.860001,27.240000,26.709999,27.139999,27.139999,2652800
2015-12-24,27.170000,27.290001,26.969999,27.090000,27.090000,980400
2015-12-28,26.690001,27.059999,26.270000,26.840000,26.840000,1881900
2015-12-29,27.000000,27.190001,26.750000,26.900000,26.900000,1475300
2015-12-30,26.889999,27.080000,26.350000,26.559999,26.559999,2032500
2015-12-31,26.500000,26.910000,26.299999,26.680000,26.680000,1694600
2016-01-04,26.129999,26.850000,25.900000,26.410000,26.410000,2763000
2016-01-05,26.459999,27.139999,26.170000,26.469999,26.469999,1738500
2016-01-06,25.959999,26.639999,25.930000,26.280001,26.280001,2268500
2016-01-07,25.750000,26.030001,25.230000,25.480000,25.480000,2927300
2016-01-08,25.650000,26.180000,25.379999,26.010000,26.010000,2886500
2016-01-11,26.080000,26.309999,25.420000,25.830000,25.830000,2437000
2016-01-12,25.950001,26.639999,25.889999,26.330000,26.330000,2433400
2016-01-13,26.430000,26.700001,25.379999,25.540001,25.540001,2114700
2016-01-14,25.690001,26.549999,25.450001,26.299999,26.299999,3830700
2016-01-15,25.540001,26.110001,25.340000,25.889999,25.889999,2156700
2016-01-19,26.139999,26.410000,25.430000,25.790001,25.790001,3583800
2016-01-20,25.340000,25.770000,24.700001,25.530001,25.530001,3013900
2016-01-21,25.530001,26.309999,25.209999,25.889999,25.889999,3448700
2016-01-22,26.360001,27.030001,26.280001,26.900000,26.900000,3350100
2016-01-25,26.709999,26.870001,26.180000,26.250000,26.250000,2310500
2016-01-26,26.430000,27.480000,26.340000,27.420000,27.420000,3048300
2016-01-27,27.400000,28.030001,26.990000,27.100000,27.100000,3274700
2016-01-28,27.370001,27.420000,26.219999,26.730000,26.730000,2777800
2016-01-29,26.790001,27.620001,26.709999,27.590000,27.590000,2537400
2016-02-01,27.330000,27.820000,26.889999,27.639999,27.639999,2538300
2016-02-02,27.219999,27.430000,26.320000,26.400000,26.400000,2768600
2016-02-03,26.540001,27.309999,25.950001,27.270000,27.270000,2422000
2016-02-04,27.379999,28.320000,27.360001,27.700001,27.700001,3172400
2016-02-05,27.700001,27.740000,26.790001,27.209999,27.209999,3111800
2016-02-08,26.840000,26.980000,25.490000,26.020000,26.020000,3123900
2016-02-09,25.510000,25.580000,24.200001,24.719999,24.719999,5795700
2016-02-10,24.629999,25.139999,23.850000,24.750000,24.750000,3902000
2016-02-11,24.129999,24.549999,23.740000,24.330000,24.330000,3625000
2016-02-12,24.469999,25.070000,24.200001,25.000000,25.000000,3039400
2016-02-16,24.709999,25.670000,24.209999,25.559999,25.559999,4251500
2016-02-17,25.670000,26.969999,25.410000,26.709999,26.709999,5594500
2016-02-18,25.900000,26.190001,24.330000,25.620001,25.620001,7059100
2016-02-19,25.490000,25.870001,25.090000,25.350000,25.350000,3969700
2016-02-22,25.719999,26.360001,25.660000,26.190001,26.190001,3765400
2016-02-23,26.200001,26.200001,25.100000,25.190001,25.190001,4099600
2016-02-24,24.920000,25.350000,24.430000,25.200001,25.200001,4072900
2016-02-25,25.379999,25.389999,24.530001,24.879999,24.879999,3331100
2016-02-26,25.070000,25.320000,24.840000,25.080000,25.080000,4317500
2016-02-29,25.040001,25.420000,24.830000,25.000000,25.000000,3765900
2016-03-01,25.260000,26.700001,25.059999,26.430000,26.430000,5441700
2016-03-02,26.270000,27.080000,26.219999,26.780001,26.780001,4479800
2016-03-03,26.600000,27.860001,26.600000,27.629999,27.629999,4734000
2016-03-04,27.540001,27.879999,27.030001,27.600000,27.600000,4254800
2016-03-07,27.320000,28.190001,27.150000,28.059999,28.059999,2938000
2016-03-08,27.840000,27.900000,27.100000,27.180000,27.180000,4029600
2016-03-09,27.490000,27.860001,27.260000,27.670000,27.670000,2973400
2016-03-10,27.879999,27.920000,27.219999,27.639999,27.639999,2377400
2016-03-11,27.950001,28.650000,27.610001,28.440001,28.440001,2971000
2016-03-14,28.010000,28.450001,27.500000,27.930000,27.930000,2774100
2016-03-15,27.820000,27.990000,27.459999,27.660000,27.660000,2826800
2016-03-16,27.490000,28.570000,27.360001,28.549999,28.549999,2874800
2016-03-17,28.580000,29.240000,28.540001,29.100000,29.100000,2890100
2016-03-18,29.160000,29.530001,28.920000,29.420000,29.420000,3440500
2016-03-21,29.270000,29.750000,28.660000,29.240000,29.240000,2395600
2016-03-22,28.969999,29.120001,28.540001,28.870001,28.870001,2249800
2016-03-23,28.889999,28.889999,27.520000,27.809999,27.809999,3373000
2016-03-24,27.580000,28.100000,27.320000,27.990000,27.990000,2472200
2016-03-28,28.150000,28.459999,27.920000,28.230000,28.230000,1331400
2016-03-29,28.190001,28.379999,27.790001,28.240000,28.240000,2063000
2016-03-30,28.450001,28.530001,27.990000,28.090000,28.090000,1851400
2016-03-31,28.160000,28.690001,28.160000,28.629999,28.629999,2615400
2016-04-01,28.270000,28.980000,28.170000,28.900000,28.900000,2300700
2016-04-04,29.000000,29.260000,28.750000,28.879999,28.879999,1855000
2016-04-05,28.650000,28.830000,28.360001,28.620001,28.620001,2386800
2016-04-06,28.730000,29.010000,28.450001,28.930000,28.930000,2223600
2016-04-07,28.719999,28.889999,27.660000,27.910000,27.910000,3981500
2016-04-08,28.389999,28.430000,27.900000,28.170000,28.170000,2893500
2016-04-11,28.440001,28.600000,28.049999,28.350000,28.350000,3233900
2016-04-12,28.440001,28.570000,27.910000,28.379999,28.379999,2527600
2016-04-13,28.590000,29.080000,28.360001,28.700001,28.700001,2113500
2016-04-14,28.690001,28.850000,28.370001,28.379999,28.379999,2065800
2016-04-15,28.360001,28.440001,28.020000,28.340000,28.340000,2360500
2016-04-18,28.209999,28.830000,28.150000,28.549999,28.549999,1412600
2016-04-19,28.629999,29.209999,28.280001,28.340000,28.340000,3331500
2016-04-20,28.340000,28.410000,27.760000,28.160000,28.160000,3345100
2016-04-21,28.299999,28.850000,28.170000,28.370001,28.370001,2616400
2016-04-22,28.340000,28.950001,28.240000,28.799999,28.799999,2568300
2016-04-25,28.530001,28.730000,27.780001,27.930000,27.930000,4779300
2016-04-26,27.600000,28.480000,27.540001,28.200001,28.200001,2904800
2016-04-27,28.299999,28.540001,28.000000,28.440001,28.440001,1721200
2016-04-28,28.290001,28.590000,27.950001,28.150000,28.150000,2246900
2016-04-29,28.010000,28.059999,26.990000,27.309999,27.309999,4294500
2016-05-02,27.370001,28.090000,27.139999,27.930000,27.930000,3774800
2016-05-03,27.600000,27.700001,26.920000,27.000000,27.000000,3540400
2016-05-04,27.040001,27.530001,26.570000,26.590000,26.590000,6455500
2016-05-05,27.549999,28.320000,27.250000,27.740000,27.740000,8407400
2016-05-06,27.680000,28.350000,27.410000,28.280001,28.280001,4331600
2016-05-09,28.379999,28.590000,28.059999,28.150000,28.150000,2672500
2016-05-10,28.330000,29.370001,28.260000,29.309999,29.309999,4655500
2016-05-11,29.110001,29.299999,28.780001,28.969999,28.969999,3986300
2016-05-12,29.120001,29.150000,27.840000,28.139999,28.139999,5648000
2016-05-13,28.040001,28.690001,27.889999,27.980000,27.980000,3739900
2016-05-16,28.090000,28.219999,27.480000,27.530001,27.530001,3590300
2016-05-17,27.370001,27.920000,27.219999,27.450001,27.450001,4087000
2016-05-18,26.790001,26.840000,26.290001,26.709999,26.709999,6318500
2016-05-19,26.610001,26.719999,26.059999,26.100000,26.100000,3524800
2016-05-20,26.340000,26.760000,26.049999,26.170000,26.170000,3658500
2016-05-23,26.230000,26.629999,26.160000,26.240000,26.240000,2755100
2016-05-24,26.290001,26.620001,26.290001,26.530001,26.530001,3540100
2016-05-25,26.620001,27.129999,26.520000,27.000000,27.000000,2396000
2016-05-26,27.049999,27.299999,26.809999,27.070000,27.070000,2363600
2016-05-27,27.030001,27.650000,27.030001,27.549999,27.549999,2658000
2016-05-31,27.690001,27.969999,27.520000,27.850000,27.850000,3184500
2016-06-01,27.719999,27.920000,27.309999,27.809999,27.809999,1807100
2016-06-02,27.709999,28.450001,27.680000,28.299999,28.299999,3167200
2016-06-03,28.219999,28.420000,27.750000,28.389999,28.389999,3731600
2016-06-06,28.540001,28.889999,28.040001,28.879999,28.879999,4152300
2016-06-07,28.180000,28.200001,27.639999,27.850000,27.850000,5662600
2016-06-08,28.070000,28.160000,27.799999,28.040001,28.040001,1569800
2016-06-09,27.870001,27.889999,27.209999,27.330000,27.330000,2757900
2016-06-10,26.950001,27.510000,25.990000,26.150000,26.150000,4161100
2016-06-13,26.150000,26.510000,25.969999,25.969999,25.969999,1976100
2016-06-14,25.940001,26.090000,25.440001,25.670000,25.670000,5049300
2016-06-15,25.740000,26.150000,25.480000,25.540001,25.540001,4329300
2016-06-16,25.379999,25.570000,25.110001,25.549999,25.549999,3632300
2016-06-17,25.690001,26.030001,25.430000,25.590000,25.590000,3341600
2016-06-20,25.950001,26.520000,25.930000,26.090000,26.090000,3313000
2016-06-21,26.160000,26.160000,25.400000,25.760000,25.760000,3253000
2016-06-22,25.959999,26.280001,25.760000,25.990000,25.990000,3066500
2016-06-23,26.209999,26.440001,26.100000,26.370001,26.370001,2989200
2016-06-24,25.180000,25.330000,24.299999,24.459999,24.459999,6384100
2016-06-27,24.459999,24.530001,23.670000,23.730000,23.730000,5230400
2016-06-28,24.020000,24.049999,23.660000,23.910000,23.910000,3521700
2016-06-29,23.920000,24.459999,23.770000,24.379999,24.379999,3558700
2016-06-30,24.510000,25.260000,24.500000,25.230000,25.230000,6201600
2016-07-01,25.290001,25.520000,25.110001,25.250000,25.250000,2981400
2016-07-05,25.070000,25.160000,24.530001,24.770000,24.770000,2947800
2016-07-06,24.620001,25.120001,24.440001,25.100000,25.100000,3317600
2016-07-07,25.150000,25.510000,25.090000,25.410000,25.410000,3182300
2016-07-08,25.500000,25.809999,25.480000,25.620001,25.620001,3462000
2016-07-11,25.690001,25.830000,25.230000,25.250000,25.250000,4112000
2016-07-12,25.480000,25.620001,25.360001,25.540001,25.540001,3976300
2016-07-13,25.690001,25.690001,25.370001,25.490000,25.490000,3059900
2016-07-14,25.760000,25.830000,25.469999,25.700001,25.700001,3708000
2016-07-15,25.459999,25.670000,24.870001,25.059999,25.059999,3409800
2016-07-18,25.070000,25.309999,24.959999,25.299999,25.299999,3809000
2016-07-19,25.260000,25.389999,25.090000,25.170000,25.170000,2948400
2016-07-20,25.190001,25.590000,25.040001,25.309999,25.309999,2393100
2016-07-21,25.379999,25.690001,25.270000,25.400000,25.400000,2031000
2016-07-22,25.270000,25.610001,25.270000,25.510000,25.510000,1319500
2016-07-25,25.430000,25.730000,25.400000,25.459999,25.459999,1693200
2016-07-26,25.420000,25.750000,25.309999,25.639999,25.639999,2116700
2016-07-27,25.740000,25.760000,25.120001,25.459999,25.459999,2010500
2016-07-28,25.370001,25.549999,25.170000,25.260000,25.260000,1835000
2016-07-29,25.209999,25.230000,24.709999,25.090000,25.090000,4499400
2016-08-01,25.160000,25.309999,24.730000,24.770000,24.770000,5154900
2016-08-02,26.000000,26.530001,25.500000,26.420000,26.420000,8682400
2016-08-03,26.809999,27.730000,26.299999,26.830000,26.830000,7548600
2016-08-04,26.760000,26.910000,25.940001,26.420000,26.420000,3992200
2016-08-05,26.530001,26.580000,26.230000,26.330000,26.330000,2542900
2016-08-08,26.490000,26.559999,25.990000,26.200001,26.200001,3114800
2016-08-09,26.160000,26.260000,25.639999,25.650000,25.650000,3175600
2016-08-10,25.690001,25.990000,25.510000,25.760000,25.760000,2591400
2016-08-11,25.850000,26.120001,25.750000,26.100000,26.100000,2097900
2016-08-12,26.090000,26.510000,25.870001,26.350000,26.350000,3196700
2016-08-15,26.459999,26.700001,26.400000,26.580000,26.580000,1813200
2016-08-16,26.440001,26.459999,26.250000,26.350000,26.350000,1606900
2016-08-17,26.379999,27.020000,26.370001,26.969999,26.969999,4628100
2016-08-18,26.920000,27.090000,26.719999,26.840000,26.840000,3284500
2016-08-19,26.750000,26.860001,26.620001,26.730000,26.730000,2036800
2016-08-22,26.730000,26.730000,26.370001,26.559999,26.559999,2689100
2016-08-23,26.590000,26.660000,26.340000,26.389999,26.389999,2420800
2016-08-24,26.400000,26.540001,26.080000,26.110001,26.110001,2530800
2016-08-25,26.150000,26.260000,25.809999,25.870001,25.870001,1999500
2016-08-26,25.990000,26.209999,25.580000,25.730000,25.730000,2233100
2016-08-29,25.760000,25.910000,25.650000,25.660000,25.660000,1105700
2016-08-30,25.680000,25.809999,25.469999,25.590000,25.590000,1921300
2016-08-31,25.540001,25.700001,25.350000,25.510000,25.510000,2457200
2016-09-01,25.520000,25.760000,25.430000,25.690001,25.690001,2285100
2016-09-02,25.740000,25.959999,25.740000,25.889999,25.889999,1747000
2016-09-06,25.900000,25.910000,24.879999,25.090000,25.090000,4864400
2016-09-07,25.120001,25.250000,24.889999,25.070000,25.070000,2861100
2016-09-08,25.000000,25.450001,24.910000,25.379999,25.379999,3913400
2016-09-09,25.170000,25.299999,24.530001,24.549999,24.549999,3856100
2016-09-12,24.389999,25.190001,24.219999,25.180000,25.180000,3402100
2016-09-13,24.879999,25.000000,24.580000,24.730000,24.730000,3402500
2016-09-14,24.240000,24.959999,24.240000,24.740000,24.740000,1948000
2016-09-15,24.740000,24.799999,24.180000,24.410000,24.410000,4156700
2016-09-16,24.260000,24.389999,23.959999,24.350000,24.350000,5492900
2016-09-19,24.440001,24.680000,24.280001,24.549999,24.549999,2265500
2016-09-20,24.700001,24.700001,24.260000,24.270000,24.270000,4373800
2016-09-21,24.290001,24.559999,24.129999,24.530001,24.530001,3483800
2016-09-22,24.480000,25.830000,24.459999,25.709999,25.709999,6441600
2016-09-23,25.650000,26.160000,25.590000,26.090000,26.090000,4432600
2016-09-26,26.010000,26.170000,25.750000,26.160000,26.160000,4907400
2016-09-27,25.840000,26.389999,25.610001,26.370001,26.370001,4886000
2016-09-28,26.500000,26.809999,26.340000,26.799999,26.799999,3004600
2016-09-29,26.559999,27.250000,26.230000,26.809999,26.809999,3978800
2016-09-30,26.930000,27.110001,26.760000,26.920000,26.920000,4818000
2016-10-03,26.910000,27.450001,26.770000,27.389999,27.389999,4270600
2016-10-04,27.379999,27.530001,27.100000,27.400000,27.400000,3373500
2016-10-05,27.520000,27.860001,27.330000,27.690001,27.690001,3702700
2016-10-06,27.629999,28.260000,27.510000,27.840000,27.840000,2476900
2016-10-07,27.870001,27.870001,27.129999,27.170000,27.170000,3578700
2016-10-10,27.389999,27.500000,27.030001,27.040001,27.040001,2103000
2016-10-11,27.000000,27.290001,26.270000,26.400000,26.400000,3296900
2016-10-12,26.400000,26.520000,26.139999,26.170000,26.170000,2448300
2016-10-13,25.889999,25.950001,25.360001,25.680000,25.680000,2746700
2016-10-14,25.760000,25.940001,25.160000,25.340000,25.340000,3253500
2016-10-17,25.290001,25.500000,25.200001,25.290001,25.290001,2260300
2016-10-18,25.600000,25.690001,25.180000,25.209999,25.209999,1501200
2016-10-19,25.270000,25.620001,25.240000,25.610001,25.610001,2193600
2016-10-20,25.559999,25.790001,25.370001,25.709999,25.709999,2949900
2016-10-21,25.559999,27.570000,25.500000,26.639999,26.639999,10706200
2016-10-24,26.770000,26.969999,26.430000,26.620001,26.620001,4068300
2016-10-25,26.650000,26.740000,26.150000,26.180000,26.180000,2230200
2016-10-26,26.160000,26.480000,26.020000,26.440001,26.440001,1829900
2016-10-27,26.500000,26.580000,26.030001,26.160000,26.160000,2609000
2016-10-28,26.190001,26.340000,25.770000,25.850000,25.850000,2344700
2016-10-31,26.020000,26.389999,25.770000,26.110001,26.110001,5694200
2016-11-01,25.840000,26.049999,24.750000,25.790001,25.790001,6898200
2016-11-02,25.690001,25.700001,24.990000,25.200001,25.200001,3609400
2016-11-03,25.330000,26.020000,25.330000,25.780001,25.780001,5001600
2016-11-04,25.730000,26.540001,25.620001,25.639999,25.639999,5613000
2016-11-07,26.190001,26.190001,25.530001,25.549999,25.549999,3777900
2016-11-08,25.500000,25.950001,25.330000,25.850000,25.850000,3443600
2016-11-09,25.000000,26.110001,24.950001,25.900000,25.900000,3128200
2016-11-10,25.950001,26.469999,25.709999,26.030001,26.030001,4515300
2016-11-11,25.610001,26.510000,25.510000,26.440001,26.440001,3238700
2016-11-14,26.500000,28.459999,26.490000,28.350000,28.350000,7012900
2016-11-15,28.350000,28.350000,27.299999,27.799999,27.799999,5461500
2016-11-16,27.760000,28.230000,27.590000,27.629999,27.629999,2678600
2016-11-17,27.500000,28.170000,27.450001,28.030001,28.030001,3577800
2016-11-18,27.910000,28.129999,27.469999,27.500000,27.500000,2588900
2016-11-21,27.500000,27.959999,27.490000,27.549999,27.549999,2003400
2016-11-22,27.530001,27.969999,27.290001,27.459999,27.459999,3218900
2016-11-23,27.440001,27.530001,27.170000,27.350000,27.350000,1897300
2016-11-25,27.330000,27.620001,27.100000,27.540001,27.540001,647400
2016-11-28,27.490000,27.500000,26.770000,27.219999,27.219999,2467600
2016-11-29,27.250000,27.660000,27.160000,27.650000,27.650000,2647900
2016-11-30,27.719999,28.000000,27.090000,27.090000,27.090000,2766700
2016-12-01,27.219999,27.510000,27.080000,27.150000,27.150000,2909700
2016-12-02,27.010000,27.520000,26.520000,26.600000,26.600000,2426400
2016-12-05,26.760000,27.590000,26.719999,27.389999,27.389999,3066000
2016-12-06,27.420000,27.799999,27.219999,27.790001,27.790001,2188900
2016-12-07,27.830000,28.860001,27.740000,28.799999,28.799999,2616400
2016-12-08,28.740000,29.719999,28.730000,29.549999,29.549999,2829300
2016-12-09,29.549999,29.629999,28.610001,29.100000,29.100000,4909700
2016-12-12,28.830000,28.879999,27.969999,28.580000,28.580000,4393900
2016-12-13,28.610001,29.000000,28.610001,28.770000,28.770000,1859500
2016-12-14,28.740000,29.070000,28.549999,28.680000,28.680000,2178100
2016-12-15,28.700001,29.000000,28.530001,28.850000,28.850000,2779600
2016-12-16,28.940001,29.090000,28.360001,28.389999,28.389999,3359700
2016-12-19,28.490000,28.660000,28.080000,28.170000,28.170000,2093300
2016-12-20,28.170000,28.530001,28.139999,28.490000,28.490000,1892700
2016-12-21,28.389999,28.600000,28.309999,28.440001,28.440001,1233900
2016-12-22,28.450001,28.459999,27.719999,28.129999,28.129999,2061400
2016-12-23,28.170000,28.270000,27.920000,28.000000,28.000000,1114400
2016-12-27,28.129999,28.299999,27.620001,28.120001,28.120001,1341700
2016-12-28,28.120001,28.240000,27.799999,27.889999,27.889999,1197800
2016-12-29,27.879999,28.020000,27.600000,27.690001,27.690001,1131000
2016-12-30,27.680000,27.750000,27.250000,27.410000,27.410000,1573100
2017-01-03,27.660000,28.309999,27.660000,27.959999,27.959999,2626200
2017-01-04,27.980000,28.450001,27.920000,28.290001,28.290001,2017800
2017-01-05,27.820000,28.170000,27.139999,27.200001,27.200001,3664200
2017-01-06,27.230000,27.809999,27.129999,27.480000,27.480000,3337400
2017-01-09,27.309999,27.420000,26.840000,26.870001,26.870001,2382600
2017-01-10,26.389999,26.780001,26.160000,26.340000,26.340000,5618600
2017-01-11,26.340000,26.530001,26.120001,26.510000,26.510000,5780000
2017-01-12,26.360001,27.280001,26.340000,27.200001,27.200001,3818800
2017-01-13,27.170000,27.480000,27.010000,27.400000,27.400000,2285600
2017-01-17,27.389999,27.840000,27.209999,27.809999,27.809999,2651900
2017-01-18,27.950001,28.219999,27.740000,28.010000,28.010000,2497300
2017-01-19,28.100000,28.200001,27.760000,28.000000,28.000000,2148800
2017-01-20,28.040001,28.219999,27.820000,27.889999,27.889999,2059100
2017-01-23,27.889999,28.330000,27.809999,28.270000,28.270000,2241300
2017-01-24,28.320000,28.540001,28.040001,28.490000,28.490000,1499700
2017-01-25,28.620001,28.980000,27.410000,27.580000,27.580000,6358300
2017-01-26,27.799999,28.200001,27.540001,27.900000,27.900000,3511200
2017-01-27,27.959999,28.340000,27.680000,28.059999,28.059999,2106100
2017-01-30,28.070000,28.160000,27.670000,27.980000,27.980000,1665300
2017-01-31,27.950001,28.680000,27.500000,28.350000,28.350000,3789800
2017-02-01,28.320000,28.570000,27.680000,28.040001,28.040001,2662700
2017-02-02,27.959999,28.020000,27.610001,27.790001,27.790001,2295000
2017-02-03,27.870001,28.150000,27.830000,28.090000,28.090000,1497100
2017-02-06,27.980000,28.260000,27.860001,27.969999,27.969999,2060000
2017-02-07,27.959999,28.090000,27.580000,27.990000,27.990000,1448300
2017-02-08,28.010000,28.010000,27.340000,27.530001,27.530001,2140100
2017-02-09,27.590000,28.290001,27.549999,27.959999,27.959999,2436600
2017-02-10,28.000000,28.570000,27.920000,28.480000,28.480000,2915800
2017-02-13,28.510000,29.200001,28.510000,29.030001,29.030001,5129600
2017-02-14,28.750000,28.930000,27.660000,28.530001,28.530001,7141200
2017-02-15,28.469999,28.920000,28.350000,28.490000,28.490000,3837200
2017-02-16,28.570000,28.860001,28.480000,28.570000,28.570000,3025100
2017-02-17,28.580000,28.959999,28.549999,28.680000,28.680000,1987500
2017-02-21,28.620001,29.889999,28.610001,29.620001,29.620001,5847600
2017-02-22,29.410000,29.730000,29.270000,29.510000,29.510000,3441800
2017-02-23,29.600000,29.910000,29.299999,29.500000,29.500000,1850100
2017-02-24,29.459999,29.510000,29.000000,29.270000,29.270000,2028800
2017-02-27,29.190001,29.379999,28.840000,29.049999,29.049999,2091500
2017-02-28,29.170000,29.170000,28.580000,28.760000,28.760000,2100100
2017-03-01,29.010000,29.020000,28.480000,28.520000,28.520000,2360200
2017-03-02,28.410000,28.510000,27.840000,28.490000,28.490000,4948400
2017-03-03,28.480000,28.520000,27.860001,27.889999,27.889999,3464700
2017-03-06,27.770000,27.870001,27.320000,27.780001,27.780001,4676100
2017-03-07,27.670000,28.120001,27.500000,27.750000,27.750000,4586500
2017-03-08,27.809999,28.240000,27.809999,27.980000,27.980000,3091300
2017-03-09,27.850000,28.170000,27.650000,27.860001,27.860001,2115300
2017-03-10,27.980000,28.020000,27.480000,27.690001,27.690001,1807800
2017-03-13,27.700001,27.719999,27.299999,27.500000,27.500000,2155600
2017-03-14,27.469999,27.830000,27.230000,27.459999,27.459999,1763900
2017-03-15,27.459999,28.100000,27.309999,28.000000,28.000000,2610700
2017-03-16,27.980000,28.350000,27.420000,28.150000,28.150000,3074900
2017-03-17,28.250000,28.250000,27.830000,28.010000,28.010000,2310800
2017-03-20,27.990000,28.040001,27.730000,27.730000,27.730000,2267700
2017-03-21,27.900000,28.000000,27.370001,27.440001,27.440001,1466400
2017-03-22,27.480000,27.670000,27.150000,27.540001,27.540001,1616300
2017-03-23,27.500000,27.799999,27.350000,27.670000,27.670000,1361700
2017-03-24,27.730000,27.730000,27.430000,27.540001,27.540001,2471000
2017-03-27,27.480000,27.660000,27.309999,27.629999,27.629999,2530900
2017-03-28,27.650000,27.820000,27.420000,27.680000,27.680000,1679900
2017-03-29,27.610001,28.129999,27.490000,28.059999,28.059999,2731400
2017-03-30,28.049999,28.730000,28.010000,28.700001,28.700001,2101000
2017-03-31,28.719999,29.180000,28.520000,29.090000,29.090000,3415200
2017-04-03,29.100000,29.260000,28.590000,28.930000,28.930000,3830600
2017-04-04,28.879999,29.290001,28.879999,29.270000,29.270000,2385400
2017-04-05,29.420000,29.879999,29.320000,29.360001,29.360001,4305400
2017-04-06,29.340000,29.500000,29.020000,29.299999,29.299999,3256900
2017-04-07,29.330000,29.410000,29.120001,29.209999,29.209999,2298300
2017-04-10,29.230000,29.440001,29.139999,29.190001,29.190001,1616800
2017-04-11,29.240000,29.240000,28.830000,29.040001,29.040001,1644900
2017-04-12,28.990000,29.030001,28.629999,28.690001,28.690001,2869300
2017-04-13,28.660000,28.750000,28.219999,28.290001,28.290001,2493100
2017-04-17,28.410000,28.590000,28.250000,28.500000,28.500000,1435100
2017-04-18,28.440001,28.700001,28.330000,28.610001,28.610001,2202100
2017-04-19,28.680000,29.150000,28.680000,28.920000,28.920000,1809900
2017-04-20,30.250000,30.250000,29.030001,29.320000,29.320000,2126300
2017-04-21,29.309999,29.469999,29.110001,29.160000,29.160000,1439800
2017-04-24,29.639999,29.709999,29.320000,29.400000,29.400000,1938100
2017-04-25,29.410000,29.570000,29.260000,29.290001,29.290001,1927600
2017-04-26,29.370001,29.500000,29.230000,29.389999,29.389999,1823400
2017-04-27,29.480000,29.480000,29.240000,29.389999,29.389999,1716600
2017-04-28,29.350000,29.350000,28.440001,28.780001,28.780001,3527900
2017-05-01,28.940001,29.000000,27.959999,27.980000,27.980000,4344200
2017-05-02,28.080000,28.280001,27.379999,27.959999,27.959999,3994400
2017-05-03,27.820000,27.870001,26.389999,26.780001,26.780001,7581900
2017-05-04,26.719999,26.990000,26.000000,26.629999,26.629999,7961200
2017-05-05,26.780001,27.120001,26.740000,27.090000,27.090000,4073300
2017-05-08,27.400000,27.400000,26.559999,27.250000,27.250000,5843800
2017-05-09,26.469999,26.900000,25.790001,26.660000,26.660000,6171800
2017-05-10,26.490000,26.600000,26.000000,26.110001,26.110001,5312200
2017-05-11,26.100000,26.389999,25.900000,26.330000,26.330000,3150700
2017-05-12,26.320000,26.389999,26.000000,26.070000,26.070000,1791300
2017-05-15,26.040001,26.190001,25.889999,26.010000,26.010000,2565400
2017-05-16,26.010000,26.059999,25.219999,25.580000,25.580000,3455700
2017-05-17,25.430000,25.570000,25.070000,25.110001,25.110001,3577500
2017-05-18,25.020000,25.400000,24.879999,25.180000,25.180000,1896100
2017-05-19,25.129999,25.930000,25.080000,25.870001,25.870001,2324300
2017-05-22,25.809999,26.270000,25.770000,26.209999,26.209999,2855400
2017-05-23,26.160000,26.200001,25.469999,25.629999,25.629999,3219800
2017-05-24,25.730000,25.809999,25.270000,25.459999,25.459999,2926500
2017-05-25,25.520000,25.860001,25.450001,25.600000,25.600000,2522000
2017-05-26,25.660000,25.870001,25.549999,25.870001,25.870001,1837500
2017-05-30,25.900000,26.240000,25.760000,26.200001,26.200001,3552000
2017-05-31,26.209999,26.950001,25.990000,26.500000,26.500000,5265100
2017-06-01,26.500000,26.780001,26.160000,26.740000,26.740000,2672400
2017-06-02,26.670000,26.950001,26.450001,26.490000,26.490000,2165700
2017-06-05,26.389999,26.469999,25.889999,26.209999,26.209999,2476500
2017-06-06,26.020000,26.290001,25.900000,26.160000,26.160000,2612000
2017-06-07,26.200001,26.430000,26.059999,26.410000,26.410000,3637900
2017-06-08,26.490000,26.490000,25.980000,26.070000,26.070000,3517600
2017-06-09,26.070000,26.280001,25.530001,26.100000,26.100000,4043100
2017-06-12,26.080000,27.230000,26.040001,26.590000,26.590000,5515400
2017-06-13,26.570000,26.600000,26.129999,26.440001,26.440001,1993700
2017-06-14,26.530001,26.620001,26.010000,26.270000,26.270000,2046500
2017-06-15,26.090000,26.500000,26.090000,26.410000,26.410000,2044400
2017-06-16,26.280001,26.540001,26.080000,26.520000,26.520000,2257500
2017-06-19,26.570000,26.650000,26.400000,26.430000,26.430000,1925100
2017-06-20,26.350000,26.420000,25.500000,25.510000,25.510000,2682800
2017-06-21,25.559999,25.690001,25.090000,25.580000,25.580000,3490600
2017-06-22,25.639999,25.750000,25.330000,25.520000,25.520000,2095500
2017-06-23,25.510000,25.820000,25.389999,25.790001,25.790001,4660900
2017-06-26,25.840000,26.350000,25.780001,26.200001,26.200001,1949500
2017-06-27,26.110001,26.340000,26.049999,26.129999,26.129999,2508600
2017-06-28,26.260000,26.549999,26.040001,26.139999,26.139999,3171300
2017-06-29,26.110001,26.360001,25.760000,26.000000,26.000000,2708400
2017-06-30,26.150000,26.150000,25.670000,25.830000,25.830000,3061800
2017-07-03,26.030001,26.690001,26.030001,26.200001,26.200001,1333600
2017-07-05,26.209999,26.430000,26.049999,26.080000,26.080000,1912200
2017-07-06,25.969999,26.010000,25.650000,25.780001,25.780001,1545400
2017-07-07,25.780001,25.950001,25.440001,25.820000,25.820000,1711000
2017-07-10,25.830000,26.309999,25.760000,26.250000,26.250000,2661300
2017-07-11,26.129999,26.290001,26.010000,26.200001,26.200001,1429600
2017-07-12,26.440001,26.450001,26.090000,26.170000,26.170000,1211700
2017-07-13,26.090000,26.370001,26.059999,26.160000,26.160000,1554000
2017-07-14,26.250000,26.440001,26.200001,26.219999,26.219999,1634500
2017-07-17,26.240000,26.520000,26.070000,26.400000,26.400000,2750100
2017-07-18,26.270000,26.379999,25.850000,26.049999,26.049999,1989400
2017-07-19,27.790001,27.920000,26.660000,27.180000,27.180000,12387700
2017-07-20,27.180000,27.590000,26.580000,26.600000,26.600000,5858000
2017-07-21,26.650000,26.750000,26.330000,26.549999,26.549999,3502000
2017-07-24,26.490000,26.600000,26.290001,26.490000,26.490000,2253400
2017-07-25,26.490000,26.639999,25.620001,25.930000,25.930000,7499200
2017-07-26,25.900000,26.780001,25.900000,26.580000,26.580000,4456600
2017-07-27,25.900000,26.860001,25.520000,26.389999,26.389999,12714200
2017-07-28,26.340000,26.870001,26.120001,26.799999,26.799999,6784500
2017-07-31,26.400000,26.420000,24.190001,24.600000,24.600000,25688700
2017-08-01,24.770000,24.959999,24.139999,24.379999,24.379999,8105800
2017-08-02,24.549999,25.040001,24.309999,25.010000,25.010000,5025100
2017-08-03,24.930000,25.040001,24.690001,24.740000,24.740000,3960700
2017-08-04,24.860001,24.860001,23.680000,23.730000,23.730000,7408000
2017-08-07,23.790001,24.309999,23.770000,24.250000,24.250000,4762300
2017-08-08,24.469999,24.680000,24.139999,24.299999,24.299999,3261900
2017-08-09,24.000000,24.170000,23.040001,23.600000,23.600000,6880100
2017-08-10,23.490000,23.620001,22.870001,23.000000,23.000000,3807500
2017-08-11,23.030001,23.150000,22.820000,22.910000,22.910000,3274400
2017-08-14,23.110001,23.280001,22.860001,22.900000,22.900000,3522600
2017-08-15,22.850000,23.000000,22.719999,22.760000,22.760000,2270800
2017-08-16,22.980000,23.100000,22.510000,22.600000,22.600000,4263500
2017-08-17,22.469999,22.590000,22.120001,22.240000,22.240000,4143700
2017-08-18,22.270000,22.730000,22.230000,22.490000,22.490000,4179200
2017-08-21,22.490000,22.610001,22.190001,22.340000,22.340000,2601800
2017-08-22,22.389999,22.530001,22.270000,22.490000,22.490000,2858600
2017-08-23,22.430000,22.660000,22.410000,22.490000,22.490000,2347500
2017-08-24,22.440001,22.650000,22.379999,22.520000,22.520000,2072600
2017-08-25,22.570000,22.780001,22.500000,22.660000,22.660000,2418600
2017-08-28,22.709999,23.309999,22.700001,22.809999,22.809999,4610400
2017-08-29,22.559999,22.660000,22.120001,22.450001,22.450001,3896000
2017-08-30,22.450001,22.480000,22.170000,22.190001,22.190001,2739100
2017-08-31,22.129999,22.260000,22.110001,22.209999,22.209999,2606100
2017-09-01,22.270000,22.490000,22.129999,22.160000,22.160000,1770100
2017-09-05,22.170000,22.360001,21.490000,21.620001,21.620001,2556600
2017-09-06,21.629999,21.990000,21.540001,21.860001,21.860001,2667300
2017-09-07,21.940001,22.000000,21.150000,21.340000,21.340000,6688100
2017-09-08,21.330000,21.350000,20.719999,21.250000,21.250000,4058100
2017-09-11,21.400000,21.570000,20.780001,20.799999,20.799999,5083300
2017-09-12,20.870001,21.230000,20.530001,21.000000,21.000000,6402900
2017-09-13,21.020000,21.280001,20.950001,21.200001,21.200001,2722600
2017-09-14,21.129999,21.530001,21.090000,21.480000,21.480000,5658300
2017-09-15,21.600000,21.990000,21.290001,21.940001,21.940001,7494700
2017-09-18,21.980000,21.980000,21.200001,21.320000,21.320000,4772400
2017-09-19,21.320000,21.320000,20.139999,21.290001,21.290001,3747500
2017-09-20,21.370001,21.410000,21.160000,21.260000,21.260000,3982200
2017-09-21,21.370001,21.420000,21.209999,21.350000,21.350000,2197600
2017-09-22,21.340000,21.540001,21.230000,21.410000,21.410000,2373800
2017-09-25,21.350000,21.559999,21.260000,21.350000,21.350000,1951200
2017-09-26,21.780001,21.780001,21.250000,21.280001,21.280001,2447700
2017-09-27,21.340000,21.540001,21.070000,21.469999,21.469999,2288800
2017-09-28,21.410000,21.420000,21.200001,21.389999,21.389999,1995700
2017-09-29,21.360001,21.580000,21.270000,21.290001,21.290001,2477300
2017-10-02,21.250000,21.590000,21.250000,21.530001,21.530001,2332500
2017-10-03,21.510000,21.549999,21.350000,21.530001,21.530001,1824900
2017-10-04,21.469999,21.799999,21.459999,21.719999,21.719999,2416300
2017-10-05,21.740000,21.879999,21.400000,21.520000,21.520000,3158900
2017-10-06,21.520000,21.600000,21.240000,21.410000,21.410000,2516700
2017-10-09,21.309999,21.350000,20.730000,20.830000,20.830000,3342900
2017-10-10,20.820000,20.920000,20.290001,20.530001,20.530001,3237600
2017-10-11,20.559999,20.600000,19.950001,20.000000,20.000000,3968500
2017-10-12,19.820000,19.900000,19.270000,19.280001,19.280001,11046800
2017-10-13,19.299999,19.389999,19.010000,19.240000,19.240000,5121000
2017-10-16,19.299999,19.309999,18.980000,19.059999,19.059999,4760700
2017-10-17,18.969999,19.219999,18.610001,19.160000,19.160000,7846300
2017-10-18,19.280001,19.670000,19.160000,19.629999,19.629999,6599800
2017-10-19,19.549999,20.110001,19.500000,20.090000,20.090000,5212900
2017-10-20,20.190001,20.299999,20.040001,20.290001,20.290001,3350300
2017-10-23,20.270000,20.270000,19.590000,19.620001,19.620001,4113300
2017-10-24,19.580000,19.680000,19.430000,19.459999,19.459999,3764300
2017-10-25,19.370001,19.389999,19.070000,19.260000,19.260000,3119000
2017-10-26,19.240000,19.490000,19.110001,19.340000,19.340000,2572500
2017-10-27,19.200001,19.320000,18.760000,19.080000,19.080000,5013800
2017-10-30,19.020000,19.299999,18.910000,18.980000,18.980000,3885800
2017-10-31,18.990000,19.110001,18.600000,18.879999,18.879999,6101900
2017-11-01,18.940001,19.320000,18.770000,19.160000,19.160000,6748500
2017-11-02,18.510000,18.600000,17.000000,17.309999,17.309999,16160800
2017-11-03,17.209999,17.209999,16.200001,16.520000,16.520000,10261700
2017-11-06,16.469999,17.270000,16.420000,17.100000,17.100000,10553400
2017-11-07,17.410000,18.090000,17.240000,17.330000,17.330000,9893700
2017-11-08,17.219999,17.480000,17.010000,17.100000,17.100000,5534500
2017-11-09,17.040001,17.709999,16.959999,17.170000,17.170000,5462700
2017-11-10,17.230000,17.340000,17.049999,17.190001,17.190001,3376800
2017-11-13,17.170000,17.200001,16.580000,16.990000,16.990000,4086200
2017-11-14,16.889999,16.969999,16.219999,16.280001,16.280001,4648500
2017-11-15,16.270000,16.790001,15.990000,16.719999,16.719999,3876900
2017-11-16,16.680000,16.790001,16.139999,16.760000,16.760000,7194100
2017-11-17,17.389999,17.730000,16.820000,17.549999,17.549999,6901700
2017-11-20,17.549999,17.570000,17.100000,17.360001,17.360001,6616200
2017-11-21,17.389999,17.490000,16.980000,17.250000,17.250000,4861300
2017-11-22,17.320000,17.980000,17.150000,17.790001,17.790001,4446200
2017-11-24,17.740000,17.820000,17.469999,17.500000,17.500000,2263100
2017-11-27,17.520000,17.559999,17.200001,17.469999,17.469999,3781000
2017-11-28,17.440001,17.980000,17.230000,17.969999,17.969999,4286000
2017-11-29,17.969999,18.889999,17.870001,18.870001,18.870001,8084900
2017-11-30,19.000000,19.160000,18.500000,19.020000,19.020000,10490400
2017-12-01,18.900000,19.600000,18.790001,19.459999,19.459999,11037700
2017-12-04,19.670000,20.980000,19.629999,20.850000,20.850000,14287800
2017-12-05,20.780001,20.910000,19.790001,19.860001,19.860001,9529000
2017-12-06,20.080000,20.139999,19.389999,19.440001,19.440001,6044700
2017-12-07,19.350000,19.690001,19.030001,19.530001,19.530001,5741800
2017-12-08,19.580000,19.889999,19.320000,19.660000,19.660000,4223700
2017-12-11,19.650000,20.049999,19.450001,19.770000,19.770000,6460600
2017-12-12,19.850000,19.870001,19.379999,19.650000,19.650000,4485000
2017-12-13,19.600000,19.920000,19.110001,19.790001,19.790001,5523700
2017-12-14,19.790001,20.330000,19.500000,20.040001,20.040001,4285200
2017-12-15,20.770000,21.740000,20.469999,21.040001,21.040001,19056100
2017-12-18,21.370001,21.719999,20.770000,21.639999,21.639999,6667000
2017-12-19,21.639999,22.160000,21.410000,22.010000,22.010000,5938900
2017-12-20,22.010000,22.469999,21.950001,22.370001,22.370001,7442000
2017-12-21,23.180000,23.889999,22.950001,23.360001,23.360001,12797100
2017-12-22,23.270000,23.830000,23.090000,23.730000,23.730000,4745700
2017-12-26,23.629999,24.100000,23.459999,23.570000,23.570000,3729000
2017-12-27,23.730000,23.760000,23.010000,23.049999,23.049999,4230300
2017-12-28,23.049999,23.100000,22.330000,22.549999,22.549999,4675800
2017-12-29,22.639999,22.799999,22.360001,22.379999,22.379999,2893200
2018-01-02,22.959999,23.370001,22.430000,23.110001,23.110001,5028200
2018-01-03,23.180000,23.340000,22.590000,22.620001,22.620001,5292900
2018-01-04,22.680000,22.709999,21.879999,22.129999,22.129999,7875900
2018-01-05,22.180000,22.230000,21.580000,22.000000,22.000000,8498800
2018-01-08,22.049999,22.410000,21.790001,22.370001,22.370001,4103800
2018-01-09,22.299999,22.610001,21.580000,21.650000,21.650000,5595000
2018-01-10,21.530001,23.120001,21.129999,22.830000,22.830000,10068500
2018-01-11,22.940001,24.049999,22.860001,24.010000,24.010000,7532600
2018-01-12,24.070000,24.370001,23.730000,24.330000,24.330000,4081800
2018-01-16,24.400000,24.889999,24.309999,24.530001,24.530001,5526300
2018-01-17,24.480000,25.139999,24.290001,24.700001,24.700001,5115900
2018-01-18,24.600000,25.780001,24.590000,25.590000,25.590000,5098700
2018-01-19,25.580000,25.740000,25.160000,25.709999,25.709999,4177000
2018-01-22,25.730000,26.500000,25.580000,26.330000,26.330000,4751200
2018-01-23,26.230000,26.230000,25.360001,25.700001,25.700001,4565700
2018-01-24,25.639999,26.110001,25.500000,26.010000,26.010000,2880900
2018-01-25,26.070000,26.129999,25.570000,25.730000,25.730000,3898800
2018-01-26,25.700001,26.059999,25.559999,26.040001,26.040001,2620400
2018-01-29,25.900000,26.110001,25.620001,25.910000,25.910000,3469700
2018-01-30,25.680000,26.080000,24.840000,24.969999,24.969999,6383500
2018-01-31,25.120001,25.510000,24.770000,25.070000,25.070000,4630300
2018-02-01,24.920000,25.600000,24.900000,25.280001,25.280001,4691300
2018-02-02,25.070000,25.250000,23.570000,23.809999,23.809999,7838600
2018-02-05,23.639999,23.840000,22.740000,22.780001,22.780001,9456100
2018-02-06,22.379999,24.160000,22.150000,23.840000,23.840000,6550000
2018-02-07,23.889999,24.490000,22.809999,23.120001,23.120001,5371800
2018-02-08,23.120001,23.879999,22.860001,22.870001,22.870001,5046900
2018-02-09,22.820000,22.980000,21.370001,22.610001,22.610001,6930400
2018-02-12,22.690001,23.520000,22.540001,23.090000,23.090000,3822100
2018-02-13,22.959999,23.629999,22.879999,23.530001,23.530001,3807000
2018-02-14,23.260000,23.870001,23.260000,23.830000,23.830000,4356400
2018-02-15,24.049999,24.120001,23.660000,24.040001,24.040001,3789100
2018-02-16,23.990000,24.129999,23.700001,23.860001,23.860001,2951400
2018-02-20,23.930000,24.709999,23.889999,24.309999,24.309999,4468400
2018-02-21,24.209999,24.540001,24.070000,24.090000,24.090000,3759700
2018-02-22,24.180000,24.500000,23.750000,23.799999,23.799999,3738700
2018-02-23,23.889999,24.100000,23.570000,24.010000,24.010000,3070800
2018-02-26,24.040001,25.250000,23.950001,25.170000,25.170000,7395200
2018-02-27,25.209999,26.670000,24.299999,26.040001,26.040001,10644300
2018-02-28,25.290001,25.400000,24.299999,24.320000,24.320000,15719900
2018-03-01,24.490000,24.709999,23.830000,24.059999,24.059999,5712700
2018-03-02,23.850000,24.740000,23.830000,24.670000,24.670000,6557400
2018-03-05,24.420000,24.850000,24.309999,24.540001,24.540001,5975800
2018-03-06,24.690001,24.799999,24.120001,24.420000,24.420000,5445400
2018-03-07,24.219999,24.230000,22.959999,23.940001,23.940001,9295100
2018-03-08,24.030001,24.160000,23.600000,23.959999,23.959999,5158100
2018-03-09,24.180000,24.500000,23.910000,24.190001,24.190001,5069400
2018-03-12,24.450001,24.610001,24.230000,24.420000,24.420000,3819800
2018-03-13,24.440001,24.830000,24.170000,24.250000,24.250000,4611200
2018-03-14,24.129999,24.309999,23.830000,24.070000,24.070000,3088000
2018-03-15,24.030001,24.030001,23.270000,23.400000,23.400000,5132000
2018-03-16,23.530001,23.700001,23.209999,23.209999,23.209999,5272400
2018-03-19,23.150000,23.230000,22.620001,22.950001,22.950001,3863000
2018-03-20,22.959999,23.090000,21.760000,21.990000,21.990000,7741300
2018-03-21,22.000000,22.480000,21.930000,22.160000,22.160000,7385700
2018-03-22,22.209999,22.350000,21.389999,21.520000,21.520000,11906300
2018-03-23,21.540001,21.719999,21.030001,21.080000,21.080000,5049400
2018-03-26,21.370001,21.809999,20.980000,21.740000,21.740000,9728400
2018-03-27,21.719999,22.200001,21.549999,21.680000,21.680000,4162500
2018-03-28,21.670000,21.930000,21.070000,21.170000,21.170000,4578900
2018-03-29,21.209999,21.610001,20.980000,21.430000,21.430000,6121100
2018-04-02,21.660000,22.120001,21.450001,21.580000,21.580000,6425400
2018-04-03,21.730000,22.040001,21.420000,22.030001,22.030001,4369200
2018-04-04,21.690001,22.600000,21.620001,22.540001,22.540001,4248700
2018-04-05,22.650000,22.750000,22.420000,22.629999,22.629999,4301600
2018-04-06,22.660000,23.049999,22.400000,22.620001,22.620001,5525400
2018-04-09,22.790001,22.910000,22.480000,22.530001,22.530001,2543800
2018-04-10,22.809999,22.920000,22.570000,22.600000,22.600000,4071300
2018-04-11,22.410000,22.620001,22.230000,22.549999,22.549999,6434800
2018-04-12,22.719999,23.260000,22.510000,23.180000,23.180000,5765000
2018-04-13,23.120001,23.350000,22.709999,22.830000,22.830000,4972900
2018-04-16,22.900000,23.469999,22.459999,23.400000,23.400000,4079000
2018-04-17,23.670000,23.900000,23.400000,23.770000,23.770000,4227800
2018-04-18,23.860001,24.090000,23.490000,23.510000,23.510000,3467900
2018-04-19,23.620001,23.730000,23.260000,23.379999,23.379999,3914900
2018-04-20,23.530001,23.719999,22.959999,23.160000,23.160000,5190100
2018-04-23,23.190001,23.889999,23.070000,23.770000,23.770000,5198000
2018-04-24,24.480000,24.750000,23.820000,23.940001,23.940001,5833300
2018-04-25,23.910000,24.230000,23.650000,24.100000,24.100000,4580300
2018-04-26,24.100000,24.240000,23.870001,24.150000,24.150000,4454300
2018-04-27,24.200001,24.250000,23.770000,23.950001,23.950001,5760300
2018-04-30,24.000000,24.020000,23.629999,23.650000,23.650000,3933600
2018-05-01,23.879999,24.190001,23.680000,24.010000,24.010000,4865000
2018-05-02,23.930000,24.299999,23.580000,23.580000,23.580000,7724800
2018-05-03,23.740000,23.740000,22.610001,22.870001,22.870001,9229900
2018-05-04,22.780001,23.430000,22.780001,23.160000,23.160000,7838100
2018-05-07,23.280001,23.410000,23.080000,23.389999,23.389999,5459700
2018-05-08,23.809999,24.799999,22.830000,23.049999,23.049999,10834900
2018-05-09,23.040001,23.209999,22.260000,22.280001,22.280001,8226500
2018-05-10,22.360001,23.840000,22.200001,23.820000,23.820000,7515700
2018-05-11,23.840000,24.219999,23.590000,24.030001,24.030001,6370100
2018-05-14,24.000000,24.030001,23.459999,23.830000,23.830000,6634400
2018-05-15,23.700001,23.830000,22.830000,22.959999,22.959999,5618200
2018-05-16,23.020000,23.900000,22.680000,23.690001,23.690001,7616800
2018-05-17,23.690001,23.690001,22.799999,23.020000,23.020000,7260400
2018-05-18,22.879999,23.000000,22.400000,22.570000,22.570000,5861100
2018-05-21,22.700001,22.889999,22.530001,22.629999,22.629999,3717100
2018-05-22,22.709999,23.360001,22.520000,23.160000,23.160000,4489200
2018-05-23,23.110001,23.180000,22.299999,22.570000,22.570000,3726200
2018-05-24,22.559999,22.610001,22.120001,22.480000,22.480000,3541300
2018-05-25,22.440001,22.540001,22.240000,22.340000,22.340000,2153400
2018-05-29,22.240000,22.260000,21.680000,21.900000,21.900000,3358300
2018-05-30,22.040001,22.040001,21.389999,21.400000,21.400000,5103200
2018-05-31,21.410000,21.420000,20.600000,21.090000,21.090000,7977000
2018-06-01,21.180000,21.260000,20.740000,20.950001,20.950001,6303600
2018-06-04,21.270000,21.500000,20.690001,21.090000,21.090000,6746100
2018-06-05,21.520000,22.250000,21.450001,21.740000,21.740000,6744400
2018-06-06,21.690001,22.420000,21.230000,22.360001,22.360001,6774500
2018-06-07,22.270000,22.870001,22.190001,22.770000,22.770000,5757700
2018-06-08,22.650000,23.120001,22.650000,23.020000,23.020000,5564400
2018-06-11,23.010000,24.370001,22.959999,23.889999,23.889999,6169900
2018-06-12,23.910000,24.090000,23.660000,24.020000,24.020000,5841000
2018-06-13,24.879999,25.290001,24.389999,24.410000,24.410000,10595900
2018-06-14,24.680000,25.510000,24.610001,25.500000,25.500000,5015100
2018-06-15,25.780001,27.250000,25.520000,27.170000,27.170000,12567100
2018-06-18,26.690001,27.320000,26.180000,27.209999,27.209999,7719500
2018-06-19,27.010000,27.610001,26.790001,27.549999,27.549999,6021400
2018-06-20,27.600000,28.430000,27.400000,28.209999,28.209999,7444300
2018-06-21,28.290001,28.290001,27.590000,27.940001,27.940001,6057800
2018-06-22,28.190001,28.559999,27.990000,28.120001,28.120001,5448700
2018-06-25,27.980000,28.440001,27.680000,28.100000,28.100000,5863300
2018-06-26,28.040001,28.100000,27.559999,27.940001,27.940001,6799600
2018-06-27,28.100000,28.610001,27.900000,28.190001,28.190001,4710700
2018-06-28,28.180000,28.780001,28.020000,28.480000,28.480000,3670900
2018-06-29,28.559999,28.559999,27.490000,27.500000,27.500000,4088000
2018-07-02,27.480000,27.629999,27.080000,27.420000,27.420000,3969400
2018-07-03,27.600000,27.680000,27.190001,27.360001,27.360001,1896800
2018-07-05,27.430000,27.719999,27.070000,27.639999,27.639999,3882700
2018-07-06,27.610001,28.160000,27.410000,27.870001,27.870001,2739500
2018-07-09,27.900000,28.320000,27.549999,28.299999,28.299999,2781400
2018-07-10,28.209999,28.469999,27.700001,28.400000,28.400000,3141400
2018-07-11,28.230000,28.510000,27.620001,27.670000,27.670000,4688400
2018-07-12,27.770000,28.030001,27.510000,27.559999,27.559999,2346300
2018-07-13,27.500000,27.770000,27.240000,27.440001,27.440001,2833700
2018-07-16,27.510000,27.719999,27.110001,27.350000,27.350000,2569100
2018-07-17,27.139999,27.340000,25.990000,26.379999,26.379999,4731200
2018-07-18,26.440001,26.860001,26.360001,26.580000,26.580000,2971300
2018-07-19,27.100000,27.330000,26.540001,26.690001,26.690001,4411800
2018-07-20,26.600000,26.670000,26.280001,26.580000,26.580000,2595600
2018-07-23,26.459999,26.719999,26.379999,26.700001,26.700001,2214800
2018-07-24,26.920000,26.920000,26.030001,26.070000,26.070000,2822300
2018-07-25,26.120001,26.410000,25.740000,25.870001,25.870001,3270600
2018-07-26,26.000000,26.780001,25.990000,26.250000,26.250000,2703500
2018-07-27,26.250000,26.459999,25.730000,26.030001,26.030001,2494600
2018-07-30,26.030001,26.500000,25.959999,26.150000,26.150000,2085700
2018-07-31,26.299999,26.660000,26.000000,26.580000,26.580000,2802800
2018-08-01,26.389999,26.549999,25.910000,26.219999,26.219999,2404500
2018-08-02,26.129999,26.580000,25.980000,26.559999,26.559999,2786400
2018-08-03,26.370001,27.160000,26.370001,27.059999,27.059999,3729100
2018-08-06,27.020000,27.260000,26.760000,26.920000,26.920000,3913400
2018-08-07,26.090000,26.100000,24.719999,25.549999,25.549999,8078600
2018-08-08,25.379999,26.200001,25.360001,25.650000,25.650000,4608200
2018-08-09,25.780001,26.559999,25.510000,26.100000,26.100000,3708400
2018-08-10,26.000000,26.059999,25.600000,25.990000,25.990000,3048400
2018-08-13,26.010000,26.330000,25.670000,25.889999,25.889999,2913900
2018-08-14,26.000000,26.580000,26.000000,26.420000,26.420000,3913400
2018-08-15,26.299999,26.340000,25.889999,26.059999,26.059999,3556700
2018-08-16,26.150000,26.530001,26.100000,26.389999,26.389999,2855600
2018-08-17,26.430000,27.010000,26.290001,26.950001,26.950001,3073800
2018-08-20,26.889999,27.980000,26.889999,27.920000,27.920000,3919400
2018-08-21,28.590000,29.719999,28.260000,29.549999,29.549999,6962400
2018-08-22,29.450001,29.590000,29.020000,29.070000,29.070000,4106500
2018-08-23,29.059999,29.090000,28.610001,28.790001,28.790001,2703000
2018-08-24,28.910000,29.090000,28.510000,28.540001,28.540001,2015700
2018-08-27,28.540001,28.950001,28.400000,28.770000,28.770000,2476100
2018-08-28,28.740000,28.900000,28.180000,28.290001,28.290001,3364400
2018-08-29,28.370001,28.590000,27.719999,28.340000,28.340000,2576600
2018-08-30,28.100000,28.340000,28.000000,28.180000,28.180000,2069200
2018-08-31,27.889999,28.280001,27.660000,27.830000,27.830000,2147700
2018-09-04,27.600000,27.889999,27.160000,27.469999,27.469999,3176100
2018-09-05,27.540001,27.930000,27.410000,27.459999,27.459999,5589100
2018-09-06,27.629999,28.040001,27.389999,27.620001,27.620001,3231500
2018-09-07,27.520000,28.240000,27.320000,27.950001,27.950001,3111800
2018-09-10,28.049999,28.350000,27.700001,28.299999,28.299999,2586500
2018-09-11,28.290001,28.820000,26.040001,28.510000,28.510000,2678500
2018-09-12,28.870001,31.059999,28.840000,30.700001,30.700001,8430000
2018-09-13,30.889999,32.169998,30.820000,31.840000,31.840000,8329300
2018-09-14,31.840000,32.650002,31.760000,32.180000,32.180000,5743100
2018-09-17,32.250000,32.369999,31.790001,32.020000,32.020000,3445900
2018-09-18,31.170000,31.770000,30.750000,31.580000,31.580000,5192400
2018-09-19,31.760000,32.200001,31.549999,32.049999,32.049999,3537500
2018-09-20,32.279999,32.419998,31.920000,32.259998,32.259998,3311600
2018-09-21,32.419998,32.520000,31.760000,31.799999,31.799999,4985200
2018-09-24,31.940001,32.380001,31.790001,31.910000,31.910000,3200900
2018-09-25,31.870001,32.220001,31.490000,31.549999,31.549999,3469500
2018-09-26,31.469999,31.790001,31.200001,31.510000,31.510000,4793100
2018-09-27,31.620001,32.080002,31.410000,31.910000,31.910000,2538700
2018-09-28,31.799999,32.119999,31.700001,32.000000,32.000000,3009000
2018-10-01,32.160000,32.650002,32.000000,32.419998,32.419998,4763700
2018-10-02,32.529999,32.990002,32.270000,32.860001,32.860001,5166600
2018-10-03,33.169998,33.650002,32.709999,33.320000,33.320000,3950600
2018-10-04,33.220001,33.410000,32.750000,33.150002,33.150002,4463500
2018-10-05,33.049999,34.060001,32.900002,32.930000,32.930000,5772700
2018-10-08,32.990002,33.110001,32.090000,33.009998,33.009998,3542200
2018-10-09,33.020000,33.020000,32.320000,32.360001,32.360001,3269100
2018-10-10,33.310001,33.419998,32.040001,32.060001,32.060001,4888100
2018-10-11,31.940001,32.090000,30.590000,31.020000,31.020000,4277500
2018-10-12,31.459999,32.070000,31.350000,31.760000,31.760000,3479100
2018-10-15,31.780001,32.509998,31.700001,32.299999,32.299999,3056400
2018-10-16,32.570000,33.160000,32.349998,33.060001,33.060001,4360700
2018-10-17,33.150002,33.490002,32.810001,33.049999,33.049999,4962800
2018-10-18,33.020000,33.389999,32.720001,33.130001,33.130001,4871700
2018-10-19,33.340000,33.740002,32.360001,33.400002,33.400002,4619800
2018-10-22,33.470001,33.689999,33.119999,33.380001,33.380001,5151500
2018-10-23,33.029999,33.090000,32.119999,32.779999,32.779999,4710800
2018-10-24,32.799999,32.799999,29.790001,29.820000,29.820000,6777000
2018-10-25,30.410000,31.510000,30.180000,30.940001,30.940001,5258600
2018-10-26,30.170000,30.750000,29.809999,30.129999,30.129999,4136800
2018-10-29,30.780001,31.440001,29.830000,30.360001,30.360001,4507300
2018-10-30,30.410000,31.889999,30.270000,31.250000,31.250000,4244300
2018-10-31,31.650000,32.779999,31.260000,32.389999,32.389999,3772500
2018-11-01,32.410000,33.110001,32.320000,33.049999,33.049999,4224400
2018-11-02,33.130001,33.779999,32.070000,32.310001,32.310001,4540500
2018-11-05,32.610001,33.220001,32.259998,33.200001,33.200001,4340200
2018-11-06,33.240002,33.470001,32.889999,33.290001,33.290001,3341300
2018-11-07,33.480000,33.500000,32.439999,33.080002,33.080002,5708900
2018-11-08,33.689999,34.889999,33.250000,33.799999,33.799999,6324900
2018-11-09,33.169998,34.470001,32.740002,32.980000,32.980000,4345800
2018-11-12,33.150002,33.290001,32.310001,32.410000,32.410000,2849300
2018-11-13,32.540001,32.980000,31.930000,32.110001,32.110001,3371800
2018-11-14,32.380001,32.660000,31.700001,31.920000,31.920000,5140700
2018-11-15,31.629999,32.080002,31.389999,31.760000,31.760000,4002900
2018-11-16,31.500000,31.770000,30.850000,31.440001,31.440001,4051700
2018-11-19,31.270000,31.469999,30.389999,30.469999,30.469999,4231600
2018-11-20,30.080000,30.219999,29.120001,29.510000,29.510000,4520500
2018-11-21,29.900000,30.879999,29.900000,30.360001,30.360001,4268000
2018-11-23,30.340000,30.600000,29.780001,30.430000,30.430000,1457200
2018-11-26,30.670000,30.870001,29.860001,30.139999,30.139999,2822700
2018-11-27,30.059999,30.389999,29.930000,30.129999,30.129999,2829600
2018-11-28,30.280001,31.379999,30.010000,31.309999,31.309999,3262200
2018-11-29,31.230000,31.879999,31.010000,31.629999,31.629999,3442100
2018-11-30,31.680000,31.730000,30.540001,30.719999,30.719999,5420600
2018-12-03,30.590000,30.719999,27.709999,28.200001,28.200001,13947700
2018-12-04,28.570000,29.129999,27.780001,27.980000,27.980000,8598700
2018-12-06,27.610001,29.170000,27.559999,29.150000,29.150000,6958600
2018-12-07,29.110001,29.549999,28.639999,28.930000,28.930000,6862100
2018-12-10,28.870001,29.070000,27.660000,28.370001,28.370001,4953200
2018-12-11,28.730000,29.139999,27.709999,27.940001,27.940001,3560300
2018-12-12,28.420000,28.840000,28.250000,28.379999,28.379999,4334500
2018-12-13,28.309999,28.570000,27.629999,27.969999,27.969999,4386700
2018-12-14,27.780001,28.430000,27.590000,27.969999,27.969999,4358300
2018-12-17,27.809999,28.240000,27.400000,27.520000,27.520000,3995900
2018-12-18,27.629999,27.840000,26.719999,26.900000,26.900000,4519800
2018-12-19,27.010000,27.590000,26.680000,26.879999,26.879999,6556800
2018-12-20,26.700001,26.889999,25.510000,25.860001,25.860001,6556700
2018-12-21,25.780001,26.590000,24.940001,25.049999,25.049999,6623200
2018-12-24,24.809999,25.049999,24.379999,24.469999,24.469999,2378200
2018-12-26,24.600000,25.570000,24.190001,25.549999,25.549999,3324300
2018-12-27,25.000000,25.080000,23.790001,24.780001,24.780001,3505800
2018-12-28,24.850000,25.049999,24.400000,24.639999,24.639999,3404300
2018-12-31,24.920000,24.930000,24.090000,24.740000,24.740000,4095800
2019-01-02,24.370001,25.850000,24.110001,25.830000,25.830000,4595500
2019-01-03,25.469999,25.950001,24.969999,25.680000,25.680000,4947900
2019-01-04,25.969999,26.420000,25.910000,26.139999,26.139999,3856100
2019-01-07,26.090000,26.830000,25.799999,26.530001,26.530001,4022900
2019-01-08,26.740000,27.459999,26.620001,27.240000,27.240000,3447900
2019-01-09,27.379999,27.700001,27.200001,27.280001,27.280001,3766400
2019-01-10,27.100000,27.170000,26.570000,26.809999,26.809999,3311100
2019-01-11,26.629999,27.280001,26.500000,27.120001,27.120001,2842100
2019-01-14,26.889999,27.080000,26.570000,27.000000,27.000000,2963600
2019-01-15,27.110001,27.389999,26.980000,27.100000,27.100000,1844900
2019-01-16,27.209999,27.520000,27.059999,27.110001,27.110001,2475100
2019-01-17,27.049999,27.480000,26.950001,27.299999,27.299999,2344600
2019-01-18,27.420000,27.900000,27.209999,27.709999,27.709999,3268900
2019-01-22,27.600000,27.730000,26.440001,26.600000,26.600000,3788000
2019-01-23,26.799999,27.129999,26.250000,26.559999,26.559999,2646900
2019-01-24,26.660000,27.510000,26.420000,27.320000,27.320000,4545100
2019-01-25,27.520000,27.750000,27.400000,27.680000,27.680000,2697900
2019-01-28,27.400000,27.840000,27.230000,27.790001,27.790001,2422300
2019-01-29,27.820000,27.820000,27.290001,27.400000,27.400000,1671500
2019-01-30,27.000000,27.250000,25.080000,26.740000,26.740000,10363500
2019-01-31,27.379999,28.430000,27.290001,28.379999,28.379999,6690000
2019-02-01,28.500000,28.780001,28.020000,28.559999,28.559999,3805600
2019-02-04,28.620001,28.770000,28.209999,28.290001,28.290001,4164400
2019-02-05,28.370001,29.590000,28.299999,29.040001,29.040001,4842600
2019-02-06,29.110001,29.389999,28.860001,29.120001,29.120001,3521800
2019-02-07,28.980000,29.209999,28.209999,28.639999,28.639999,3221800
2019-02-08,28.520000,29.219999,28.230000,29.190001,29.190001,3036400
2019-02-11,29.350000,29.350000,28.440001,28.639999,28.639999,3981000
2019-02-12,28.799999,29.290001,28.090000,28.129999,28.129999,4687700
2019-02-13,28.100000,28.450001,27.969999,28.320000,28.320000,4935700
2019-02-14,28.180000,29.170000,27.820000,28.770000,28.770000,3820000
2019-02-15,29.090000,29.410000,28.870001,29.299999,29.299999,3200000
2019-02-19,29.340000,29.370001,28.930000,29.059999,29.059999,2351700
2019-02-20,29.020000,29.290001,28.799999,29.090000,29.090000,1924900
2019-02-21,29.139999,29.190001,28.709999,29.000000,29.000000,2593000
2019-02-22,29.010000,29.469999,28.950001,29.209999,29.209999,2158600
2019-02-25,29.500000,29.690001,29.110001,29.209999,29.209999,6414800
2019-02-26,28.110001,28.690001,26.860001,28.389999,28.389999,9522300
2019-02-27,28.500000,29.290001,28.150000,28.639999,28.639999,4971300
2019-02-28,28.629999,29.000000,28.459999,28.900000,28.900000,5948800
2019-03-01,29.049999,29.459999,28.910000,29.080000,29.080000,4019900
2019-03-04,29.110001,29.420000,28.480000,28.780001,28.780001,3007900
2019-03-05,28.780001,29.120001,28.570000,28.990000,28.990000,2395700
2019-03-06,29.290001,29.629999,28.700001,28.809999,28.809999,2531100
2019-03-07,28.790001,28.830000,28.290001,28.420000,28.420000,2156400
2019-03-08,28.280001,28.950001,28.260000,28.920000,28.920000,2810000
2019-03-11,28.910000,28.920000,27.990000,28.420000,28.420000,3289100
2019-03-12,28.490000,28.540001,28.219999,28.370001,28.370001,3347800
2019-03-13,28.530001,28.559999,26.799999,26.930000,26.930000,7269600
2019-03-14,27.100000,27.530001,26.750000,27.430000,27.430000,5023800
2019-03-15,27.520000,27.790001,27.250000,27.430000,27.430000,5391100
2019-03-18,27.299999,27.930000,27.129999,27.230000,27.230000,3482000
2019-03-19,27.320000,27.620001,27.120001,27.260000,27.260000,3304700
2019-03-20,27.070000,27.139999,26.100000,26.690001,26.690001,6072100
2019-03-21,26.340000,26.820000,26.230000,26.680000,26.680000,6061000
2019-03-22,26.559999,26.870001,26.080000,26.670000,26.670000,4861500
2019-03-25,26.840000,27.790001,26.650000,27.110001,27.110001,4043200
2019-03-26,27.209999,28.100000,27.100000,27.639999,27.639999,4641000
2019-03-27,27.660000,27.959999,27.459999,27.580000,27.580000,2636800
2019-03-28,27.600000,27.870001,26.870001,26.910000,26.910000,1964000
2019-03-29,27.000000,27.150000,26.750000,27.020000,27.020000,4493600
2019-04-01,27.469999,28.070000,27.400000,27.750000,27.750000,4004200
2019-04-02,27.790001,27.850000,27.290001,27.389999,27.389999,3380900
2019-04-03,27.580000,28.150000,27.350000,27.870001,27.870001,3377500
2019-04-04,27.870001,28.920000,27.870001,28.879999,28.879999,3607500
2019-04-05,29.000000,29.910000,28.990000,29.480000,29.480000,4464100
2019-04-08,29.420000,29.480000,28.820000,28.870001,28.870001,3871900
2019-04-09,28.889999,28.969999,28.580000,28.840000,28.840000,2337500
2019-04-10,28.780001,31.000000,28.730000,30.590000,30.590000,10635700
2019-04-11,30.780001,31.340000,30.059999,30.190001,30.190001,6015700
2019-04-12,30.280001,30.799999,29.650000,30.020000,30.020000,5015800
2019-04-15,29.950001,30.219999,29.860001,30.049999,30.049999,2287700
2019-04-16,30.160000,30.450001,29.799999,29.980000,29.980000,2084700
2019-04-17,30.100000,30.590000,30.000000,30.410000,30.410000,2886100
2019-04-18,30.600000,30.650000,30.049999,30.129999,30.129999,2685400
2019-04-22,30.129999,30.129999,28.850000,29.120001,29.120001,3814000
2019-04-23,29.059999,29.790001,29.059999,29.469999,29.469999,4026500
2019-04-24,28.850000,30.520000,28.850000,30.379999,30.379999,4505700
2019-04-25,30.299999,30.719999,29.530001,30.370001,30.370001,3674700
2019-04-26,30.400000,31.530001,30.379999,31.510000,31.510000,4524600
2019-04-29,31.540001,32.060001,31.360001,31.629999,31.629999,4569100
2019-04-30,31.650000,31.850000,30.719999,30.900000,30.900000,4050600
2019-05-01,30.900000,31.290001,30.580000,30.889999,30.889999,4534800
2019-05-02,31.730000,31.850000,28.840000,29.260000,29.260000,8866700
2019-05-03,29.450001,29.709999,29.030001,29.340000,29.340000,5192400
2019-05-06,28.990000,29.450001,28.700001,29.139999,29.139999,3645700
2019-05-07,28.879999,29.410000,28.520000,28.690001,28.690001,4053500
2019-05-08,28.549999,29.110001,28.450001,28.920000,28.920000,6335600
2019-05-09,28.799999,28.879999,27.950001,28.450001,28.450001,5160600
2019-05-10,28.400000,28.500000,27.740000,28.459999,28.459999,5222900
2019-05-13,28.049999,28.299999,27.309999,27.340000,27.340000,3771800
2019-05-14,27.379999,28.020000,27.379999,27.740000,27.740000,3332800
2019-05-15,27.700001,28.040001,27.420000,27.750000,27.750000,4904800
2019-05-16,27.930000,28.010000,27.500000,27.879999,27.879999,5071500
2019-05-17,27.660000,27.910000,27.450001,27.870001,27.870001,3423600
2019-05-20,27.650000,27.709999,27.150000,27.309999,27.309999,3492800
2019-05-21,27.430000,28.090000,27.410000,28.010000,28.010000,4551400
2019-05-22,27.940001,28.080000,27.389999,27.420000,27.420000,3044700
2019-05-23,27.180000,27.330000,26.820000,27.240000,27.240000,2755300
2019-05-24,27.420000,27.469999,26.980000,27.139999,27.139999,2556200
2019-05-28,27.290001,28.020000,27.280001,27.920000,27.920000,5389300
2019-05-29,27.740000,28.100000,27.230000,27.469999,27.469999,3593800
2019-05-30,27.440001,27.889999,27.049999,27.129999,27.129999,3128700
2019-05-31,27.170000,27.700001,27.030001,27.260000,27.260000,3633600
2019-06-03,27.250000,27.850000,27.000000,27.320000,27.320000,4131900
2019-06-04,27.559999,28.690001,27.559999,28.620001,28.620001,4954600
2019-06-05,28.490000,28.750000,27.799999,28.049999,28.049999,4172500
2019-06-06,28.070000,28.420000,28.000000,28.379999,28.379999,2844600
2019-06-07,28.500000,28.879999,28.379999,28.420000,28.420000,2563000
2019-06-10,28.520000,28.680000,28.180000,28.250000,28.250000,2317500
2019-06-11,28.450001,29.070000,28.360001,28.969999,28.969999,4220900
2019-06-12,29.000000,29.540001,28.870001,29.230000,29.230000,2551600
2019-06-13,29.420000,29.910000,29.180000,29.889999,29.889999,4069300
2019-06-14,29.350000,29.410000,28.889999,29.020000,29.020000,5004700
2019-06-17,29.110001,29.650000,28.639999,29.520000,29.520000,2808500
2019-06-18,29.650000,29.969999,29.420000,29.650000,29.650000,4151900
2019-06-19,29.820000,30.600000,29.730000,30.500000,30.500000,3949800
2019-06-20,30.629999,30.980000,30.430000,30.930000,30.930000,3931100
2019-06-21,30.879999,31.059999,30.559999,30.690001,30.690001,5349500
2019-06-24,30.629999,31.040001,30.520000,31.010000,31.010000,2859200
2019-06-25,31.120001,31.120001,29.750000,29.930000,29.930000,4453100
2019-06-26,30.020000,30.230000,29.490000,29.520000,29.520000,3711900
2019-06-27,29.590000,29.799999,29.180000,29.740000,29.740000,2068900
2019-06-28,29.980000,30.730000,29.860001,30.700001,30.700001,3747500
2019-07-01,31.059999,31.240000,30.030001,30.680000,30.680000,3806400
2019-07-02,30.730000,31.180000,30.559999,30.879999,30.879999,3813600
2019-07-03,31.020000,31.309999,30.809999,30.900000,30.900000,1680800
2019-07-05,30.709999,31.309999,30.610001,31.260000,31.260000,1967800
2019-07-08,31.250000,31.330000,30.990000,31.299999,31.299999,2533200
2019-07-09,31.150000,31.930000,31.139999,31.629999,31.629999,3252600
2019-07-10,31.870001,31.930000,31.230000,31.650000,31.650000,3323000
2019-07-11,31.799999,31.820000,31.430000,31.620001,31.620001,3289100
2019-07-12,31.719999,32.700001,31.500000,32.410000,32.410000,4959300
2019-07-15,32.529999,32.709999,32.180000,32.380001,32.380001,15071500
2019-07-16,32.439999,32.869999,32.240002,32.570000,32.570000,4304100
2019-07-17,32.520000,32.529999,31.780001,31.799999,31.799999,1861500
2019-07-18,31.799999,31.799999,31.180000,31.320000,31.320000,2349700
2019-07-19,31.379999,31.650000,31.260000,31.459999,31.459999,1993700
2019-07-22,31.459999,31.620001,30.930000,30.980000,30.980000,2364500
2019-07-23,31.030001,31.129999,30.330000,30.889999,30.889999,3757100
2019-07-24,30.709999,31.559999,30.430000,31.490000,31.490000,3706900
2019-07-25,31.280001,31.580000,31.129999,31.459999,31.459999,2631300
2019-07-26,31.540001,31.690001,31.200001,31.469999,31.469999,2806700
2019-07-29,31.500000,31.549999,30.930000,31.080000,31.080000,2508500
2019-07-30,30.870001,31.110001,30.629999,31.020000,31.020000,4336800
2019-07-31,30.940001,31.049999,30.030001,30.309999,30.309999,4103100
2019-08-01,30.280001,30.620001,29.730000,29.940001,29.940001,3718700
2019-08-02,29.790001,29.940001,28.730000,29.430000,29.430000,5964800
2019-08-05,28.830000,29.410000,28.650000,29.180000,29.180000,7176500
2019-08-06,29.969999,30.230000,29.200001,29.540001,29.540001,5895300
2019-08-07,29.340000,29.950001,28.889999,29.860001,29.860001,5531900
2019-08-08,29.990000,30.290001,29.480000,29.670000,29.670000,3685100
2019-08-09,29.490000,29.610001,29.030001,29.459999,29.459999,3134900
2019-08-12,29.230000,29.620001,29.200001,29.250000,29.250000,3522300
2019-08-13,29.120001,30.230000,29.120001,29.600000,29.600000,4308300
2019-08-14,29.170000,29.200001,27.360001,27.490000,27.490000,7318600
2019-08-15,27.570000,27.700001,26.700001,27.170000,27.170000,7293100
2019-08-16,27.389999,28.120001,27.280001,27.950001,27.950001,3017800
2019-08-19,28.260000,28.770000,28.260000,28.420000,28.420000,2958500
2019-08-20,28.490000,28.620001,28.180000,28.209999,28.209999,2205200
2019-08-21,27.940001,28.440001,27.660000,28.280001,28.280001,2688400
2019-08-22,28.330000,28.600000,28.030001,28.030001,28.030001,2636500
2019-08-23,27.889999,28.080000,26.879999,27.010000,27.010000,3137500
2019-08-26,27.129999,27.480000,27.049999,27.200001,27.200001,3269400
2019-08-27,27.490000,27.490000,26.440001,26.469999,26.469999,3259700
2019-08-28,26.330000,27.030001,26.209999,26.940001,26.940001,4328000
2019-08-29,27.190001,28.120001,27.190001,27.730000,27.730000,3727300
2019-08-30,27.840000,28.120001,27.400000,27.600000,27.600000,3163900
2019-09-03,27.320000,27.510000,26.730000,26.889999,26.889999,5009000
2019-09-04,27.080000,27.360001,26.570000,27.040001,27.040001,4598100
2019-09-05,27.330000,27.520000,27.139999,27.400000,27.400000,2984600
2019-09-06,27.510000,27.930000,27.320000,27.340000,27.340000,2166500
2019-09-09,27.320000,27.650000,27.209999,27.299999,27.299999,3901400
2019-09-10,27.340000,28.459999,27.340000,28.430000,28.430000,4404400
2019-09-11,28.370001,28.580000,27.740000,28.549999,28.549999,3260800
2019-09-12,28.490000,28.540001,27.600000,28.110001,28.110001,3530900
2019-09-13,28.200001,28.629999,27.830000,27.889999,27.889999,2909700
2019-09-16,27.879999,27.969999,27.559999,27.969999,27.969999,1925600
2019-09-17,27.799999,27.830000,26.799999,27.200001,27.200001,6628300
2019-09-18,27.049999,27.250000,26.490000,27.209999,27.209999,5576600
2019-09-19,27.230000,27.459999,26.590000,26.670000,26.670000,3122600
2019-09-20,26.830000,26.830000,26.219999,26.230000,26.230000,4448800
2019-09-23,26.190001,26.620001,25.900000,26.580000,26.580000,2991600
2019-09-24,27.120001,27.120001,26.120001,26.420000,26.420000,4319200
2019-09-25,26.360001,26.920000,26.219999,26.690001,26.690001,4245900
2019-09-26,26.760000,26.760000,26.080000,26.459999,26.459999,4333900
2019-09-27,26.520000,26.900000,26.340000,26.799999,26.799999,4577300
2019-09-30,26.860001,27.100000,26.590000,26.629999,26.629999,2746000
2019-10-01,26.620001,27.040001,26.580000,26.770000,26.770000,2819000
2019-10-02,26.600000,26.639999,25.950001,26.430000,26.430000,3328000
2019-10-03,26.379999,27.040001,26.040001,27.020000,27.020000,4646400
2019-10-04,27.049999,27.240000,26.830000,27.010000,27.010000,3453700
2019-10-07,27.010000,27.629999,26.870001,27.379999,27.379999,2888100
2019-10-08,27.129999,27.230000,26.809999,26.830000,26.830000,3623400
2019-10-09,26.950001,27.270000,26.840000,27.010000,27.010000,2733800
2019-10-10,27.010000,27.469999,26.959999,27.350000,27.350000,2341400
2019-10-11,27.650000,28.209999,27.559999,27.969999,27.969999,2666500
2019-10-14,27.850000,27.930000,27.530001,27.750000,27.750000,2112200
2019-10-15,27.830000,28.059999,27.389999,27.860001,27.860001,2537400
2019-10-16,27.780001,28.170000,27.450001,27.799999,27.799999,3001500
2019-10-17,28.010000,28.010000,27.219999,27.889999,27.889999,2592500
2019-10-18,28.129999,28.430000,27.680000,27.709999,27.709999,3224300
2019-10-21,27.840000,28.090000,27.610001,27.690001,27.690001,2135200
2019-10-22,28.240000,28.250000,27.650000,28.170000,28.170000,4608800
2019-10-23,28.030001,28.320000,27.870001,28.160000,28.160000,2607500
2019-10-24,28.250000,28.250000,26.930000,27.540001,27.540001,4256500
2019-10-25,27.600000,28.040001,27.440001,27.570000,27.570000,2948600
2019-10-28,27.660000,28.280001,27.600000,27.790001,27.790001,3583800
2019-10-29,27.799999,27.799999,27.350000,27.420000,27.420000,2440800
2019-10-30,27.299999,27.420000,26.639999,26.910000,26.910000,3987800
2019-10-31,26.900000,26.959999,26.540001,26.959999,26.959999,3646200
2019-11-01,27.049999,27.459999,26.940001,27.260000,27.260000,3402200
2019-11-04,27.510000,27.850000,27.150000,27.809999,27.809999,3279200
2019-11-05,27.959999,28.350000,27.770000,27.950001,27.950001,4070300
2019-11-06,28.049999,28.139999,27.610001,27.690001,27.690001,5049700
2019-11-07,28.719999,31.090000,28.330000,31.030001,31.030001,9685600
2019-11-08,30.980000,31.299999,30.420000,30.910000,30.910000,8144400
2019-11-11,30.850000,31.020000,30.610001,30.959999,30.959999,4580300
2019-11-12,30.830000,31.379999,30.540001,30.740000,30.740000,2686600
2019-11-13,30.540001,30.760000,29.680000,29.879999,29.879999,5916700
2019-11-14,29.740000,30.260000,29.650000,29.900000,29.900000,4132100
2019-11-15,30.000000,30.240000,29.610001,29.719999,29.719999,4881200
2019-11-18,30.280001,30.900000,29.969999,30.760000,30.760000,7963700
2019-11-19,30.900000,31.639999,30.740000,31.570000,31.570000,4688900
2019-11-20,31.600000,32.439999,31.389999,32.020000,32.020000,6203600
2019-11-21,32.070000,32.580002,31.530001,32.139999,32.139999,6268300
2019-11-22,32.169998,32.610001,32.000000,32.529999,32.529999,4801200
2019-11-25,32.599998,32.669998,32.160000,32.330002,32.330002,3510600
2019-11-26,32.209999,33.570000,32.040001,33.360001,33.360001,8385000
2019-11-27,33.470001,33.660000,32.900002,33.119999,33.119999,3674600
2019-11-29,33.150002,33.230000,32.830002,32.939999,32.939999,1059200
2019-12-02,32.880001,33.400002,32.700001,32.740002,32.740002,6239000
2019-12-03,32.340000,32.570000,31.850000,32.130001,32.130001,4364300
2019-12-04,32.270000,32.580002,32.099998,32.200001,32.200001,2805200
2019-12-05,32.480000,32.480000,32.000000,32.080002,32.080002,3114000
2019-12-06,32.290001,32.400002,31.990000,32.040001,32.040001,2181700
2019-12-09,31.980000,32.290001,31.870001,32.020000,32.020000,1745400
2019-12-10,32.080002,32.630001,31.850000,32.240002,32.240002,3972800
2019-12-11,32.200001,32.529999,32.040001,32.090000,32.090000,2524000
2019-12-12,32.090000,32.500000,31.980000,32.360001,32.360001,2068100
2019-12-13,32.520000,32.669998,32.130001,32.340000,32.340000,2694000
2019-12-16,32.369999,32.580002,32.040001,32.349998,32.349998,2288000
2019-12-17,32.189999,32.490002,32.049999,32.369999,32.369999,2443400
2019-12-18,32.330002,32.860001,32.320000,32.349998,32.349998,2635300
2019-12-19,32.459999,32.910000,32.439999,32.759998,32.759998,2561600
2019-12-20,32.930000,33.110001,32.389999,32.950001,32.950001,3227200
2019-12-23,32.889999,33.180000,32.779999,32.900002,32.900002,3411100
2019-12-24,33.000000,33.250000,32.880001,33.029999,33.029999,796300
2019-12-26,33.119999,33.320000,32.930000,33.279999,33.279999,1538400
2019-12-27,33.360001,33.480000,32.990002,33.130001,33.130001,1579300
2019-12-30,33.169998,33.349998,32.700001,32.759998,32.759998,1440000
2019-12-31,32.740002,32.810001,32.450001,32.740002,32.740002,4029800
2020-01-02,32.820000,32.840000,32.009998,32.220001,32.220001,3249300
2020-01-03,31.840000,32.230000,31.770000,32.029999,32.029999,3599600
2020-01-06,31.830000,32.080002,31.570000,31.959999,31.959999,2416900
2020-01-07,31.830000,32.540001,31.760000,32.070000,32.070000,3102000
2020-01-08,32.009998,32.389999,31.959999,32.110001,32.110001,3674100
2020-01-09,32.200001,32.570000,32.020000,32.250000,32.250000,6465100
2020-01-10,32.290001,32.290001,31.740000,31.850000,31.850000,4092000
2020-01-13,31.750000,31.940001,31.459999,31.790001,31.790001,3618500
2020-01-14,31.780001,31.990000,31.650000,31.900000,31.900000,3799500
2020-01-15,31.730000,32.240002,31.670000,32.240002,32.240002,3134500
2020-01-16,32.320000,32.869999,32.250000,32.770000,32.770000,4272700
2020-01-17,32.790001,32.889999,32.360001,32.430000,32.430000,3296400
2020-01-21,32.320000,32.389999,31.850000,31.969999,31.969999,3268200
2020-01-22,32.169998,32.459999,31.930000,32.029999,32.029999,2400300
2020-01-23,31.930000,32.029999,30.400000,30.450001,30.450001,7597700
2020-01-24,30.420000,30.420000,29.900000,30.320000,30.320000,6040900
2020-01-27,30.000000,30.400000,29.889999,30.200001,30.200001,3653300
2020-01-28,30.350000,30.760000,30.240000,30.520000,30.520000,3693000
2020-01-29,30.420000,30.559999,29.590000,29.700001,29.700001,5557600
2020-01-30,29.549999,29.959999,29.500000,29.920000,29.920000,3519300
2020-01-31,29.809999,30.080000,29.070000,29.260000,29.260000,3863200
2020-02-03,29.410000,29.940001,29.110001,29.150000,29.150000,3865000
2020-02-04,29.440001,29.799999,29.350000,29.740000,29.740000,4309700
2020-02-05,30.110001,30.840000,30.070000,30.629999,30.629999,3434600
2020-02-06,30.809999,30.879999,29.910000,30.049999,30.049999,3190800
2020-02-07,29.900000,30.070000,29.600000,29.790001,29.790001,2607700
2020-02-10,29.660000,29.860001,29.410000,29.830000,29.830000,4993900
2020-02-11,30.000000,30.430000,29.719999,30.209999,30.209999,4671200
2020-02-12,30.580000,30.600000,29.850000,30.350000,30.350000,3582700
2020-02-13,30.240000,30.510000,30.020000,30.330000,30.330000,2513800
2020-02-14,30.420000,30.480000,30.010000,30.209999,30.209999,3877300
2020-02-18,30.150000,30.580000,30.129999,30.299999,30.299999,2385200
2020-02-19,30.299999,30.770000,30.110001,30.480000,30.480000,3124400
2020-02-20,29.820000,30.090000,29.379999,29.980000,29.980000,5705100
2020-02-21,29.809999,29.889999,29.120001,29.209999,29.209999,4574600
2020-02-24,28.510000,28.660000,27.959999,28.309999,28.309999,7157200
2020-02-25,28.340000,28.500000,27.040001,27.420000,27.420000,8349800
2020-02-26,27.629999,28.330000,26.400000,26.469999,26.469999,6230400
2020-02-27,25.389999,25.389999,23.889999,24.670000,24.670000,17025100
2020-02-28,24.139999,25.900000,24.000000,25.700001,25.700001,12545600
2020-03-02,25.889999,26.430000,24.940001,26.400000,26.400000,8373200
2020-03-03,26.170000,26.930000,25.620001,26.240000,26.240000,9827100
2020-03-04,26.480000,26.520000,25.760000,26.510000,26.510000,6581000
2020-03-05,25.740000,25.969999,24.980000,25.230000,25.230000,6480700
2020-03-06,24.340000,25.559999,24.250000,25.440001,25.440001,6481800
2020-03-09,23.940001,24.780001,23.600000,23.650000,23.650000,8612200
2020-03-10,24.480000,25.090000,23.530001,25.080000,25.080000,6338600
2020-03-11,24.410000,24.790001,23.809999,24.059999,24.059999,7673800
2020-03-12,22.610001,22.770000,20.879999,22.280001,22.280001,6020300
2020-03-13,23.360001,24.040001,20.879999,22.889999,22.889999,6133500
2020-03-16,19.870001,21.240000,19.290001,20.629999,20.629999,6406400
2020-03-17,21.160000,21.600000,19.750000,21.510000,21.510000,6561000
2020-03-18,20.110001,20.809999,17.700001,19.879999,19.879999,7042400
2020-03-19,19.500000,21.770000,19.240000,21.219999,21.219999,6371600
2020-03-20,21.400000,21.969999,18.570000,18.760000,18.760000,6594900
2020-03-23,19.230000,19.230000,17.120001,18.490000,18.490000,6725700
2020-03-24,19.450001,21.100000,18.850000,20.030001,20.030001,7552300
2020-03-25,20.250000,22.200001,18.799999,21.059999,21.059999,8722100
2020-03-26,21.590000,22.080000,20.070000,20.930000,20.930000,6920700
2020-03-27,19.980000,20.490000,18.930000,19.030001,19.030001,4376900
2020-03-30,18.790001,20.170000,18.100000,20.010000,20.010000,4938100
2020-03-31,20.120001,20.459999,19.370001,19.440001,19.440001,4748900
2020-04-01,18.760000,20.010000,18.549999,19.450001,19.450001,7346300
2020-04-02,19.180000,20.049999,18.459999,18.680000,18.680000,5788700
2020-04-03,18.549999,18.920000,17.690001,18.360001,18.360001,4396200
2020-04-06,19.180000,20.129999,19.000000,19.650000,19.650000,4996400
2020-04-07,20.900000,21.750000,20.520000,20.670000,20.670000,6925000
2020-04-08,20.840000,22.059999,20.639999,21.580000,21.580000,5039500
2020-04-09,22.270000,22.750000,21.990000,22.320000,22.320000,4954600
2020-04-13,22.000000,22.299999,20.889999,21.990000,21.990000,4384700
2020-04-14,22.049999,22.790001,22.000000,22.299999,22.299999,3237200
2020-04-15,21.330000,21.570000,20.930000,21.350000,21.350000,3826200
2020-04-16,21.410000,21.610001,20.639999,21.469999,21.469999,3689000
2020-04-17,22.110001,22.430000,21.830000,22.139999,22.139999,3620100
2020-04-20,21.520000,22.320000,21.459999,21.700001,21.700001,3475600
2020-04-21,21.430000,21.590000,20.770000,20.780001,20.780001,3079400
2020-04-22,21.250000,21.420000,20.309999,20.370001,20.370001,3465700
2020-04-23,20.350000,21.070000,20.030001,20.389999,20.389999,4573000
2020-04-24,20.500000,21.170000,20.110001,21.020000,21.020000,4155500
2020-04-27,21.209999,23.010000,21.200001,22.750000,22.750000,3895400
2020-04-28,23.250000,23.930000,22.840000,23.420000,23.420000,5743800
2020-04-29,24.059999,25.049999,24.059999,24.730000,24.730000,5105700
2020-04-30,23.799999,24.350000,21.860001,22.420000,22.420000,8243200
2020-05-01,22.110001,22.110001,21.250000,21.670000,21.670000,4044500
2020-05-04,21.330000,21.969999,20.920000,21.870001,21.870001,5692300
2020-05-05,21.959999,22.110001,21.129999,21.250000,21.250000,7110500
2020-05-06,21.600000,21.790001,20.200001,20.850000,20.850000,11838600
2020-05-07,21.219999,22.030001,20.400000,20.530001,20.530001,7390000
2020-05-08,21.030001,21.510000,20.790001,21.090000,21.090000,6249500
2020-05-11,20.809999,20.920000,19.760000,20.330000,20.330000,7498000
2020-05-12,20.379999,20.530001,19.750000,19.780001,19.780001,6685200
2020-05-13,19.709999,19.730000,18.700001,19.129999,19.129999,6004900
2020-05-14,18.879999,20.559999,18.559999,20.540001,20.540001,12729100
2020-05-15,20.200001,20.740000,19.959999,20.469999,20.469999,4705800
2020-05-18,21.129999,21.629999,20.930000,21.280001,21.280001,5497000
2020-05-19,21.150000,21.490000,20.709999,21.049999,21.049999,3934500
2020-05-20,21.410000,21.780001,21.000000,21.170000,21.170000,3251900
2020-05-21,21.070000,21.290001,20.610001,20.670000,20.670000,4314300
2020-05-22,20.750000,20.950001,20.209999,20.299999,20.299999,4316600
2020-05-26,21.110001,22.059999,20.860001,21.920000,21.920000,5659700
2020-05-27,22.260000,23.100000,22.070000,22.620001,22.620001,6310900
2020-05-28,22.830000,22.920000,21.879999,21.969999,21.969999,4259200
2020-05-29,21.610001,21.870001,21.040001,21.750000,21.750000,5733800
2020-06-01,21.809999,22.230000,21.719999,21.950001,21.950001,2886800
2020-06-02,22.340000,22.370001,21.760000,21.830000,21.830000,4079400
2020-06-03,22.139999,22.799999,22.129999,22.270000,22.270000,4604000
2020-06-04,22.230000,23.120001,21.809999,23.090000,23.090000,4290800
2020-06-05,24.160000,24.889999,23.719999,24.780001,24.780001,8410000
2020-06-08,25.090000,26.270000,25.040001,26.150000,26.150000,8251400
2020-06-09,25.299999,25.530001,23.510000,23.879999,23.879999,6824500
2020-06-10,23.770000,23.889999,22.730000,23.170000,23.170000,4017200
2020-06-11,21.770000,22.700001,21.639999,22.340000,22.340000,7020600
2020-06-12,23.180000,23.219999,21.379999,22.070000,22.070000,6885900
2020-06-15,21.420000,23.150000,21.209999,22.750000,22.750000,5444900
2020-06-16,23.530001,23.690001,21.440001,22.260000,22.260000,7255200
2020-06-17,22.270000,22.600000,21.770000,22.170000,22.170000,3807500
2020-06-18,21.969999,22.629999,21.820000,22.520000,22.520000,2855900
2020-06-19,22.340000,22.959999,22.049999,22.150000,22.150000,5102800
2020-06-22,21.879999,21.969999,21.020000,21.840000,21.840000,6120100
2020-06-23,22.139999,22.549999,21.879999,22.160000,22.160000,3504100
2020-06-24,21.920000,21.920000,21.090000,21.719999,21.719999,4295300
2020-06-25,21.510000,21.540001,20.820000,21.260000,21.260000,4238600
2020-06-26,21.020000,21.170000,19.950001,20.260000,20.260000,5675800
2020-06-29,20.320000,21.299999,20.129999,21.230000,21.230000,4740900
2020-06-30,21.180000,21.330000,20.820000,21.100000,21.100000,3462400
2020-07-01,21.230000,21.799999,20.969999,21.070000,21.070000,4210100
2020-07-02,21.510000,21.750000,20.700001,20.790001,20.790001,3699200
2020-07-06,21.270000,21.370001,20.730000,21.240000,21.240000,5097400
2020-07-07,21.040001,21.070000,20.270000,20.360001,20.360001,3862500
2020-07-08,20.379999,20.440001,19.990000,20.219999,20.219999,4261900
2020-07-09,20.209999,20.230000,19.110001,19.250000,19.250000,6459800
2020-07-10,19.250000,20.370001,19.209999,20.230000,20.230000,5275800
2020-07-13,20.360001,20.930000,19.709999,20.520000,20.520000,6806300
2020-07-14,20.209999,20.950001,20.100000,20.650000,20.650000,2873100
2020-07-15,20.920000,22.049999,20.910000,21.780001,21.780001,6513600
2020-07-16,21.570000,22.120001,21.490000,22.020000,22.020000,3763200
2020-07-17,21.770000,22.219999,21.379999,21.420000,21.420000,2707500
2020-07-20,21.250000,21.410000,20.570000,20.770000,20.770000,3975100
2020-07-21,20.950001,21.440001,20.830000,20.980000,20.980000,2812500
2020-07-22,20.959999,21.350000,20.760000,21.110001,21.110001,2178500
2020-07-23,21.139999,21.559999,21.020000,21.350000,21.350000,2780900
2020-07-24,21.450001,21.690001,20.860001,21.150000,21.150000,2344200
2020-07-27,21.120001,21.170000,20.639999,20.879999,20.879999,1861400
2020-07-28,20.190001,21.020000,20.190001,20.780001,20.780001,2604200
2020-07-29,20.870001,21.100000,20.629999,21.000000,21.000000,1756100
2020-07-30,20.700001,21.240000,20.549999,21.150000,21.150000,2603900
2020-07-31,21.059999,21.120001,20.690001,21.100000,21.100000,2581900
2020-08-03,21.180000,21.450001,20.830000,21.340000,21.340000,3774500
2020-08-04,21.480000,22.549999,21.299999,22.010000,22.010000,6025100
2020-08-05,23.000000,23.000000,21.059999,21.120001,21.120001,8065300
2020-08-06,21.100000,21.790001,21.070000,21.629999,21.629999,6525200
2020-08-07,21.559999,21.910000,20.879999,20.980000,20.980000,6863700
2020-08-10,21.100000,21.840000,21.100000,21.780001,21.780001,4900600
2020-08-11,21.980000,23.670000,21.950001,22.480000,22.480000,7525200
2020-08-12,22.799999,22.840000,21.809999,21.820000,21.820000,3153400
2020-08-13,21.680000,22.120001,21.530001,21.969999,21.969999,2462400
2020-08-14,21.930000,22.730000,21.850000,22.620001,22.620001,2470100
2020-08-17,22.469999,22.540001,21.700001,22.090000,22.090000,2614800
2020-08-18,22.139999,22.290001,21.940001,22.059999,22.059999,2199000
2020-08-19,22.360001,22.510000,22.059999,22.219999,22.219999,1967400
2020-08-20,22.020000,22.379999,21.889999,22.129999,22.129999,2768000
2020-08-21,22.000000,22.160000,21.770000,21.990000,21.990000,2042700
2020-08-24,21.940001,22.879999,21.889999,22.809999,22.809999,3604400
2020-08-25,22.930000,23.010000,22.379999,22.860001,22.860001,3359600
2020-08-26,22.889999,23.049999,22.570000,22.770000,22.770000,2597200
2020-08-27,22.770000,23.120001,22.650000,22.860001,22.860001,3296500
2020-08-28,22.879999,22.980000,22.690001,22.879999,22.879999,3012800
2020-08-31,22.799999,22.950001,21.990000,22.070000,22.070000,4060200
2020-09-01,22.040001,22.040001,21.270000,21.420000,21.420000,4101100
2020-09-02,21.299999,22.129999,21.219999,21.809999,21.809999,4066100
2020-09-03,21.969999,22.680000,21.459999,21.639999,21.639999,5404400
2020-09-04,21.879999,22.879999,21.799999,22.809999,22.809999,9453100
2020-09-08,22.570000,23.200001,22.430000,22.500000,22.500000,5360100
2020-09-09,22.520000,23.190001,22.120001,23.059999,23.059999,4488500
2020-09-10,23.230000,23.799999,23.230000,23.450001,23.450001,5316900
2020-09-11,23.410000,23.580000,22.549999,22.830000,22.830000,5007600
2020-09-14,23.000000,23.889999,22.910000,23.770000,23.770000,5051900
2020-09-15,23.850000,24.120001,23.639999,23.820000,23.820000,3402000
2020-09-16,23.940001,24.770000,23.889999,24.270000,24.270000,3517100
2020-09-17,24.049999,24.680000,23.889999,24.200001,24.200001,4015500
2020-09-18,24.040001,24.320000,23.760000,23.879999,23.879999,5109500
2020-09-21,23.430000,23.520000,22.290001,22.420000,22.420000,4096500
2020-09-22,22.420000,22.770000,22.180000,22.330000,22.330000,2466500
2020-09-23,22.000000,22.580000,21.090000,21.120001,21.120001,3930700
2020-09-24,21.209999,21.549999,20.790001,21.320000,21.320000,3377200
2020-09-25,21.070000,21.420000,20.870001,21.330000,21.330000,2414600
2020-09-28,21.750000,22.120001,21.559999,21.950001,21.950001,3105700
2020-09-29,21.930000,22.129999,21.590000,21.750000,21.750000,2295800
2020-09-30,21.889999,22.299999,21.639999,21.770000,21.770000,2872700
2020-10-01,21.889999,22.020000,21.240000,21.510000,21.510000,3595600
2020-10-02,21.150000,21.600000,21.059999,21.500000,21.500000,2568400
2020-10-05,21.959999,22.129999,21.620001,21.910000,21.910000,2154700
2020-10-06,22.049999,22.120001,21.490000,21.520000,21.520000,2557200
2020-10-07,21.530001,22.340000,21.410000,22.190001,22.190001,2665900
2020-10-08,22.330000,22.790001,22.280001,22.770000,22.770000,3097500
2020-10-09,22.850000,23.049999,22.230000,22.240000,22.240000,3039800
2020-10-12,22.170000,22.420000,21.910000,22.340000,22.340000,1877600
2020-10-13,22.260000,22.440001,21.459999,21.570000,21.570000,5107300
2020-10-14,21.650000,21.760000,20.889999,20.930000,20.930000,6082400
2020-10-15,20.840000,21.030001,20.540001,20.969999,20.969999,4019200
2020-10-16,20.889999,21.160000,20.559999,20.959999,20.959999,2750000
2020-10-19,21.160000,21.200001,20.129999,20.200001,20.200001,2728000
2020-10-20,20.480000,20.490000,20.129999,20.250000,20.250000,2815200
2020-10-21,20.110001,20.820000,20.010000,20.719999,20.719999,3812400
2020-10-22,21.090000,21.379999,20.770000,21.180000,21.180000,2905200
2020-10-23,21.430000,21.430000,20.719999,21.100000,21.100000,2149100