Date,Open,High,Low,Close,Adj Close,Volume
1980-12-12,0.000000,1.259121,1.246207,1.252664,0.017165,1060800
1980-12-15,0.000000,1.252664,1.239750,1.252664,0.017165,1105200
1980-12-16,0.000000,1.259121,1.233293,1.239750,0.016988,1690000
1980-12-17,0.000000,1.265578,1.246207,1.259121,0.017254,1968400
1980-12-18,0.000000,1.343063,1.272035,1.330148,0.018227,1174800
1980-12-19,0.000000,1.349519,1.310777,1.336605,0.018315,553600
1980-12-22,0.000000,1.381805,1.330148,1.368891,0.018758,412000
1980-12-23,0.000000,1.414090,1.388262,1.407633,0.019289,640400
1980-12-24,0.000000,1.407633,1.394719,1.407633,0.019289,437200
1980-12-26,0.000000,1.401176,1.388262,1.401176,0.019200,63600
1980-12-29,0.000000,1.407633,1.375348,1.388262,0.019023,648400
1980-12-30,0.000000,1.401176,1.375348,1.388262,0.019023,543600
1980-12-31,0.000000,1.394719,1.349519,1.394719,0.019112,1225200
1981-01-02,0.000000,1.401176,1.388262,1.401176,0.019200,234000
1981-01-05,0.000000,1.394719,1.381805,1.388262,0.019023,2009200
1981-01-06,0.000000,1.517402,1.394719,1.485117,0.020350,1492400
1981-01-07,0.000000,1.517402,1.433461,1.510945,0.020704,3012000
1981-01-08,0.000000,1.543230,1.504488,1.517402,0.020793,884400
1981-01-09,0.000000,1.530316,1.504488,1.517402,0.020793,1202000
1981-01-12,0.000000,1.543230,1.498031,1.517402,0.020793,1006400
1981-01-13,0.000000,1.510945,1.491574,1.498031,0.020527,388800
1981-01-14,0.000000,1.523859,1.491574,1.510945,0.020704,2137200
1981-01-15,0.000000,1.536773,1.498031,1.530316,0.020970,722000
1981-01-16,0.000000,1.543230,1.523859,1.523859,0.020881,454800
1981-01-19,0.000000,1.536773,1.517402,1.523859,0.020881,385200
1981-01-20,0.000000,1.536773,1.510945,1.510945,0.020704,276800
1981-01-21,0.000000,1.504488,1.472203,1.478660,0.020262,2758400
1981-01-22,0.000000,1.498031,1.478660,1.498031,0.020527,718000
1981-01-23,0.000000,1.517402,1.498031,1.510945,0.020704,1047200
1981-01-26,0.000000,1.523859,1.491574,1.491574,0.020439,443200
1981-01-27,0.000000,1.510945,1.485117,1.485117,0.020350,1033600
1981-01-28,0.000000,1.498031,1.478660,1.485117,0.020350,385200
1981-01-29,0.000000,1.491574,1.472203,1.478660,0.020262,662000
1981-01-30,0.000000,1.491574,1.478660,1.485117,0.020350,536000
1981-02-02,0.000000,1.478660,1.446375,1.452832,0.019908,1767200
1981-02-03,0.000000,1.452832,1.433461,1.452832,0.019908,323200
1981-02-04,0.000000,1.459289,1.433461,1.452832,0.019908,774000
1981-02-05,0.000000,1.459289,1.439918,1.446375,0.019819,286400
1981-02-06,0.000000,1.439918,1.420547,1.433461,0.019643,1116800
1981-02-09,0.000000,1.465746,1.439918,1.452832,0.019908,1484800
1981-02-10,0.000000,1.459289,1.446375,1.459289,0.019996,1318000
1981-02-11,0.000000,1.465746,1.452832,1.452832,0.019908,268800
1981-02-12,0.000000,1.478660,1.452832,1.465746,0.020085,458800
1981-02-13,0.000000,1.459289,1.433461,1.439918,0.019731,768400
1981-02-17,0.000000,1.446375,1.427004,1.439918,0.019731,158400
1981-02-18,0.000000,1.485117,1.427004,1.465746,0.020085,780000
1981-02-19,0.000000,1.472203,1.433461,1.439918,0.019731,648400
1981-02-20,0.000000,1.439918,1.401176,1.401176,0.019200,1029600
1981-02-23,0.000000,1.414090,1.401176,1.407633,0.019289,859200
1981-02-24,0.000000,1.427004,1.401176,1.427004,0.019554,510800
1981-02-25,0.000000,1.446375,1.427004,1.446375,0.019819,435200
1981-02-26,0.000000,1.498031,1.446375,1.491574,0.020439,7367600
1981-02-27,0.000000,1.510945,1.498031,1.504488,0.020616,1656800
1981-03-02,0.000000,1.504488,1.491574,1.498031,0.020527,923200
1981-03-03,0.000000,1.498031,1.491574,1.498031,0.020527,561200
1981-03-04,0.000000,1.517402,1.498031,1.504488,0.020616,2260800
1981-03-05,0.000000,1.523859,1.491574,1.491574,0.020439,563200
1981-03-06,0.000000,1.517402,1.485117,1.510945,0.020704,675600
1981-03-09,0.000000,1.543230,1.504488,1.530316,0.020970,882400
1981-03-10,0.000000,1.575516,1.523859,1.575516,0.021589,867200
1981-03-11,0.000000,1.620715,1.556144,1.594887,0.021855,1457600
1981-03-12,0.000000,1.678828,1.594887,1.678828,0.023005,1943600
1981-03-13,0.000000,1.730484,1.704656,1.711113,0.023447,1922000
1981-03-16,0.000000,1.827340,1.756312,1.782141,0.024420,5639200
1981-03-17,0.000000,1.756312,1.711113,1.717570,0.023536,1393600
1981-03-18,0.000000,1.704656,1.678828,1.685285,0.023093,2468000
1981-03-19,0.000000,1.717570,1.685285,1.704656,0.023359,1960800
1981-03-20,0.000000,1.807969,1.711113,1.807969,0.024774,8395600
1981-03-23,0.000000,1.846711,1.788598,1.801512,0.024686,2545600
1981-03-24,0.000000,1.795055,1.762770,1.769227,0.024243,2477600
1981-03-25,0.000000,1.782141,1.743398,1.782141,0.024420,2330400
1981-03-26,0.000000,1.769227,1.743398,1.743398,0.023890,964000
1981-03-27,0.000000,1.730484,1.653000,1.672371,0.022916,1864000
1981-03-30,0.000000,1.685285,1.653000,1.685285,0.023093,1835200
1981-03-31,0.000000,1.736941,1.711113,1.724027,0.023624,1012400
1981-04-01,0.000000,1.775684,1.711113,1.775684,0.024332,3141600
1981-04-02,0.000000,1.775684,1.762770,1.769227,0.024243,865200
1981-04-03,0.000000,1.782141,1.724027,1.736941,0.023801,1153600
1981-04-06,0.000000,1.756312,1.691742,1.756312,0.024067,1246400
1981-04-07,0.000000,1.788598,1.762770,1.788598,0.024509,1870000
1981-04-08,0.000000,1.782141,1.775684,1.782141,0.024420,307600
1981-04-09,0.000000,1.782141,1.762770,1.769227,0.024243,613600
1981-04-10,0.000000,1.788598,1.749856,1.775684,0.024332,2958000
1981-04-13,0.000000,1.795055,1.769227,1.769227,0.024243,476000
1981-04-14,0.000000,1.775684,1.762770,1.775684,0.024332,362000
1981-04-15,0.000000,1.807969,1.769227,1.801512,0.024686,2303600
1981-04-16,0.000000,1.807969,1.795055,1.801512,0.024686,758800
1981-04-20,0.000000,1.801512,1.762770,1.795055,0.024597,932800
1981-04-21,0.000000,1.801512,1.769227,1.775684,0.024332,332800
1981-04-22,0.000000,1.801512,1.775684,1.801512,0.024686,367600
1981-04-23,0.000000,1.814426,1.788598,1.795055,0.024597,745200
1981-04-24,0.000000,1.807969,1.788598,1.788598,0.024509,808800
1981-04-27,0.000000,1.807969,1.775684,1.782141,0.024420,694800
1981-04-28,0.000000,1.807969,1.775684,1.782141,0.024420,2237600
1981-04-29,0.000000,1.788598,1.756312,1.762770,0.024155,276800
1981-04-30,0.000000,1.769227,1.736941,1.736941,0.023801,2594000
1981-05-01,0.000000,1.788598,1.717570,1.788598,0.024509,1891200
1981-05-04,0.000000,1.788598,1.736941,1.736941,0.023801,4897600
1981-05-05,0.000000,1.730484,1.717570,1.717570,0.023536,784000
1981-05-06,0.000000,1.711113,1.678828,1.678828,0.023005,1941600
1981-05-07,0.000000,1.730484,1.672371,1.730484,0.023713,429600
1981-05-08,0.000000,1.756312,1.717570,1.743398,0.023890,630800
1981-05-11,0.000000,1.743398,1.717570,1.730484,0.023713,408400
1981-05-12,0.000000,1.743398,1.730484,1.730484,0.023713,220400
1981-05-13,0.000000,1.769227,1.743398,1.769227,0.024243,352000
1981-05-14,0.000000,1.807969,1.769227,1.775684,0.024332,673600
1981-05-15,0.000000,1.801512,1.782141,1.782141,0.024420,2228000
1981-05-18,0.000000,1.788598,1.775684,1.775684,0.024332,630800
1981-05-19,0.000000,1.788598,1.775684,1.782141,0.024420,398400
1981-05-20,0.000000,1.795055,1.775684,1.782141,0.024420,265200
1981-05-21,0.000000,1.782141,1.736941,1.756312,0.024067,530400
1981-05-22,0.000000,1.769227,1.756312,1.756312,0.024067,2280400
1981-05-26,0.000000,1.762770,1.749856,1.749856,0.023978,282400
1981-05-27,0.000000,1.762770,1.743398,1.756312,0.024067,2355600
1981-05-28,0.000000,1.788598,1.769227,1.769227,0.024243,1267600
1981-05-29,0.000000,1.788598,1.762770,1.788598,0.024509,737200
1981-06-01,0.000000,1.859625,1.788598,1.840254,0.025217,1490400
1981-06-02,0.000000,1.840254,1.814426,1.827340,0.025040,712400
1981-06-03,0.000000,1.904824,1.827340,1.904824,0.026102,1602800
1981-06-04,0.000000,1.950023,1.904824,1.904824,0.026102,1155600
1981-06-05,0.000000,1.930652,1.885453,1.917738,0.026278,942400
1981-06-08,0.000000,1.950023,1.911281,1.937109,0.026544,2437200
1981-06-09,0.000000,1.982309,1.917738,1.975852,0.027075,602000
1981-06-10,0.000000,1.975852,1.956481,1.962937,0.026898,385200
1981-06-11,0.000000,1.975852,1.950023,1.962937,0.026898,1912400
1981-06-12,0.000000,2.027508,1.962937,2.008137,0.027517,776000
1981-06-15,0.000000,2.008137,1.988766,2.008137,0.027517,586400
1981-06-16,0.000000,2.040422,2.008137,2.027508,0.027783,1146000
1981-06-17,0.000000,2.033965,2.001680,2.001680,0.027429,1937600
1981-06-18,0.000000,2.021051,1.995223,2.008137,0.027517,567200
1981-06-19,0.000000,2.008137,1.975852,1.988766,0.027252,667600
1981-06-22,0.000000,1.975852,1.962937,1.962937,0.026898,1022000
1981-06-23,0.000000,1.975852,1.962937,1.969395,0.026986,1130400
1981-06-24,0.000000,1.975852,1.956481,1.969395,0.026986,373600
1981-06-25,0.000000,1.962937,1.943566,1.950023,0.026721,261200
1981-06-26,0.000000,1.988766,1.950023,1.982309,0.027163,1852400
1981-06-29,0.000000,1.975852,1.956481,1.962937,0.026898,1008400
1981-06-30,0.000000,1.975852,1.956481,1.956481,0.026809,1653200
1981-07-01,0.000000,1.937109,1.885453,1.885453,0.025836,1581600
1981-07-02,0.000000,1.885453,1.833797,1.859625,0.025482,574800
1981-07-06,0.000000,1.833797,1.782141,1.814426,0.024863,611600
1981-07-07,0.000000,1.866082,1.840254,1.846711,0.025305,1492400
1981-07-08,0.000000,1.853168,1.827340,1.853168,0.025394,1670400
1981-07-09,0.000000,1.840254,1.827340,1.840254,0.025217,2301600
1981-07-10,0.000000,1.827340,1.756312,1.756312,0.024067,1560000
1981-07-13,0.000000,1.756312,1.724027,1.756312,0.024067,752800
1981-07-14,0.000000,1.782141,1.756312,1.756312,0.024067,377200
1981-07-15,0.000000,1.782141,1.730484,1.775684,0.024332,1354800
1981-07-16,0.000000,1.782141,1.756312,1.782141,0.024420,1171200
1981-07-17,0.000000,1.820883,1.782141,1.820883,0.024951,1124400
1981-07-20,0.000000,1.820883,1.795055,1.795055,0.024597,286400
1981-07-21,0.000000,1.782141,1.762770,1.782141,0.024420,530400
1981-07-22,0.000000,1.782141,1.749856,1.749856,0.023978,2152400
1981-07-23,0.000000,1.730484,1.717570,1.724027,0.023624,474000
1981-07-24,0.000000,1.743398,1.704656,1.743398,0.023890,1583200
1981-07-27,0.000000,1.801512,1.762770,1.801512,0.024686,869200
1981-07-28,0.000000,1.801512,1.788598,1.801512,0.024686,150800
1981-07-29,0.000000,1.801512,1.782141,1.795055,0.024597,261200
1981-07-30,0.000000,1.840254,1.807969,1.840254,0.025217,309600
1981-07-31,0.000000,1.853168,1.827340,1.846711,0.025305,1442000
1981-08-03,0.000000,1.846711,1.801512,1.801512,0.024686,748800
1981-08-04,0.000000,1.807969,1.795055,1.795055,0.024597,394800
1981-08-05,0.000000,1.820883,1.788598,1.820883,0.024951,739200
1981-08-06,0.000000,1.833797,1.820883,1.820883,0.024951,216800
1981-08-07,0.000000,1.833797,1.820883,1.820883,0.024951,129600
1981-08-10,0.000000,1.833797,1.795055,1.801512,0.024686,340400
1981-08-11,0.000000,1.814426,1.795055,1.801512,0.024686,842000
1981-08-12,0.000000,1.801512,1.782141,1.795055,0.024597,902000
1981-08-13,0.000000,1.788598,1.775684,1.788598,0.024509,1033600
1981-08-14,0.000000,1.788598,1.756312,1.775684,0.024332,2663600
1981-08-17,0.000000,1.775684,1.756312,1.756312,0.024067,1258000
1981-08-18,0.000000,1.769227,1.756312,1.756312,0.024067,476000
1981-08-19,0.000000,1.762770,1.749856,1.762770,0.024155,688800
1981-08-20,0.000000,1.762770,1.743398,1.743398,0.023890,853600
1981-08-21,0.000000,1.730484,1.691742,1.704656,0.023359,948400
1981-08-24,0.000000,1.704656,1.685285,1.685285,0.023093,733600
1981-08-25,0.000000,1.730484,1.685285,1.730484,0.023713,1360800
1981-08-26,0.000000,1.736941,1.724027,1.724027,0.023624,938800
1981-08-27,0.000000,1.736941,1.730484,1.736941,0.023801,243600
1981-08-28,0.000000,1.749856,1.736941,1.743398,0.023890,298000
1981-08-31,0.000000,1.795055,1.756312,1.788598,0.024509,3155200
1981-09-01,0.000000,1.788598,1.775684,1.788598,0.024509,495200
1981-09-02,0.000000,1.801512,1.769227,1.788598,0.024509,474000
1981-09-03,0.000000,1.795055,1.762770,1.762770,0.024155,832400
1981-09-04,0.000000,1.769227,1.743398,1.743398,0.023890,584400
1981-09-08,0.000000,1.743398,1.698199,1.711113,0.023447,576800
1981-09-09,0.000000,1.756312,1.717570,1.749856,0.023978,845600
1981-09-10,0.000000,1.769227,1.749856,1.756312,0.024067,292000
1981-09-11,0.000000,1.782141,1.743398,1.775684,0.024332,5617600
1981-09-14,0.000000,1.782141,1.769227,1.775684,0.024332,487600
1981-09-15,0.000000,1.775684,1.756312,1.756312,0.024067,3459200
1981-09-16,0.000000,1.769227,1.743398,1.756312,0.024067,2874400
1981-09-17,0.000000,1.769227,1.730484,1.736941,0.023801,545600
1981-09-18,0.000000,1.756312,1.704656,1.749856,0.023978,1891200
1981-09-21,0.000000,1.807969,1.756312,1.807969,0.024774,1893200
1981-09-22,0.000000,1.924195,1.833797,1.898367,0.026013,2942400
1981-09-23,0.000000,1.904824,1.853168,1.859625,0.025482,1606400
1981-09-24,0.000000,1.878996,1.853168,1.859625,0.025482,2026800
1981-09-25,0.000000,1.846711,1.795055,1.833797,0.025128,1502000
1981-09-28,0.000000,1.859625,1.788598,1.859625,0.025482,1736400
1981-09-29,0.000000,1.891910,1.846711,1.866082,0.025571,1328000
1981-09-30,0.000000,1.859625,1.820883,1.853168,0.025394,847600
1981-10-01,0.000000,1.866082,1.833797,1.846711,0.025305,1920000
1981-10-02,0.000000,1.866082,1.840254,1.859625,0.025482,983200
1981-10-05,0.000000,1.872539,1.840254,1.853168,0.025394,1312400
1981-10-06,0.000000,1.859625,1.827340,1.833797,0.025128,973600
1981-10-07,0.000000,1.917738,1.833797,1.917738,0.026278,1060800
1981-10-08,0.000000,1.911281,1.859625,1.898367,0.026013,1345200
1981-10-09,0.000000,1.898367,1.872539,1.885453,0.025836,1047200
1981-10-12,0.000000,1.891910,1.878996,1.885453,0.025836,206800
1981-10-13,0.000000,1.898367,1.866082,1.866082,0.025571,1298800
1981-10-14,0.000000,1.859625,1.833797,1.833797,0.025128,1804000
1981-10-15,0.000000,1.846711,1.827340,1.827340,0.025040,1446000
1981-10-16,0.000000,1.833797,1.801512,1.801512,0.024686,1000800
1981-10-19,0.000000,1.820883,1.807969,1.807969,0.024774,973600
1981-10-20,0.000000,1.859625,1.814426,1.846711,0.025305,565200
1981-10-21,0.000000,1.962937,1.853168,1.956481,0.026809,665600
1981-10-22,0.000000,1.950023,1.885453,1.885453,0.025836,911600
1981-10-23,0.000000,1.898367,1.846711,1.846711,0.025305,1347200
1981-10-26,0.000000,1.885453,1.840254,1.878996,0.025748,768400
1981-10-27,0.000000,1.962937,1.885453,1.962937,0.026898,1956800
1981-10-28,0.000000,1.988766,1.956481,1.982309,0.027163,822400
1981-10-29,0.000000,1.969395,1.911281,1.911281,0.026190,3174800
1981-10-30,0.000000,1.956481,1.891910,1.956481,0.026809,1976400
1981-11-02,0.000000,1.969395,1.943566,1.943566,0.026632,3078000
1981-11-03,0.000000,1.950023,1.930652,1.943566,0.026632,1471200
1981-11-04,0.000000,1.943566,1.904824,1.904824,0.026102,6010800
1981-11-05,0.000000,1.904824,1.840254,1.872539,0.025659,1628000
1981-11-06,0.000000,1.904824,1.872539,1.891910,0.025925,474000
1981-11-09,0.000000,1.904824,1.878996,1.898367,0.026013,418000
1981-11-10,0.000000,1.891910,1.846711,1.859625,0.025482,1691600
1981-11-11,0.000000,1.859625,1.833797,1.853168,0.025394,1289200
1981-11-12,0.000000,1.878996,1.853168,1.859625,0.025482,1548400
1981-11-13,0.000000,1.840254,1.807969,1.820883,0.024951,1389600
1981-11-16,0.000000,1.807969,1.769227,1.782141,0.024420,950400
1981-11-17,0.000000,1.795055,1.782141,1.782141,0.024420,789600
1981-11-18,0.000000,1.814426,1.769227,1.814426,0.024863,816800
1981-11-19,0.000000,1.827340,1.782141,1.807969,0.024774,658000
1981-11-20,0.000000,1.872539,1.820883,1.840254,0.025217,1556400
1981-11-23,0.000000,1.866082,1.833797,1.846711,0.025305,468400
1981-11-24,0.000000,1.853168,1.827340,1.840254,0.025217,1070400
1981-11-25,0.000000,1.911281,1.846711,1.911281,0.026190,2090400
1981-11-27,0.000000,1.917738,1.898367,1.911281,0.026190,485600
1981-11-30,0.000000,1.898367,1.872539,1.898367,0.026013,458800
1981-12-01,0.000000,1.891910,1.872539,1.872539,0.025659,807200
1981-12-02,0.000000,1.872539,1.853168,1.866082,0.025571,512800
1981-12-03,0.000000,1.878996,1.866082,1.872539,0.025659,1858400
1981-12-04,0.000000,1.904824,1.878996,1.891910,0.025925,1409200
1981-12-07,0.000000,1.904824,1.878996,1.904824,0.026102,143200
1981-12-08,0.000000,1.904824,1.885453,1.904824,0.026102,2110000
1981-12-09,0.000000,1.904824,1.885453,1.898367,0.026013,307600
1981-12-10,0.000000,1.911281,1.891910,1.911281,0.026190,1790400
1981-12-11,0.000000,1.917738,1.891910,1.898367,0.026013,321200
1981-12-14,0.000000,1.911281,1.885453,1.891910,0.025925,805200
1981-12-15,0.000000,1.930652,1.885453,1.924195,0.026367,1140000
1981-12-16,0.000000,1.943566,1.917738,1.924195,0.026367,309600
1981-12-17,0.000000,1.950023,1.917738,1.950023,0.026721,422000
1981-12-18,0.000000,1.982309,1.956481,1.975852,0.027075,367600
1981-12-21,0.000000,1.982309,1.943566,1.943566,0.026632,960000
1981-12-22,0.000000,1.911281,1.891910,1.891910,0.025925,2297600
1981-12-23,0.000000,1.911281,1.891910,1.904824,0.026102,648400
1981-12-24,0.000000,1.911281,1.898367,1.904824,0.026102,607600
1981-12-28,0.000000,1.924195,1.885453,1.885453,0.025836,842000
1981-12-29,0.000000,1.898367,1.859625,1.866082,0.025571,205200
1981-12-30,0.000000,1.872539,1.866082,1.866082,0.025571,274800
1981-12-31,0.000000,1.872539,1.853168,1.853168,0.025394,191600
1982-01-04,0.000000,1.827340,1.801512,1.807969,0.024774,880800
1982-01-05,0.000000,1.801512,1.769227,1.769227,0.024243,985200
1982-01-06,0.000000,1.788598,1.762770,1.782141,0.024420,1476800
1982-01-07,0.000000,1.807969,1.782141,1.782141,0.024420,1624000
1982-01-08,0.000000,1.782141,1.769227,1.769227,0.024243,226400
1982-01-11,0.000000,1.775684,1.749856,1.749856,0.023978,1656800
1982-01-12,0.000000,1.769227,1.743398,1.769227,0.024243,568800
1982-01-13,0.000000,1.762770,1.743398,1.762770,0.024155,1982000
1982-01-14,0.000000,1.769227,1.749856,1.769227,0.024243,602000
1982-01-15,0.000000,1.775684,1.743398,1.743398,0.023890,3906400
1982-01-18,0.000000,1.769227,1.743398,1.769227,0.024243,1643200
1982-01-19,0.000000,1.782141,1.730484,1.730484,0.023713,3960400
1982-01-20,0.000000,1.736941,1.698199,1.711113,0.023447,722000
1982-01-21,0.000000,1.730484,1.704656,1.717570,0.023536,1182800
1982-01-22,0.000000,1.730484,1.717570,1.724027,0.023624,422000
1982-01-25,0.000000,1.724027,1.704656,1.711113,0.023447,445200
1982-01-26,0.000000,1.743398,1.711113,1.711113,0.023447,1240800
1982-01-27,0.000000,1.749856,1.704656,1.743398,0.023890,362000
1982-01-28,0.000000,1.762770,1.743398,1.762770,0.024155,2499200
1982-01-29,0.000000,1.795055,1.769227,1.775684,0.024332,1778800
1982-02-01,0.000000,1.788598,1.756312,1.775684,0.024332,1343200
1982-02-02,0.000000,1.782141,1.756312,1.769227,0.024243,586400
1982-02-03,0.000000,1.801512,1.762770,1.795055,0.024597,1225200
1982-02-04,0.000000,1.801512,1.782141,1.788598,0.024509,2836000
1982-02-05,0.000000,1.795055,1.775684,1.782141,0.024420,495200
1982-02-08,0.000000,1.782141,1.749856,1.782141,0.024420,1296800
1982-02-09,0.000000,1.788598,1.769227,1.775684,0.024332,863200
1982-02-10,0.000000,1.827340,1.788598,1.820883,0.024951,1614400
1982-02-11,0.000000,1.885453,1.840254,1.846711,0.025305,1292800
1982-02-12,0.000000,1.859625,1.833797,1.840254,0.025217,1378000
1982-02-16,0.000000,1.872539,1.833797,1.866082,0.025571,1932000
1982-02-17,0.000000,1.891910,1.866082,1.885453,0.025836,1498000
1982-02-18,0.000000,1.943566,1.911281,1.930652,0.026455,1641600
1982-02-19,0.000000,1.962937,1.924195,1.930652,0.026455,1500000
1982-02-22,0.000000,1.982309,1.917738,1.917738,0.026278,1730400
1982-02-23,0.000000,1.950023,1.917738,1.943566,0.026632,979200
1982-02-24,0.000000,1.962937,1.937109,1.962937,0.026898,952400
1982-02-25,0.000000,1.969395,1.943566,1.950023,0.026721,375200
1982-02-26,0.000000,1.956481,1.943566,1.950023,0.026721,952400
1982-03-01,0.000000,1.969395,1.950023,1.956481,0.026809,630800
1982-03-02,0.000000,2.001680,1.975852,1.988766,0.027252,5408800
1982-03-03,0.000000,2.001680,1.982309,1.982309,0.027163,1388000
1982-03-04,0.000000,1.995223,1.950023,1.950023,0.026721,1589200
1982-03-05,0.000000,1.950023,1.891910,1.891910,0.025925,1515600
1982-03-08,0.000000,1.917738,1.891910,1.898367,0.026013,615600
1982-03-09,0.000000,1.904824,1.878996,1.904824,0.026102,1052800
1982-03-10,0.000000,1.930652,1.898367,1.904824,0.026102,514800
1982-03-11,0.000000,1.930652,1.891910,1.930652,0.026455,673600
1982-03-12,0.000000,1.930652,1.904824,1.917738,0.026278,975600
1982-03-15,0.000000,1.911281,1.885453,1.891910,0.025925,576800
1982-03-16,0.000000,1.917738,1.898367,1.904824,0.026102,1895200
1982-03-17,0.000000,1.904824,1.878996,1.885453,0.025836,805200
1982-03-18,0.000000,1.956481,1.891910,1.956481,0.026809,1426400
1982-03-19,0.000000,1.943566,1.924195,1.930652,0.026455,240000
1982-03-22,0.000000,1.930652,1.911281,1.930652,0.026455,644400
1982-03-23,0.000000,1.988766,1.950023,1.962937,0.026898,3358400
1982-03-24,0.000000,2.014594,1.982309,2.008137,0.027517,3366400
1982-03-25,0.000000,2.008137,1.988766,1.988766,0.027252,2355600
1982-03-26,0.000000,1.988766,1.969395,1.982309,0.027163,1546400
1982-03-29,0.000000,1.982309,1.969395,1.982309,0.027163,1672400
1982-03-30,0.000000,1.988766,1.975852,1.982309,0.027163,1575600
1982-03-31,0.000000,1.988766,1.982309,1.988766,0.027252,4328400
1982-04-01,0.000000,1.982309,1.962937,1.975852,0.027075,2880400
1982-04-02,0.000000,2.021051,1.969395,2.014594,0.027606,1298800
1982-04-05,0.000000,2.033965,2.021051,2.027508,0.027783,1714800
1982-04-06,0.000000,2.079164,2.027508,2.072707,0.028402,1438000
1982-04-07,0.000000,2.117906,2.085621,2.098535,0.028756,1732400
1982-04-08,0.000000,2.111449,2.085621,2.111449,0.028933,7424000
1982-04-12,0.000000,2.104992,2.085621,2.092078,0.028667,4185200
1982-04-13,0.000000,2.098535,2.079164,2.079164,0.028490,1887200
1982-04-14,0.000000,2.079164,2.033965,2.059793,0.028225,832400
1982-04-15,0.000000,2.072707,2.046879,2.066250,0.028314,1000800
1982-04-16,0.000000,2.066250,2.040422,2.046879,0.028048,1792400
1982-04-19,0.000000,2.092078,2.040422,2.079164,0.028490,5571200
1982-04-20,0.000000,2.079164,2.053336,2.066250,0.028314,1804000
1982-04-21,0.000000,2.079164,2.046879,2.046879,0.028048,2464000
1982-04-22,0.000000,2.066250,2.040422,2.066250,0.028314,8260000
1982-04-23,0.000000,2.066250,2.046879,2.059793,0.028225,2398400
1982-04-26,0.000000,2.124363,2.066250,2.124363,0.029110,2568800
1982-04-27,0.000000,2.137277,2.104992,2.111449,0.028933,1800000
1982-04-28,0.000000,2.124363,2.092078,2.092078,0.028667,979200
1982-04-29,0.000000,2.092078,2.079164,2.085621,0.028579,1084000
1982-04-30,0.000000,2.130820,2.079164,2.117906,0.029021,687200
1982-05-03,0.000000,2.156648,2.117906,2.150191,0.029464,1052800
1982-05-04,0.000000,2.176019,2.150191,2.176019,0.029818,1631600
1982-05-05,0.000000,2.176019,2.156648,2.156648,0.029552,1432400
1982-05-06,0.000000,2.176019,2.150191,2.156648,0.029552,1142000
1982-05-07,0.000000,2.156648,2.130820,2.143734,0.029375,865200
1982-05-10,0.000000,2.163105,2.143734,2.150191,0.029464,716000
1982-05-11,0.000000,2.150191,2.137277,2.143734,0.029375,402400
1982-05-12,0.000000,2.143734,2.117906,2.137277,0.029287,418000
1982-05-13,0.000000,2.143734,2.124363,2.124363,0.029110,388800
1982-05-14,0.000000,2.130820,2.104992,2.104992,0.028844,1333600
1982-05-17,0.000000,2.111449,2.098535,2.098535,0.028756,1932000
1982-05-18,0.000000,2.117906,2.092078,2.098535,0.028756,1287200
1982-05-19,0.000000,2.124363,2.098535,2.098535,0.028756,445200
1982-05-20,0.000000,2.150191,2.098535,2.130820,0.029198,2986800
1982-05-21,0.000000,2.137277,2.117906,2.117906,0.029021,534000
1982-05-24,0.000000,2.137277,2.111449,2.137277,0.029287,832400
1982-05-25,0.000000,2.156648,2.124363,2.124363,0.029110,1149600
1982-05-26,0.000000,2.130820,2.092078,2.092078,0.028667,1153600
1982-05-27,0.000000,2.085621,2.059793,2.079164,0.028490,379200
1982-05-28,0.000000,2.079164,2.046879,2.059793,0.028225,636800
1982-06-01,0.000000,2.072707,2.053336,2.059793,0.028225,452800
1982-06-02,0.000000,2.104992,2.066250,2.098535,0.028756,1964800
1982-06-03,0.000000,2.117906,2.098535,2.104992,0.028844,328800
1982-06-04,0.000000,2.104992,2.059793,2.059793,0.028225,1788400
1982-06-07,0.000000,2.079164,2.046879,2.079164,0.028490,925200
1982-06-08,0.000000,2.092078,2.072707,2.085621,0.028579,307600
1982-06-09,0.000000,2.092078,2.079164,2.092078,0.028667,446800
1982-06-10,0.000000,2.117906,2.104992,2.117906,0.029021,4533600
1982-06-11,0.000000,2.169563,2.150191,2.169563,0.029729,2836000
1982-06-14,0.000000,2.163105,2.130820,2.143734,0.029375,1122800
1982-06-15,0.000000,2.176019,2.130820,2.169563,0.029729,2892000
1982-06-16,0.000000,2.195391,2.182477,2.182477,0.029906,1699600
1982-06-17,0.000000,2.195391,2.176019,2.182477,0.029906,1509600
1982-06-18,0.000000,2.188934,2.169563,2.169563,0.029729,3283200
1982-06-21,0.000000,2.176019,2.169563,2.176019,0.029818,834000
1982-06-22,0.000000,2.188934,2.169563,2.182477,0.029906,996800
1982-06-23,0.000000,2.201848,2.176019,2.182477,0.029906,880800
1982-06-24,0.000000,2.201848,2.182477,2.188934,0.029995,596000
1982-06-25,0.000000,2.182477,2.169563,2.169563,0.029729,2410000
1982-06-28,0.000000,2.188934,2.163105,2.176019,0.029818,1769200
1982-06-29,0.000000,2.182477,2.150191,2.169563,0.029729,2729200
1982-06-30,0.000000,2.176019,2.156648,2.163105,0.029641,5192000
1982-07-01,0.000000,2.169563,2.143734,2.163105,0.029641,303600
1982-07-02,0.000000,2.137277,2.111449,2.117906,0.029021,828400
1982-07-06,0.000000,2.150191,2.117906,2.150191,0.029464,913600
1982-07-07,0.000000,2.163105,2.130820,2.143734,0.029375,491600
1982-07-08,0.000000,2.156648,2.098535,2.143734,0.029375,2824400
1982-07-09,0.000000,2.221219,2.150191,2.201848,0.030172,1566000
1982-07-12,0.000000,2.266418,2.221219,2.240590,0.030702,1283200
1982-07-13,0.000000,2.266418,2.221219,2.253504,0.030879,534000
1982-07-14,0.000000,2.266418,2.227676,2.259961,0.030968,1662800
1982-07-15,0.000000,2.318074,2.259961,2.279332,0.031233,1132400
1982-07-16,0.000000,2.318074,2.279332,2.279332,0.031233,876800
1982-07-19,0.000000,2.292246,2.253504,2.272875,0.031145,1260000
1982-07-20,0.000000,2.311617,2.285789,2.292246,0.031410,1773200
1982-07-21,0.000000,2.330988,2.305160,2.318074,0.031764,3240400
1982-07-22,0.000000,2.376188,2.318074,2.337445,0.032030,3716800
1982-07-23,0.000000,2.356816,2.343902,2.350359,0.032207,1498000
1982-07-26,0.000000,2.363273,2.324531,2.350359,0.032207,1778800
1982-07-27,0.000000,2.330988,2.292246,2.292246,0.031410,3333200
1982-07-28,0.000000,2.292246,2.195391,2.201848,0.030172,2727600
1982-07-29,0.000000,2.195391,2.169563,2.195391,0.030083,900000
1982-07-30,0.000000,2.240590,2.188934,2.221219,0.030437,1248400
1982-08-02,0.000000,2.285789,2.227676,2.285789,0.031322,1693600
1982-08-03,0.000000,2.285789,2.240590,2.247047,0.030791,770400
1982-08-04,0.000000,2.221219,2.176019,2.182477,0.029906,1155600
1982-08-05,0.000000,2.182477,2.137277,2.137277,0.029287,5360400
1982-08-06,0.000000,2.143734,2.117906,2.117906,0.029021,2464000
1982-08-09,0.000000,2.066250,1.995223,2.021051,0.027694,1926000
1982-08-10,0.000000,2.059793,2.021051,2.021051,0.027694,1691600
1982-08-11,0.000000,2.033965,2.008137,2.021051,0.027694,1840800
1982-08-12,0.000000,2.046879,2.021051,2.033965,0.027871,445200
1982-08-13,0.000000,2.066250,2.033965,2.066250,0.028314,1523200
1982-08-16,0.000000,2.137277,2.085621,2.124363,0.029110,921200
1982-08-17,0.000000,2.311617,2.150191,2.311617,0.031676,1188400
1982-08-18,0.000000,2.376188,2.247047,2.247047,0.030791,4042000
1982-08-19,0.000000,2.279332,2.227676,2.253504,0.030879,1575600
1982-08-20,0.000000,2.330988,2.259961,2.324531,0.031853,3892800
1982-08-23,0.000000,2.324531,2.285789,2.311617,0.031676,2559200
1982-08-24,0.000000,2.324531,2.285789,2.292246,0.031410,3635200
1982-08-25,0.000000,2.318074,2.285789,2.305160,0.031587,1287200
1982-08-26,0.000000,2.376188,2.298703,2.330988,0.031941,2657600
1982-08-27,0.000000,2.330988,2.292246,2.305160,0.031587,727600
1982-08-30,0.000000,2.292246,2.266418,2.292246,0.031410,1116800
1982-08-31,0.000000,2.298703,2.272875,2.292246,0.031410,1776800
1982-09-01,0.000000,2.305160,2.253504,2.259961,0.030968,4076800
1982-09-02,0.000000,2.247047,2.143734,2.214762,0.030349,4762000
1982-09-03,0.000000,2.376188,2.305160,2.363273,0.032384,6165600
1982-09-07,0.000000,2.337445,2.279332,2.279332,0.031233,2592000
1982-09-08,0.000000,2.285789,2.247047,2.259961,0.030968,2894000
1982-09-09,0.000000,2.292246,2.259961,2.285789,0.031322,1078000
1982-09-10,0.000000,2.298703,2.279332,2.298703,0.031499,524400
1982-09-13,0.000000,2.298703,2.279332,2.298703,0.031499,987200
1982-09-14,0.000000,2.402016,2.285789,2.402016,0.032914,2516400
1982-09-15,0.000000,2.434301,2.369730,2.408473,0.033003,1871600
1982-09-16,0.000000,2.427844,2.389102,2.389102,0.032738,1016000
1982-09-17,0.000000,2.369730,2.343902,2.363273,0.032384,1932000
1982-09-20,0.000000,2.363273,2.298703,2.305160,0.031587,2946400
1982-09-21,0.000000,2.324531,2.292246,2.324531,0.031853,1951200
1982-09-22,0.000000,2.369730,2.324531,2.337445,0.032030,3738000
1982-09-23,0.000000,2.343902,2.311617,2.343902,0.032118,1579600
1982-09-24,0.000000,2.363273,2.324531,2.330988,0.031941,1970400
1982-09-27,0.000000,2.337445,2.311617,2.318074,0.031764,2164000
1982-09-28,0.000000,2.343902,2.311617,2.343902,0.032118,2292000
1982-09-29,0.000000,2.343902,2.298703,2.305160,0.031587,3596800
1982-09-30,0.000000,2.305160,2.272875,2.292246,0.031410,1604800
1982-10-01,0.000000,2.318074,2.285789,2.305160,0.031587,2172000
1982-10-04,0.000000,2.285789,2.259961,2.266418,0.031056,1084000
1982-10-05,0.000000,2.279332,2.247047,2.247047,0.030791,1302800
1982-10-06,0.000000,2.272875,2.227676,2.272875,0.031145,3517200
1982-10-07,0.000000,2.421387,2.356816,2.395559,0.032826,4905200
1982-10-08,0.000000,2.473043,2.414930,2.466586,0.033799,2896000
1982-10-11,0.000000,2.537613,2.453672,2.518242,0.034507,2762400
1982-10-12,0.000000,2.544070,2.498871,2.505328,0.034330,1875600
1982-10-13,0.000000,2.524699,2.453672,2.473043,0.033888,2115600
1982-10-14,0.000000,2.485957,2.466586,2.479500,0.033976,1136000
1982-10-15,0.000000,2.466586,2.440758,2.453672,0.033622,1047200
1982-10-18,0.000000,2.544070,2.453672,2.544070,0.034861,814800
1982-10-19,0.000000,2.550527,2.518242,2.518242,0.034507,1049200
1982-10-20,0.000000,2.718410,2.531156,2.718410,0.037250,4944000
1982-10-21,0.000000,2.802351,2.692582,2.699039,0.036985,2127200
1982-10-22,0.000000,2.718410,2.634469,2.647383,0.036277,1356800
1982-10-25,0.000000,2.647383,2.595726,2.608641,0.035746,3130000
1982-10-26,0.000000,2.653840,2.563442,2.653840,0.036365,2247200
1982-10-27,0.000000,2.653840,2.615098,2.621555,0.035923,1474800
1982-10-28,0.000000,2.653840,2.595726,2.595726,0.035569,1130400
1982-10-29,0.000000,2.647383,2.589270,2.634469,0.036100,998800
1982-11-01,0.000000,2.686125,2.653840,2.666754,0.036542,1124400
1982-11-02,0.000000,2.686125,2.653840,2.673211,0.036631,1500000
1982-11-03,0.000000,2.750695,2.660297,2.750695,0.037692,4491200
1982-11-04,0.000000,2.776523,2.731324,2.731324,0.037427,1734400
1982-11-05,0.000000,2.770066,2.724867,2.737781,0.037515,1310400
1982-11-08,0.000000,2.744238,2.705496,2.705496,0.037073,446800
1982-11-09,0.000000,2.737781,2.699039,2.711953,0.037162,1289200
1982-11-10,0.000000,2.776523,2.724867,2.737781,0.037515,1633600
1982-11-11,0.000000,2.789438,2.737781,2.776523,0.038046,1029600
1982-11-12,0.000000,2.828180,2.795895,2.815266,0.038577,1544800
1982-11-15,0.000000,2.821723,2.757152,2.757152,0.037781,1455600
1982-11-16,0.000000,2.737781,2.686125,2.686125,0.036808,1366400
1982-11-17,0.000000,2.718410,2.679668,2.686125,0.036808,1209600
1982-11-18,0.000000,2.692582,2.608641,2.608641,0.035746,3141600
1982-11-19,0.000000,2.608641,2.511785,2.518242,0.034507,1732400
1982-11-22,0.000000,2.544070,2.505328,2.505328,0.034330,4901600
1982-11-23,0.000000,2.511785,2.479500,2.479500,0.033976,1086000
1982-11-24,0.000000,2.524699,2.473043,2.518242,0.034507,3722400
1982-11-26,0.000000,2.537613,2.511785,2.524699,0.034596,3099200
1982-11-29,0.000000,2.524699,2.485957,2.492414,0.034153,1229200
1982-11-30,0.000000,2.569898,2.492414,2.569898,0.035215,2239600
1982-12-01,0.000000,2.608641,2.576355,2.582813,0.035392,3705200
1982-12-02,0.000000,2.582813,2.544070,2.563442,0.035126,3406800
1982-12-03,0.000000,2.602184,2.569898,2.576355,0.035303,2282000
1982-12-06,0.000000,2.595726,2.563442,2.595726,0.035569,1827200
1982-12-07,0.000000,2.634469,2.602184,2.621555,0.035923,5106800
1982-12-08,0.000000,2.628012,2.576355,2.576355,0.035303,2812800
1982-12-09,0.000000,2.576355,2.524699,2.524699,0.034596,886400
1982-12-10,0.000000,2.563442,2.498871,2.498871,0.034242,1802000
1982-12-13,0.000000,2.511785,2.466586,2.485957,0.034065,992800
1982-12-14,0.000000,2.511785,2.440758,2.453672,0.033622,4173600
1982-12-15,0.000000,2.440758,2.408473,2.421387,0.033180,1688000
1982-12-16,0.000000,2.460129,2.414930,2.460129,0.033711,1848400
1982-12-17,0.000000,2.556984,2.505328,2.556984,0.035038,1753600
1982-12-20,0.000000,2.550527,2.453672,2.479500,0.033976,2210400
1982-12-21,0.000000,2.544070,2.460129,2.524699,0.034596,1786800
1982-12-22,0.000000,2.537613,2.511785,2.531156,0.034684,1474800
1982-12-23,0.000000,2.518242,2.447215,2.492414,0.034153,2214400
1982-12-27,0.000000,2.485957,2.466586,2.479500,0.033976,2018800
1982-12-28,0.000000,2.498871,2.473043,2.473043,0.033888,3604400
1982-12-29,0.000000,2.498871,2.466586,2.498871,0.034242,185600
1982-12-30,0.000000,2.498871,2.460129,2.460129,0.033711,609600
1982-12-31,0.000000,2.518242,2.460129,2.518242,0.034507,1035600
1983-01-03,0.000000,2.518242,2.473043,2.473043,0.033888,1488400
1983-01-04,0.000000,2.466586,2.440758,2.466586,0.033799,3691600
1983-01-05,0.000000,2.473043,2.453672,2.453672,0.033622,2721600
1983-01-06,0.000000,2.498871,2.453672,2.479500,0.033976,4909200
1983-01-07,0.000000,2.544070,2.492414,2.511785,0.034419,3832800
1983-01-10,0.000000,2.550527,2.473043,2.531156,0.034684,4984800
1983-01-11,0.000000,2.524699,2.505328,2.511785,0.034419,1155600
1983-01-12,0.000000,2.544070,2.505328,2.524699,0.034596,2020800
1983-01-13,0.000000,2.531156,2.492414,2.498871,0.034242,964000
1983-01-14,0.000000,2.518242,2.492414,2.505328,0.034330,1751600
1983-01-17,0.000000,2.511785,2.473043,2.479500,0.033976,1206000
1983-01-18,0.000000,2.460129,2.414930,2.427844,0.033268,2816400
1983-01-19,0.000000,2.427844,2.350359,2.363273,0.032384,4181200
1983-01-20,0.000000,2.369730,2.330988,2.350359,0.032207,3498000
1983-01-21,0.000000,2.343902,2.292246,2.311617,0.031676,3724400
1983-01-24,0.000000,2.421387,2.285789,2.376188,0.032561,5724000
1983-01-25,0.000000,2.402016,2.376188,2.389102,0.032738,2433200
1983-01-26,0.000000,2.395559,2.363273,2.369730,0.032472,1823200
1983-01-27,0.000000,2.389102,2.343902,2.382644,0.032649,5184000
1983-01-28,0.000000,2.395559,2.356816,2.369730,0.032472,1546400
1983-01-31,0.000000,2.395559,2.376188,2.395559,0.032826,1097600
1983-02-01,0.000000,2.427844,2.402016,2.402016,0.032914,1811600
1983-02-02,0.000000,2.389102,2.376188,2.389102,0.032738,1538800
1983-02-03,0.000000,2.389102,2.356816,2.369730,0.032472,4851200
1983-02-04,0.000000,2.376188,2.356816,2.369730,0.032472,2636400
1983-02-07,0.000000,2.421387,2.376188,2.395559,0.032826,3472800
1983-02-08,0.000000,2.395559,2.363273,2.369730,0.032472,3892800
1983-02-09,0.000000,2.389102,2.343902,2.363273,0.032384,2138800
1983-02-10,0.000000,2.402016,2.363273,2.389102,0.032738,1204000
1983-02-11,0.000000,2.427844,2.382644,2.408473,0.033003,2363600
1983-02-14,0.000000,2.434301,2.408473,2.427844,0.033268,971600
1983-02-15,0.000000,2.492414,2.427844,2.466586,0.033799,2189200
1983-02-16,0.000000,2.485957,2.453672,2.485957,0.034065,2855200
1983-02-17,0.000000,2.524699,2.473043,2.518242,0.034507,1167200
1983-02-18,0.000000,2.544070,2.511785,2.544070,0.034861,1976400
1983-02-22,0.000000,2.550527,2.479500,2.479500,0.033976,2801200
1983-02-23,0.000000,2.531156,2.479500,2.511785,0.034419,1234800
1983-02-24,0.000000,2.531156,2.498871,2.518242,0.034507,2795200
1983-02-25,0.000000,2.531156,2.511785,2.524699,0.034596,1345200
1983-02-28,0.000000,2.576355,2.524699,2.556984,0.035038,3562000
1983-03-01,0.000000,2.608641,2.556984,2.576355,0.035303,2954000
1983-03-02,0.000000,2.582813,2.563442,2.576355,0.035303,1269600
1983-03-03,0.000000,2.582813,2.563442,2.563442,0.035126,2260800
1983-03-04,0.000000,2.582813,2.550527,2.563442,0.035126,2396400
1983-03-07,0.000000,2.576355,2.556984,2.563442,0.035126,785600
1983-03-08,0.000000,2.563442,2.505328,2.505328,0.034330,1548400
1983-03-09,0.000000,2.511785,2.485957,2.511785,0.034419,1765200
1983-03-10,0.000000,2.556984,2.505328,2.505328,0.034330,799200
1983-03-11,0.000000,2.524699,2.479500,2.485957,0.034065,766400
1983-03-14,0.000000,2.492414,2.466586,2.479500,0.033976,1178800
1983-03-15,0.000000,2.505328,2.473043,2.505328,0.034330,557200
1983-03-16,0.000000,2.518242,2.485957,2.498871,0.034242,524400
1983-03-17,0.000000,2.498871,2.479500,2.479500,0.033976,3139600
1983-03-18,0.000000,2.563442,2.492414,2.556984,0.035038,888400
1983-03-21,0.000000,2.660297,2.576355,2.647383,0.036277,2305600
1983-03-22,0.000000,2.711953,2.634469,2.686125,0.036808,1999600
1983-03-23,0.000000,2.802351,2.699039,2.776523,0.038046,2233600
1983-03-24,0.000000,2.866922,2.808809,2.847551,0.039020,2022800
1983-03-25,0.000000,2.860465,2.802351,2.815266,0.038577,2332400
1983-03-28,0.000000,2.789438,2.763609,2.770066,0.037958,2050000
1983-03-29,0.000000,2.757152,2.699039,2.724867,0.037338,1674400
1983-03-30,0.000000,2.724867,2.692582,2.711953,0.037162,1086000
1983-03-31,0.000000,2.737781,2.711953,2.711953,0.037162,888400
1983-04-04,0.000000,2.711953,2.660297,2.679668,0.036719,1107200
1983-04-05,0.000000,2.705496,2.679668,2.679668,0.036719,1250400
1983-04-06,0.000000,2.679668,2.595726,2.602184,0.035657,700400
1983-04-07,0.000000,2.628012,2.595726,2.615098,0.035834,1920000
1983-04-08,0.000000,2.673211,2.634469,2.660297,0.036454,15057200
1983-04-11,0.000000,2.737781,2.673211,2.737781,0.037515,3143600
1983-04-12,0.000000,2.808809,2.763609,2.808809,0.038489,994800
1983-04-13,0.000000,2.808809,2.750695,2.750695,0.037692,1548400
1983-04-14,0.000000,2.770066,2.731324,2.770066,0.037958,1521200
1983-04-15,0.000000,2.750695,2.705496,2.705496,0.037073,2402400
1983-04-18,0.000000,2.737781,2.692582,2.705496,0.037073,1868000
1983-04-19,0.000000,2.705496,2.679668,2.686125,0.036808,1887200
1983-04-20,0.000000,2.724867,2.686125,2.718410,0.037250,4160000
1983-04-21,0.000000,2.724867,2.699039,2.724867,0.037338,1552400
1983-04-22,0.000000,2.770066,2.699039,2.750695,0.037692,1436400
1983-04-25,0.000000,2.808809,2.757152,2.763609,0.037869,708400
1983-04-26,0.000000,2.782980,2.731324,2.782980,0.038135,2276400
1983-04-27,0.000000,2.815266,2.782980,2.789438,0.038223,545600
1983-04-28,0.000000,2.815266,2.750695,2.815266,0.038577,1465200
1983-04-29,0.000000,2.905664,2.841094,2.866922,0.039285,2903600
1983-05-02,0.000000,2.899207,2.854008,2.886293,0.039550,1740000
1983-05-03,0.000000,2.873379,2.815266,2.841094,0.038931,1376400
1983-05-04,0.000000,2.834637,2.802351,2.808809,0.038489,5972000
1983-05-05,0.000000,2.834637,2.782980,2.834637,0.038843,3958800
1983-05-06,0.000000,2.879836,2.834637,2.879836,0.039462,1172800
1983-05-09,0.000000,2.879836,2.834637,2.841094,0.038931,1831200
1983-05-10,0.000000,2.866922,2.834637,2.854008,0.039108,468400
1983-05-11,0.000000,2.860465,2.821723,2.821723,0.038666,1260000
1983-05-12,0.000000,2.828180,2.815266,2.828180,0.038754,1163200
1983-05-13,0.000000,2.834637,2.821723,2.828180,0.038754,266800
1983-05-16,0.000000,2.821723,2.789438,2.802351,0.038400,627200
1983-05-17,0.000000,2.892750,2.795895,2.892750,0.039639,915600
1983-05-18,0.000000,2.918578,2.879836,2.892750,0.039639,2836000
1983-05-19,0.000000,2.899207,2.873379,2.879836,0.039462,16313600
1983-05-20,0.000000,2.886293,2.860465,2.886293,0.039550,1209600
1983-05-23,0.000000,2.886293,2.866922,2.879836,0.039462,793600
1983-05-24,0.000000,2.892750,2.866922,2.886293,0.039550,878800
1983-05-25,0.000000,2.970234,2.892750,2.970234,0.040701,1531200
1983-05-26,0.000000,2.983148,2.905664,2.912121,0.039904,4768000
1983-05-27,0.000000,2.925035,2.886293,2.912121,0.039904,6638000
1983-05-31,0.000000,2.937949,2.879836,2.931492,0.040170,1050800
1983-06-01,0.000000,2.944406,2.925035,2.937949,0.040258,2048000
1983-06-02,0.000000,2.937949,2.918578,2.931492,0.040170,791600
1983-06-03,0.000000,2.950863,2.925035,2.925035,0.040081,1078000
1983-06-06,0.000000,2.944406,2.918578,2.925035,0.040081,1215600
1983-06-07,0.000000,2.912121,2.854008,2.854008,0.039108,1196000
1983-06-08,0.000000,2.860465,2.834637,2.834637,0.038843,4793200
1983-06-09,0.000000,2.821723,2.789438,2.808809,0.038489,6498400
1983-06-10,2.815266,2.834637,2.815266,2.821723,0.038666,917600
1983-06-13,2.828180,2.866922,2.821723,2.854008,0.039108,1322000
1983-06-14,2.841094,2.841094,2.802351,2.808809,0.038489,247600
1983-06-15,2.776523,2.782980,2.763609,2.763609,0.037869,4107600
1983-06-16,2.776523,2.821723,2.763609,2.815266,0.038577,4274400
1983-06-17,2.815266,2.866922,2.808809,2.866922,0.039285,1734400
1983-06-20,2.866922,2.912121,2.866922,2.905664,0.039816,1196000
1983-06-21,2.905664,2.912121,2.866922,2.866922,0.039285,4254800
1983-06-22,2.879836,2.892750,2.866922,2.886293,0.039550,2630800
1983-06-23,2.892750,2.892750,2.841094,2.854008,0.039108,1585200
1983-06-24,2.828180,2.847551,2.808809,2.841094,0.038931,725600
1983-06-27,2.841094,2.841094,2.802351,2.815266,0.038577,685200
1983-06-28,2.802351,2.802351,2.692582,2.724867,0.037338,1825200
1983-06-29,2.724867,2.834637,2.724867,2.834637,0.038843,927200
1983-06-30,2.815266,2.854008,2.802351,2.854008,0.039108,4820000
1983-07-01,2.834637,2.854008,2.834637,2.841094,0.039294,1180800
1983-07-05,2.854008,2.854008,2.834637,2.847551,0.039383,1751600
1983-07-06,2.860465,2.873379,2.815266,2.815266,0.038937,1633600
1983-07-07,2.828180,2.847551,2.815266,2.834637,0.039204,588400
1983-07-08,2.847551,2.860465,2.821723,2.854008,0.039472,1275600
1983-07-11,2.841094,2.905664,2.841094,2.854008,0.039472,785600
1983-07-12,2.828180,2.860465,2.815266,2.815266,0.038937,1744000
1983-07-13,2.802351,2.808809,2.776523,2.782980,0.038490,588400
1983-07-14,2.782980,2.782980,2.744238,2.750695,0.038043,1078000
1983-07-15,2.750695,2.750695,2.711953,2.737781,0.037865,1633600
1983-07-18,2.724867,2.724867,2.705496,2.711953,0.037508,3066400
1983-07-19,2.724867,2.731324,2.692582,2.692582,0.037240,1662800
1983-07-20,2.699039,2.737781,2.699039,2.737781,0.037865,1298800
1983-07-21,2.737781,2.737781,2.699039,2.711953,0.037508,2218400
1983-07-22,2.692582,2.699039,2.686125,2.699039,0.037329,2388800
1983-07-25,2.699039,2.699039,2.653840,2.653840,0.036704,1130400
1983-07-26,2.653840,2.686125,2.647383,2.673211,0.036972,2642400
1983-07-27,2.673211,2.679668,2.647383,2.679668,0.037061,1676400
1983-07-28,2.679668,2.686125,2.673211,2.679668,0.037061,1163200
1983-07-29,2.653840,2.660297,2.582813,2.621555,0.036257,3103200
1983-08-01,2.608641,2.647383,2.589270,2.615098,0.036168,3242400
1983-08-02,2.615098,2.660297,2.608641,2.647383,0.036615,1594800
1983-08-03,2.653840,2.653840,2.634469,2.640926,0.036525,326800
1983-08-04,2.640926,2.640926,2.595726,2.602184,0.035989,2990800
1983-08-05,2.589270,2.653840,2.589270,2.621555,0.036257,870800
1983-08-08,2.621555,2.634469,2.582813,2.589270,0.035811,1198000
1983-08-09,2.595726,2.595726,2.556984,2.569898,0.035543,2053600
1983-08-10,2.556984,2.582813,2.556984,2.576355,0.035632,2659600
1983-08-11,2.563442,2.608641,2.556984,2.602184,0.035989,1184400
1983-08-12,2.628012,2.647383,2.621555,2.628012,0.036347,1608400
1983-08-15,2.640926,2.647383,2.602184,2.602184,0.035989,2748800
1983-08-16,2.602184,2.608641,2.544070,2.544070,0.035186,1250400
1983-08-17,2.518242,2.556984,2.518242,2.544070,0.035186,3608400
1983-08-18,2.531156,2.531156,2.479500,2.505328,0.034650,3974000
1983-08-19,2.485957,2.505328,2.479500,2.492414,0.034471,1360800
1983-08-22,2.492414,2.498871,2.460129,2.492414,0.034471,1978400
1983-08-23,2.492414,2.498871,2.460129,2.498871,0.034561,3211600
1983-08-24,2.492414,2.492414,2.473043,2.479500,0.034293,1831200
1983-08-25,2.485957,2.505328,2.473043,2.505328,0.034650,538000
1983-08-26,2.505328,2.511785,2.460129,2.473043,0.034203,1176800
1983-08-29,2.473043,2.479500,2.460129,2.479500,0.034293,1050800
1983-08-30,2.505328,2.589270,2.498871,2.582813,0.035722,1414800
1983-08-31,2.569898,2.595726,2.569898,2.595726,0.035900,667600
1983-09-01,2.595726,2.647383,2.576355,2.647383,0.036615,3196000
1983-09-02,2.647383,2.666754,2.634469,2.666754,0.036883,547600
1983-09-06,2.679668,2.692582,2.673211,2.679668,0.037061,1014000
1983-09-07,2.673211,2.673211,2.640926,2.640926,0.036525,826400
1983-09-08,2.647383,2.686125,2.634469,2.666754,0.036883,1649200
1983-09-09,2.666754,2.673211,2.653840,2.666754,0.036883,385200
1983-09-12,2.679668,2.692582,2.647383,2.647383,0.036615,1132400
1983-09-13,2.634469,2.686125,2.634469,2.686125,0.037150,634800
1983-09-14,2.686125,2.692582,2.679668,2.692582,0.037240,206800
1983-09-15,2.686125,2.731324,2.686125,2.724867,0.037686,1070400
1983-09-16,2.711953,2.841094,2.711953,2.841094,0.039294,1877600
1983-09-19,2.828180,2.847551,2.815266,2.841094,0.039294,3153200
1983-09-20,2.841094,2.841094,2.802351,2.808809,0.038847,3542400
1983-09-21,2.795895,2.795895,2.705496,2.705496,0.037418,1881600
1983-09-22,2.718410,2.763609,2.718410,2.737781,0.037865,6169600
1983-09-23,2.737781,2.737781,2.673211,2.673211,0.036972,2892000
1983-09-26,2.686125,2.705496,2.673211,2.705496,0.037418,2297600
1983-09-27,2.699039,2.705496,2.660297,2.666754,0.036883,1736400
1983-09-28,2.634469,2.634469,2.544070,2.550527,0.035275,6684400
1983-09-29,2.537613,2.537613,2.453672,2.505328,0.034650,5033200
1983-09-30,2.511785,2.511785,2.466586,2.498871,0.034561,3579200
1983-10-03,2.414930,2.485957,2.414930,2.485957,0.034748,4382800
1983-10-04,2.498871,2.550527,2.492414,2.537613,0.035470,3813600
1983-10-05,2.582813,2.653840,2.569898,2.647383,0.037005,10145600
1983-10-06,2.647383,2.699039,2.647383,2.686125,0.037546,3608400
1983-10-07,2.686125,2.737781,2.660297,2.737781,0.038268,5064000
1983-10-10,2.711953,2.737781,2.692582,2.737781,0.038268,1674400
1983-10-11,2.750695,2.750695,2.699039,2.705496,0.037817,1798400
1983-10-12,2.673211,2.673211,2.628012,2.634469,0.036824,1459600
1983-10-13,2.634469,2.640926,2.621555,2.634469,0.036824,1552400
1983-10-14,2.628012,2.640926,2.595726,2.628012,0.036734,4252800
1983-10-17,2.628012,2.660297,2.595726,2.660297,0.037185,667600
1983-10-18,2.647383,2.647383,2.621555,2.621555,0.036644,718000
1983-10-19,2.595726,2.628012,2.595726,2.621555,0.036644,4746400
1983-10-20,2.647383,2.653840,2.628012,2.640926,0.036914,2669200
1983-10-21,2.647383,2.653840,2.602184,2.615098,0.036553,8711200
1983-10-24,2.595726,2.615098,2.595726,2.608641,0.036463,4794800
1983-10-25,2.608641,2.647383,2.595726,2.634469,0.036824,1825200
1983-10-26,2.628012,2.666754,2.628012,2.660297,0.037185,4500800
1983-10-27,2.647383,2.757152,2.647383,2.744238,0.038359,2644400
1983-10-28,2.744238,2.776523,2.737781,2.737781,0.038268,981200
1983-10-31,2.750695,2.802351,2.744238,2.763609,0.038629,2617200
1983-11-01,2.789438,2.789438,2.711953,2.724867,0.038088,9299600
1983-11-02,2.731324,2.737781,2.711953,2.737781,0.038268,3056400
1983-11-03,2.737781,2.744238,2.711953,2.724867,0.038088,1951200
1983-11-04,2.724867,2.750695,2.705496,2.731324,0.038178,780000
1983-11-07,2.718410,2.750695,2.699039,2.724867,0.038088,1513600
1983-11-08,2.724867,2.724867,2.673211,2.673211,0.037366,2779600
1983-11-09,2.699039,2.763609,2.699039,2.763609,0.038629,1624000
1983-11-10,2.757152,2.776523,2.757152,2.770066,0.038720,1331600
1983-11-11,2.782980,2.841094,2.776523,2.841094,0.039712,4293600
1983-11-14,2.841094,2.944406,2.841094,2.918578,0.040795,2493200
1983-11-15,2.905664,2.905664,2.841094,2.866922,0.040073,2266800
1983-11-16,2.879836,2.892750,2.854008,2.892750,0.040434,847600
1983-11-17,2.834637,2.892750,2.808809,2.834637,0.039622,4955600
1983-11-18,2.841094,2.841094,2.744238,2.789438,0.038990,3337200
1983-11-21,2.757152,2.776523,2.750695,2.757152,0.038539,2117600
1983-11-22,2.757152,2.757152,2.724867,2.731324,0.038178,4905200
1983-11-23,2.724867,2.731324,2.705496,2.731324,0.038178,1271600
1983-11-25,2.705496,2.731324,2.699039,2.731324,0.038178,700400
1983-11-28,2.724867,2.731324,2.711953,2.724867,0.038088,414000
1983-11-29,2.724867,2.731324,2.699039,2.724867,0.038088,830400
1983-11-30,2.718410,2.757152,2.718410,2.724867,0.038088,1898800
1983-12-01,2.731324,2.757152,2.724867,2.744238,0.038359,1076000
1983-12-02,2.724867,2.757152,2.724867,2.737781,0.038268,2117600
1983-12-05,2.750695,2.782980,2.731324,2.782980,0.038900,632800
1983-12-06,2.789438,2.821723,2.782980,2.789438,0.038990,1575600
1983-12-07,2.782980,2.782980,2.750695,2.757152,0.038539,528400
1983-12-08,2.750695,2.757152,2.731324,2.750695,0.038449,1498000
1983-12-09,2.750695,2.757152,2.718410,2.724867,0.038088,851600
1983-12-12,2.724867,2.744238,2.724867,2.737781,0.038268,429600
1983-12-13,2.737781,2.750695,2.731324,2.731324,0.038178,1506000
1983-12-14,2.731324,2.750695,2.731324,2.731324,0.038178,3147600
1983-12-15,2.731324,2.763609,2.731324,2.737781,0.038268,1964800
1983-12-16,2.763609,2.802351,2.763609,2.789438,0.038990,3149600
1983-12-19,2.802351,2.821723,2.789438,2.789438,0.038990,1300800
1983-12-20,2.795895,2.795895,2.737781,2.744238,0.038359,2452400
1983-12-21,2.744238,2.744238,2.718410,2.724867,0.038088,6792800
1983-12-22,2.724867,2.724867,2.705496,2.705496,0.037817,4113600
1983-12-23,2.692582,2.699039,2.653840,2.660297,0.037185,1103200
1983-12-27,2.647383,2.673211,2.640926,2.673211,0.037366,2692800
1983-12-28,2.673211,2.679668,2.660297,2.679668,0.037456,638800
1983-12-29,2.686125,2.705496,2.679668,2.686125,0.037546,1279600
1983-12-30,2.686125,2.718410,2.686125,2.699039,0.037727,526400
1984-01-03,2.666754,2.699039,2.666754,2.692582,0.037636,1062400
1984-01-04,2.679668,2.699039,2.673211,2.692582,0.038008,706400
1984-01-05,2.705496,2.763609,2.705496,2.750695,0.038829,2131200
1984-01-06,2.757152,2.776523,2.737781,2.776523,0.039193,346400
1984-01-09,2.763609,2.776523,2.750695,2.763609,0.039011,334800
1984-01-10,2.757152,2.770066,2.711953,2.711953,0.038282,662000
1984-01-11,2.731324,2.750695,2.718410,2.724867,0.038464,3224800
1984-01-12,2.711953,2.744238,2.711953,2.731324,0.038555,2680800
1984-01-13,2.724867,2.731324,2.718410,2.724867,0.038464,3952800
1984-01-16,2.731324,2.731324,2.699039,2.718410,0.038373,542000
1984-01-17,2.718410,2.744238,2.718410,2.737781,0.038646,1206000
1984-01-18,2.737781,2.737781,2.718410,2.731324,0.038555,3078000
1984-01-19,2.737781,2.737781,2.718410,2.731324,0.038555,3455200
1984-01-20,2.731324,2.737781,2.711953,2.711953,0.038282,358000
1984-01-23,2.724867,2.724867,2.699039,2.705496,0.038191,1147600
1984-01-24,2.679668,2.711953,2.679668,2.699039,0.038099,904000
1984-01-25,2.699039,2.724867,2.692582,2.692582,0.038008,1732400
1984-01-26,2.692582,2.705496,2.666754,2.666754,0.037644,3770800
1984-01-27,2.666754,2.673211,2.660297,2.673211,0.037735,1428400
1984-01-30,2.686125,2.692582,2.640926,2.640926,0.037279,2069200
1984-01-31,2.647383,2.647383,2.615098,2.647383,0.037370,1296800
1984-02-01,2.647383,2.647383,2.595726,2.615098,0.036915,4312800
1984-02-02,2.582813,2.582813,2.479500,2.479500,0.035000,7038800
1984-02-03,2.479500,2.492414,2.447215,2.447215,0.034545,7352400
1984-02-06,2.447215,2.466586,2.434301,2.466586,0.034818,1656800
1984-02-07,2.466586,2.479500,2.427844,2.447215,0.034545,1026000
1984-02-08,2.447215,2.447215,2.408473,2.414930,0.034089,766400
1984-02-09,2.408473,2.440758,2.408473,2.408473,0.033998,2832000
1984-02-10,2.408473,2.414930,2.389102,2.408473,0.033998,3097200
1984-02-13,2.414930,2.414930,2.369730,2.382644,0.033633,1078000
1984-02-14,2.382644,2.382644,2.350359,2.356816,0.033269,422000
1984-02-15,2.363273,2.369730,2.324531,2.330988,0.032904,1748000
1984-02-16,2.337445,2.337445,2.292246,2.298703,0.032448,1244400
1984-02-17,2.311617,2.337445,2.305160,2.318074,0.032722,1486400
1984-02-21,2.311617,2.330988,2.311617,2.330988,0.032904,1035600
1984-02-22,2.330988,2.337445,2.311617,2.311617,0.032631,1999600
1984-02-23,2.311617,2.356816,2.311617,2.350359,0.033178,774000
1984-02-24,2.356816,2.473043,2.356816,2.466586,0.034818,2861200
1984-02-27,2.473043,2.473043,2.421387,2.440758,0.034454,814800
1984-02-28,2.440758,2.447215,2.421387,2.440758,0.034454,628800
1984-02-29,2.434301,2.473043,2.434301,2.453672,0.034636,758800
1984-03-01,2.453672,2.479500,2.447215,2.460129,0.034727,2135200
1984-03-02,2.460129,2.479500,2.453672,2.460129,0.034727,2439200
1984-03-05,2.453672,2.453672,2.440758,2.453672,0.034636,362000
1984-03-06,2.453672,2.453672,2.427844,2.440758,0.034454,706400
1984-03-07,2.427844,2.453672,2.408473,2.453672,0.034636,1386000
1984-03-08,2.440758,2.460129,2.427844,2.434301,0.034362,1078000
1984-03-09,2.440758,2.440758,2.408473,2.414930,0.034089,1174800
1984-03-12,2.408473,2.453672,2.395559,2.453672,0.034636,559200
1984-03-13,2.453672,2.466586,2.447215,2.460129,0.034727,2355600
1984-03-14,2.447215,2.466586,2.447215,2.453672,0.034636,913600
1984-03-15,2.453672,2.466586,2.440758,2.460129,0.034727,439200
1984-03-16,2.466586,2.473043,2.440758,2.453672,0.034636,611600
1984-03-19,2.440758,2.453672,2.427844,2.434301,0.034362,1279600
1984-03-20,2.440758,2.440758,2.427844,2.427844,0.034271,724000
1984-03-21,2.434301,2.434301,2.389102,2.395559,0.033816,824400
1984-03-22,2.382644,2.395559,2.376188,2.382644,0.033633,799200
1984-03-23,2.376188,2.389102,2.376188,2.389102,0.033724,2166000
1984-03-26,2.395559,2.408473,2.389102,2.389102,0.033724,1248400
1984-03-27,2.395559,2.395559,2.382644,2.389102,0.033724,1296800
1984-03-28,2.382644,2.414930,2.382644,2.402016,0.033907,847600
1984-03-29,2.395559,2.414930,2.389102,2.414930,0.034089,1089600
1984-03-30,2.402016,2.466586,2.389102,2.408473,0.033998,1022000
1984-04-02,2.408473,2.414930,2.382644,2.395559,0.033816,1941600
1984-04-03,2.389102,2.402016,2.376188,2.382644,0.033633,1411200
1984-04-04,2.369730,2.382644,2.363273,2.376188,0.033917,1424800
1984-04-05,2.369730,2.389102,2.350359,2.356816,0.033641,2330400
1984-04-06,2.356816,2.369730,2.356816,2.363273,0.033733,538000
1984-04-09,2.363273,2.389102,2.363273,2.389102,0.034101,414000
1984-04-10,2.382644,2.395559,2.376188,2.389102,0.034101,1016000
1984-04-11,2.389102,2.408473,2.389102,2.408473,0.034378,534000
1984-04-12,2.408473,2.440758,2.402016,2.440758,0.034839,555200
1984-04-13,2.427844,2.440758,2.414930,2.440758,0.034839,1142000
1984-04-16,2.427844,2.473043,2.427844,2.473043,0.035300,801200
1984-04-17,2.479500,2.479500,2.466586,2.473043,0.035300,1401200
1984-04-18,2.460129,2.479500,2.460129,2.479500,0.035392,2282000
1984-04-19,2.479500,2.505328,2.479500,2.505328,0.035760,741200
1984-04-23,2.492414,2.505328,2.479500,2.485957,0.035484,940800
1984-04-24,2.479500,2.518242,2.473043,2.511785,0.035853,1322000
1984-04-25,2.505328,2.556984,2.505328,2.556984,0.036498,1192400
1984-04-26,2.576355,2.595726,2.556984,2.556984,0.036498,748800
1984-04-27,2.544070,2.544070,2.518242,2.537613,0.036221,898000
1984-04-30,2.544070,2.556984,2.537613,2.537613,0.036221,510800
1984-05-01,2.537613,2.602184,2.537613,2.595726,0.037051,2322800
1984-05-02,2.608641,2.608641,2.582813,2.582813,0.036866,735600
1984-05-03,2.582813,2.582813,2.556984,2.569898,0.036682,423600
1984-05-04,2.556984,2.563442,2.518242,2.524699,0.036037,1575600
1984-05-07,2.518242,2.531156,2.518242,2.531156,0.036129,1434400
1984-05-08,2.544070,2.595726,2.537613,2.589270,0.036959,2028400
1984-05-09,2.589270,2.608641,2.582813,2.589270,0.036959,1043200
1984-05-10,2.589270,2.595726,2.589270,2.589270,0.036959,838000
1984-05-11,2.589270,2.602184,2.589270,2.589270,0.036959,594000
1984-05-14,2.589270,2.595726,2.569898,2.595726,0.037051,1906800
1984-05-15,2.595726,2.608641,2.582813,2.595726,0.037051,5770800
1984-05-16,2.595726,2.608641,2.595726,2.602184,0.037143,1558000
1984-05-17,2.608641,2.608641,2.595726,2.595726,0.037051,1550400
1984-05-18,2.608641,2.608641,2.582813,2.589270,0.036959,646400
1984-05-21,2.582813,2.602184,2.582813,2.582813,0.036866,739200
1984-05-22,2.582813,2.608641,2.569898,2.608641,0.037235,1331600
1984-05-23,2.621555,2.634469,2.602184,2.602184,0.037143,1018000
1984-05-24,2.602184,2.608641,2.595726,2.602184,0.037143,2735200
1984-05-25,2.602184,2.660297,2.589270,2.589270,0.036959,4202400
1984-05-29,2.595726,2.608641,2.576355,2.576355,0.036774,3618000
1984-05-30,2.576355,2.589270,2.563442,2.569898,0.036682,1310400
1984-05-31,2.563442,2.595726,2.550527,2.582813,0.036866,1116800
1984-06-01,2.608641,2.608641,2.589270,2.595726,0.037051,849600
1984-06-04,2.595726,2.608641,2.582813,2.602184,0.037143,876800
1984-06-05,2.628012,2.628012,2.608641,2.628012,0.037512,688800
1984-06-06,2.628012,2.628012,2.582813,2.628012,0.037512,996800
1984-06-07,2.621555,2.737781,2.621555,2.737781,0.039078,2375200
1984-06-08,2.724867,2.757152,2.711953,2.757152,0.039355,1000800
1984-06-11,2.744238,2.757152,2.737781,2.737781,0.039078,766400
1984-06-12,2.724867,2.776523,2.724867,2.763609,0.039447,1310400
1984-06-13,2.789438,2.802351,2.770066,2.770066,0.039539,2013200
1984-06-14,2.763609,2.763609,2.711953,2.711953,0.038710,1192400
1984-06-15,2.686125,2.692582,2.673211,2.673211,0.038157,1935600
1984-06-18,2.673211,2.692582,2.660297,2.692582,0.038433,2274400
1984-06-19,2.699039,2.699039,2.679668,2.679668,0.038249,2160400
1984-06-20,2.686125,2.686125,2.666754,2.666754,0.038065,1204000
1984-06-21,2.666754,2.686125,2.660297,2.673211,0.038157,1105200
1984-06-22,2.666754,2.699039,2.660297,2.686125,0.038341,702400
1984-06-25,2.692582,2.737781,2.692582,2.724867,0.038894,822400
1984-06-26,2.724867,2.731324,2.699039,2.711953,0.038710,818800
1984-06-27,2.724867,2.724867,2.679668,2.679668,0.038249,450800
1984-06-28,2.679668,2.699039,2.679668,2.686125,0.038341,181600
1984-06-29,2.686125,2.737781,2.686125,2.724867,0.038894,1039200
1984-07-02,2.731324,2.737781,2.718410,2.737781,0.039078,1724800
1984-07-03,2.718410,2.724867,2.686125,2.705496,0.039030,644400
1984-07-05,2.699039,2.711953,2.686125,2.699039,0.038937,818800
1984-07-06,2.686125,2.705496,2.686125,2.692582,0.038844,640400
1984-07-09,2.705496,2.731324,2.686125,2.731324,0.039403,1616400
1984-07-10,2.731324,2.731324,2.647383,2.666754,0.038471,886400
1984-07-11,2.666754,2.679668,2.621555,2.621555,0.037819,1335600
1984-07-12,2.621555,2.692582,2.621555,2.686125,0.038750,2470000
1984-07-13,2.699039,2.718410,2.686125,2.711953,0.039123,586400
1984-07-16,2.699039,2.711953,2.673211,2.711953,0.039123,1207600
1984-07-17,2.711953,2.737781,2.699039,2.731324,0.039403,1018000
1984-07-18,2.724867,2.737781,2.718410,2.737781,0.039496,683200
1984-07-19,2.724867,2.737781,2.711953,2.724867,0.039309,704400
1984-07-20,2.724867,2.724867,2.699039,2.711953,0.039123,330800
1984-07-23,2.711953,2.711953,2.692582,2.705496,0.039030,971600
1984-07-24,2.692582,2.692582,2.647383,2.647383,0.038192,245600
1984-07-25,2.640926,2.653840,2.628012,2.640926,0.038098,2843600
1984-07-26,2.640926,2.653840,2.634469,2.647383,0.038192,416000
1984-07-27,2.653840,2.653840,2.634469,2.640926,0.038098,698800
1984-07-30,2.634469,2.647383,2.615098,2.621555,0.037819,1341200
1984-07-31,2.595726,2.647383,2.595726,2.647383,0.038192,1939600
1984-08-01,2.634469,2.660297,2.634469,2.647383,0.038192,1006400
1984-08-02,2.660297,2.699039,2.660297,2.699039,0.038937,2849600
1984-08-03,2.699039,2.770066,2.699039,2.763609,0.039868,4498800
1984-08-06,2.770066,2.808809,2.757152,2.770066,0.039961,4301200
1984-08-07,2.763609,2.834637,2.757152,2.828180,0.040800,820800
1984-08-08,2.841094,2.879836,2.795895,2.795895,0.040334,3366400
1984-08-09,2.789438,2.841094,2.789438,2.834637,0.040893,1509600
1984-08-10,2.860465,2.860465,2.802351,2.815266,0.040613,1155600
1984-08-13,2.815266,2.821723,2.763609,2.782980,0.040148,683200
1984-08-14,2.782980,2.802351,2.770066,2.782980,0.040148,1198000
1984-08-15,2.770066,2.789438,2.770066,2.782980,0.040148,325200
1984-08-16,2.763609,2.782980,2.757152,2.782980,0.040148,1734400
1984-08-17,2.763609,2.776523,2.757152,2.757152,0.039775,998800
1984-08-20,2.750695,2.770066,2.744238,2.770066,0.039961,472000
1984-08-21,2.763609,2.789438,2.744238,2.782980,0.040148,1289200
1984-08-22,2.789438,2.834637,2.782980,2.815266,0.040613,1114800
1984-08-23,2.821723,2.834637,2.802351,2.828180,0.040800,480000
1984-08-24,2.828180,2.847551,2.828180,2.834637,0.040893,1066400
1984-08-27,2.834637,2.834637,2.808809,2.821723,0.040707,483600
1984-08-28,2.808809,2.828180,2.802351,2.828180,0.040800,605600
1984-08-29,2.821723,2.834637,2.795895,2.808809,0.040520,611600
1984-08-30,2.802351,2.834637,2.802351,2.828180,0.040800,574800
1984-08-31,2.828180,2.834637,2.802351,2.808809,0.040520,406400
1984-09-04,2.802351,2.815266,2.795895,2.808809,0.040520,536000
1984-09-05,2.802351,2.802351,2.776523,2.789438,0.040241,2050000
1984-09-06,2.789438,2.795895,2.782980,2.782980,0.040148,1411200
1984-09-07,2.782980,2.795895,2.782980,2.795895,0.040334,605600
1984-09-10,2.782980,2.828180,2.770066,2.821723,0.040707,834000
1984-09-11,2.828180,2.873379,2.828180,2.854008,0.041172,2702400
1984-09-12,2.854008,2.860465,2.841094,2.854008,0.041172,592000
1984-09-13,2.866922,2.912121,2.854008,2.892750,0.041731,2491200
1984-09-14,2.918578,3.002520,2.912121,2.996063,0.043222,3660400
1984-09-17,2.996063,3.008976,2.976691,3.002520,0.043315,2404000
1984-09-18,3.002520,3.008976,2.983148,2.989605,0.043129,1339600
1984-09-19,2.996063,3.060633,2.989605,3.047719,0.043967,1412800
1984-09-20,3.054176,3.099375,3.041262,3.086461,0.044526,1686000
1984-09-21,3.092918,3.092918,3.041262,3.047719,0.043967,1176800
1984-09-24,3.034805,3.041262,2.957320,2.957320,0.042663,814800
1984-09-25,2.828180,2.860465,2.789438,2.841094,0.040986,4402000
1984-09-26,2.808809,2.841094,2.808809,2.828180,0.040800,2200800
1984-09-27,2.841094,2.866922,2.834637,2.860465,0.041266,4537600
1984-09-28,2.847551,2.873379,2.828180,2.841094,0.040986,998800
1984-10-01,2.841094,2.854008,2.828180,2.841094,0.040986,1254400
1984-10-02,2.841094,2.866922,2.841094,2.860465,0.041266,508800
1984-10-03,2.828180,2.854008,2.821723,2.841094,0.041405,427600
1984-10-04,2.841094,2.847551,2.821723,2.828180,0.041217,698800
1984-10-05,2.828180,2.841094,2.821723,2.828180,0.041217,1056800
1984-10-08,2.821723,2.828180,2.821723,2.821723,0.041123,129600
1984-10-09,2.834637,2.854008,2.828180,2.841094,0.041405,1515600
1984-10-10,2.841094,2.847551,2.834637,2.841094,0.041405,1314400
1984-10-11,2.847551,2.899207,2.841094,2.899207,0.042252,590400
1984-10-12,2.892750,2.892750,2.873379,2.873379,0.041875,272800
1984-10-15,2.860465,2.873379,2.854008,2.873379,0.041875,371600
1984-10-16,2.873379,2.886293,2.860465,2.866922,0.041781,720000
1984-10-17,2.866922,2.873379,2.854008,2.860465,0.041687,675600
1984-10-18,2.854008,2.918578,2.847551,2.879836,0.041969,2729200
1984-10-19,2.944406,2.976691,2.918578,2.937949,0.042816,1459600
1984-10-22,2.925035,2.970234,2.925035,2.963777,0.043193,2050000
1984-10-23,2.970234,3.021891,2.970234,3.002520,0.043757,1314400
1984-10-24,2.996063,3.015434,2.989605,2.989605,0.043569,1010400
1984-10-25,2.976691,2.976691,2.802351,2.815266,0.041028,8546800
1984-10-26,2.795895,2.802351,2.699039,2.724867,0.039711,3770800
1984-10-29,2.737781,2.737781,2.640926,2.686125,0.039146,1140000
1984-10-30,2.692582,2.770066,2.686125,2.770066,0.040370,2940400
1984-10-31,2.770066,2.782980,2.763609,2.782980,0.040558,1087600
1984-11-01,2.789438,2.789438,2.763609,2.763609,0.040276,778000
1984-11-02,2.763609,2.763609,2.711953,2.737781,0.039899,1765200
1984-11-05,2.737781,2.770066,2.731324,2.763609,0.040276,431600
1984-11-06,2.763609,2.789438,2.763609,2.789438,0.040652,1686000
1984-11-07,2.776523,2.802351,2.763609,2.782980,0.040558,2053600
1984-11-08,2.776523,2.789438,2.770066,2.770066,0.040370,1469200
1984-11-09,2.776523,2.847551,2.776523,2.802351,0.040840,3281200
1984-11-12,2.802351,2.802351,2.770066,2.776523,0.040464,545600
1984-11-13,2.782980,2.789438,2.776523,2.782980,0.040558,567200
1984-11-14,2.770066,2.776523,2.666754,2.666754,0.038864,2249200
1984-11-15,2.660297,2.673211,2.556984,2.673211,0.038958,3281200
1984-11-16,2.673211,2.679668,2.595726,2.595726,0.037829,8337600
1984-11-19,2.589270,2.621555,2.582813,2.589270,0.037735,932800
1984-11-20,2.595726,2.640926,2.595726,2.634469,0.038394,2890000
1984-11-21,2.634469,2.634469,2.602184,2.621555,0.038205,1734400
1984-11-23,2.621555,2.634469,2.615098,2.634469,0.038394,3753600
1984-11-26,2.634469,2.647383,2.615098,2.615098,0.038111,1546400
1984-11-27,2.602184,2.628012,2.582813,2.595726,0.037829,882400
1984-11-28,2.608641,2.608641,2.576355,2.576355,0.037547,1204000
1984-11-29,2.576355,2.602184,2.569898,2.582813,0.037641,814800
1984-11-30,2.582813,2.608641,2.576355,2.582813,0.037641,791600
1984-12-03,2.576355,2.589270,2.576355,2.589270,0.037735,718000
1984-12-04,2.576355,2.576355,2.505328,2.511785,0.036606,5104800
1984-12-05,2.511785,2.531156,2.498871,2.524699,0.036794,3933600
1984-12-06,2.511785,2.550527,2.505328,2.544070,0.037076,2562800
1984-12-07,2.531156,2.537613,2.518242,2.531156,0.036888,996800
1984-12-10,2.518242,2.537613,2.505328,2.511785,0.036606,1120800
1984-12-11,2.511785,2.537613,2.511785,2.531156,0.036888,1171200
1984-12-12,2.544070,2.602184,2.544070,2.569898,0.037453,1798400
1984-12-13,2.582813,2.582813,2.556984,2.563442,0.037358,996800
1984-12-14,2.576355,2.628012,2.569898,2.628012,0.038299,2440800
1984-12-17,2.634469,2.686125,2.621555,2.686125,0.039146,1066400
1984-12-18,2.724867,2.782980,2.724867,2.782980,0.040558,3498000
1984-12-19,2.776523,2.782980,2.731324,2.744238,0.039993,4272400
1984-12-20,2.724867,2.744238,2.686125,2.686125,0.039146,5710800
1984-12-21,2.673211,2.679668,2.595726,2.621555,0.038205,2404000
1984-12-24,2.608641,2.628012,2.608641,2.615098,0.038111,243600
1984-12-26,2.621555,2.628012,2.595726,2.621555,0.038205,439200
1984-12-27,2.621555,2.621555,2.595726,2.595726,0.037829,439200
1984-12-28,2.595726,2.608641,2.582813,2.582813,0.037641,524400
1984-12-31,2.595726,2.628012,2.582813,2.628012,0.038299,1635600
1985-01-02,2.621555,2.621555,2.608641,2.608641,0.038017,768400
1985-01-03,2.621555,2.621555,2.595726,2.615098,0.038111,1802000
1985-01-04,2.569898,2.576355,2.531156,2.550527,0.037586,1517600
1985-01-07,2.524699,2.537613,2.492414,2.505328,0.036920,1606400
1985-01-08,2.492414,2.518242,2.479500,2.518242,0.037110,1086000
1985-01-09,2.518242,2.550527,2.518242,2.544070,0.037491,2617200
1985-01-10,2.531156,2.544070,2.479500,2.518242,0.037110,2729200
1985-01-11,2.518242,2.544070,2.466586,2.485957,0.036635,2363600
1985-01-14,2.492414,2.518242,2.479500,2.518242,0.037110,2354000
1985-01-15,2.518242,2.550527,2.505328,2.531156,0.037301,3470800
1985-01-16,2.556984,2.628012,2.550527,2.582813,0.038062,1724800
1985-01-17,2.589270,2.589270,2.576355,2.582813,0.038062,1351200
1985-01-18,2.569898,2.582813,2.544070,2.563442,0.037776,2311200
1985-01-21,2.550527,2.556984,2.531156,2.544070,0.037491,1556400
1985-01-22,2.544070,2.556984,2.531156,2.550527,0.037586,5273200
1985-01-23,2.563442,2.563442,2.511785,2.537613,0.037396,1120800
1985-01-24,2.550527,2.550527,2.492414,2.511785,0.037015,3560000
1985-01-25,2.498871,2.505328,2.466586,2.498871,0.036825,3602400
1985-01-28,2.511785,2.595726,2.511785,2.576355,0.037967,6266400
1985-01-29,2.841094,2.854008,2.770066,2.854008,0.042058,34419600
1985-01-30,2.841094,2.841094,2.795895,2.808809,0.041392,7476000
1985-01-31,2.808809,2.854008,2.808809,2.847551,0.041963,13204400
1985-02-01,2.841094,2.873379,2.834637,2.866922,0.042249,9270800
1985-02-04,2.860465,2.950863,2.860465,2.931492,0.043200,9572800
1985-02-05,2.931492,2.931492,2.886293,2.892750,0.042629,4384400
1985-02-06,2.892750,2.925035,2.841094,2.860465,0.042153,3346800
1985-02-07,2.860465,2.860465,2.841094,2.854008,0.042058,3108800
1985-02-08,2.866922,2.899207,2.854008,2.899207,0.042724,3213200
1985-02-11,2.899207,2.957320,2.892750,2.957320,0.043581,3602400
1985-02-12,2.957320,2.983148,2.937949,2.976691,0.043866,3136000
1985-02-13,2.963777,3.034805,2.957320,3.028348,0.044627,4988400
1985-02-14,3.028348,3.073547,3.028348,3.047719,0.044913,2396400
1985-02-15,3.041262,3.047719,2.989605,3.002520,0.044247,5592400
1985-02-19,2.989605,2.989605,2.899207,2.905664,0.042820,1939600
1985-02-20,2.912121,2.937949,2.899207,2.912121,0.042915,1105200
1985-02-21,2.899207,2.918578,2.873379,2.899207,0.042724,3509600
1985-02-22,2.886293,2.918578,2.873379,2.879836,0.042439,1513600
1985-02-25,2.866922,2.879836,2.866922,2.879836,0.042439,934800
1985-02-26,2.879836,2.879836,2.841094,2.860465,0.042153,3685600
1985-02-27,2.873379,2.873379,2.854008,2.860465,0.042153,1099200
1985-02-28,2.847551,2.854008,2.834637,2.847551,0.041963,1811600
1985-03-01,2.847551,2.892750,2.841094,2.886293,0.042534,3416800
1985-03-04,2.886293,2.905664,2.821723,2.847551,0.041963,3800000
1985-03-05,2.860465,2.866922,2.828180,2.841094,0.041868,1926000
1985-03-06,2.834637,2.841094,2.821723,2.841094,0.041868,1538800
1985-03-07,2.854008,2.892750,2.854008,2.866922,0.042249,1782800
1985-03-08,2.866922,2.866922,2.841094,2.841094,0.041868,2123600
1985-03-11,2.841094,2.854008,2.828180,2.834637,0.041773,2069200
1985-03-12,2.834637,2.886293,2.834637,2.886293,0.042534,1339600
1985-03-13,2.886293,2.912121,2.879836,2.905664,0.042820,1476800
1985-03-14,2.905664,2.957320,2.899207,2.944406,0.043391,2911200
1985-03-15,2.944406,2.950863,2.892750,2.892750,0.042629,2361600
1985-03-18,2.905664,2.944406,2.899207,2.931492,0.043200,1488400
1985-03-19,2.944406,2.950863,2.925035,2.944406,0.043391,1316000
1985-03-20,2.950863,2.957320,2.931492,2.944406,0.043391,992800
1985-03-21,2.937949,2.950863,2.931492,2.931492,0.043200,2220400
1985-03-22,2.931492,2.944406,2.931492,2.937949,0.043295,1045200
1985-03-25,2.937949,2.944406,2.931492,2.944406,0.043391,2342400
1985-03-26,2.937949,3.067090,2.912121,3.034805,0.044723,4723200
1985-03-27,3.099375,3.131660,3.073547,3.086461,0.045484,9123600
1985-03-28,3.067090,3.086461,3.041262,3.047719,0.044913,3430000
1985-03-29,3.047719,3.054176,2.989605,3.002520,0.044247,2338400
1985-04-01,3.002520,3.028348,3.002520,3.021891,0.044532,1411200
1985-04-02,3.021891,3.034805,3.008976,3.021891,0.044532,3244400
1985-04-03,2.989605,2.996063,2.931492,2.931492,0.043618,3422400
1985-04-04,2.931492,2.937949,2.873379,2.879836,0.042849,3042800
1985-04-08,2.892750,2.937949,2.892750,2.925035,0.043522,927200
1985-04-09,2.918578,2.944406,2.905664,2.912121,0.043330,2249200
1985-04-10,2.925035,2.925035,2.912121,2.918578,0.043426,1110800
1985-04-11,2.931492,2.957320,2.931492,2.937949,0.043714,2318800
1985-04-12,2.950863,2.970234,2.925035,2.925035,0.043522,1465200
1985-04-15,2.918578,2.937949,2.912121,2.918578,0.043426,2078800
1985-04-16,2.905664,2.970234,2.905664,2.944406,0.043810,4756400
1985-04-17,2.931492,2.944406,2.925035,2.944406,0.043810,687200
1985-04-18,2.931492,2.937949,2.892750,2.912121,0.043330,1804000
1985-04-19,2.912121,2.912121,2.886293,2.899207,0.043137,598000
1985-04-22,2.899207,2.905664,2.879836,2.899207,0.043137,2301600
1985-04-23,2.886293,2.912121,2.886293,2.905664,0.043233,3734000
1985-04-24,2.892750,2.912121,2.892750,2.892750,0.043041,420000
1985-04-25,2.892750,2.905664,2.873379,2.905664,0.043233,6825600
1985-04-26,2.789438,2.815266,2.737781,2.782980,0.041408,11967200
1985-04-29,2.776523,2.789438,2.770066,2.782980,0.041408,3515200
1985-04-30,2.782980,2.802351,2.718410,2.724867,0.040543,4417600
1985-05-01,2.737781,2.763609,2.711953,2.718410,0.040447,8932000
1985-05-02,2.686125,2.737781,2.686125,2.724867,0.040543,3498000
1985-05-03,2.718410,2.737781,2.718410,2.731324,0.040639,2119600
1985-05-06,2.731324,2.802351,2.731324,2.802351,0.041696,4005200
1985-05-07,2.802351,2.860465,2.795895,2.808809,0.041792,2876400
1985-05-08,2.802351,2.808809,2.789438,2.802351,0.041696,1045200
1985-05-09,2.808809,2.854008,2.808809,2.841094,0.042273,3892800
1985-05-10,2.847551,2.873379,2.834637,2.841094,0.042273,4316800
1985-05-13,2.841094,2.860465,2.821723,2.860465,0.042561,3985600
1985-05-14,2.847551,2.879836,2.847551,2.879836,0.042849,1066400
1985-05-15,2.879836,2.879836,2.860465,2.873379,0.042753,2297600
1985-05-16,2.879836,2.879836,2.860465,2.866922,0.042657,1252400
1985-05-17,2.866922,2.983148,2.854008,2.944406,0.043810,14573200
1985-05-20,2.976691,3.002520,2.957320,2.957320,0.044002,3943200
1985-05-21,2.957320,2.963777,2.918578,2.937949,0.043714,2656000
1985-05-22,2.937949,2.944406,2.918578,2.944406,0.043810,1354800
1985-05-23,2.944406,2.970234,2.931492,2.970234,0.044194,6314800
1985-05-24,2.970234,3.008976,2.970234,3.002520,0.044675,4622800
1985-05-28,3.008976,3.008976,2.996063,3.002520,0.044675,1608400
1985-05-29,3.002520,3.041262,2.989605,3.041262,0.045251,2642400
1985-05-30,3.054176,3.131660,3.054176,3.099375,0.046116,9590000
1985-05-31,3.099375,3.112289,3.080004,3.099375,0.046116,8399600
1985-06-03,3.112289,3.112289,2.996063,2.996063,0.044579,3025600
1985-06-04,2.996063,3.008976,2.989605,2.996063,0.044579,4167600
1985-06-05,2.976691,3.021891,2.976691,3.002520,0.044675,2626800
1985-06-06,3.015434,3.067090,3.008976,3.054176,0.045443,1569600
1985-06-07,3.060633,3.092918,3.060633,3.060633,0.045539,4651600
1985-06-10,3.067090,3.067090,3.021891,3.034805,0.045155,677200
1985-06-11,3.028348,3.034805,3.021891,3.021891,0.044963,756800
1985-06-12,3.028348,3.041262,3.015434,3.041262,0.045251,1033600
1985-06-13,3.041262,3.041262,2.944406,2.970234,0.044194,3600400
1985-06-14,2.976691,3.015434,2.976691,3.015434,0.044867,1984000
1985-06-17,3.021891,3.034805,3.008976,3.015434,0.044867,454800
1985-06-18,3.028348,3.092918,3.028348,3.086461,0.045924,1399600
1985-06-19,3.086461,3.092918,3.047719,3.047719,0.045347,1043200
1985-06-20,3.060633,3.060633,2.989605,3.002520,0.044675,1724800
1985-06-21,3.002520,3.080004,3.002520,3.060633,0.045539,3200000
1985-06-24,3.067090,3.105832,3.060633,3.105832,0.046212,1457600
1985-06-25,3.125203,3.144574,3.105832,3.105832,0.046212,7489600
1985-06-26,3.105832,3.125203,3.099375,3.112289,0.046308,2781600
1985-06-27,3.105832,3.267258,3.105832,3.176859,0.047269,7162400
1985-06-28,3.189773,3.306000,3.183316,3.286629,0.048902,4398000
1985-07-01,3.273715,3.286629,3.241430,3.247887,0.048325,2559200
1985-07-02,3.247887,3.247887,3.176859,3.189773,0.047461,2152400
1985-07-03,3.183316,3.196230,3.170402,3.183316,0.047798,1448000
1985-07-05,3.183316,3.202688,3.176859,3.183316,0.047798,896000
1985-07-08,3.176859,3.176859,3.086461,3.086461,0.046344,1112800
1985-07-09,3.086461,3.099375,3.080004,3.086461,0.046344,4148400
1985-07-10,3.092918,3.151031,3.086461,3.151031,0.047313,1962800
1985-07-11,3.163945,3.189773,3.125203,3.131660,0.047023,2468000
1985-07-12,3.131660,3.151031,3.125203,3.125203,0.046926,1426400
1985-07-15,3.125203,3.125203,3.054176,3.054176,0.045859,1680000
1985-07-16,3.054176,3.118746,3.054176,3.118746,0.046829,1997600
1985-07-17,3.131660,3.144574,3.073547,3.080004,0.046247,3139600
1985-07-18,3.092918,3.099375,3.067090,3.073547,0.046150,1616400
1985-07-19,3.054176,3.099375,3.054176,3.099375,0.046538,3320000
1985-07-22,3.099375,3.099375,3.073547,3.086461,0.046344,2216400
1985-07-23,3.073547,3.073547,3.002520,3.008976,0.045180,2907600
1985-07-24,2.996063,3.015434,2.963777,2.963777,0.044502,3521200
1985-07-25,2.970234,2.970234,2.879836,2.912121,0.043726,3968400
1985-07-26,2.912121,2.944406,2.912121,2.931492,0.044017,3685600
1985-07-29,2.931492,2.931492,2.912121,2.925035,0.043920,1142000
1985-07-30,2.925035,2.925035,2.886293,2.892750,0.043435,2243600
1985-07-31,2.892750,2.937949,2.892750,2.931492,0.044017,2599600
1985-08-01,2.918578,2.937949,2.899207,2.937949,0.044114,1409200
1985-08-02,2.937949,2.937949,2.925035,2.937949,0.044114,1382000
1985-08-05,2.931492,2.937949,2.918578,2.931492,0.044017,431600
1985-08-06,2.925035,2.925035,2.886293,2.886293,0.043338,2053600
1985-08-07,2.892750,2.899207,2.873379,2.892750,0.043435,1087600
1985-08-08,2.905664,2.918578,2.899207,2.899207,0.043532,849600
1985-08-09,2.905664,2.912121,2.892750,2.899207,0.043532,832400
1985-08-12,2.886293,2.899207,2.886293,2.892750,0.043435,1682000
1985-08-13,2.899207,2.918578,2.892750,2.912121,0.043726,836000
1985-08-14,2.905664,2.944406,2.905664,2.944406,0.044211,590400
1985-08-15,2.944406,2.944406,2.918578,2.925035,0.043920,1070400
1985-08-16,2.918578,2.925035,2.899207,2.899207,0.043532,414000
1985-08-19,2.892750,2.899207,2.866922,2.866922,0.043047,1109200
1985-08-20,2.860465,2.886293,2.847551,2.860465,0.042950,745200
1985-08-21,2.860465,2.912121,2.860465,2.905664,0.043629,1500000
1985-08-22,2.918578,2.937949,2.892750,2.905664,0.043629,1132400
1985-08-23,2.873379,2.873379,2.854008,2.860465,0.042950,1029600
1985-08-26,2.866922,2.899207,2.860465,2.860465,0.042950,784000
1985-08-27,2.866922,2.886293,2.866922,2.886293,0.043338,445200
1985-08-28,2.886293,2.899207,2.879836,2.899207,0.043532,1440000
1985-08-29,2.892750,2.912121,2.886293,2.905664,0.043629,795600
1985-08-30,2.918578,2.950863,2.905664,2.937949,0.044114,2034400
1985-09-03,2.937949,2.937949,2.918578,2.931492,0.044017,1403200
1985-09-04,2.944406,3.015434,2.944406,3.002520,0.045083,10952800
1985-09-05,2.996063,3.034805,2.996063,3.008976,0.045180,1451600
1985-09-06,3.002520,3.008976,2.996063,3.002520,0.045083,675600
1985-09-09,3.015434,3.073547,3.015434,3.034805,0.045568,1947200
1985-09-10,3.047719,3.054176,2.996063,3.021891,0.045374,1459600
1985-09-11,3.015434,3.015434,2.970234,2.983148,0.044793,1068400
1985-09-12,2.976691,2.989605,2.937949,2.944406,0.044211,681200
1985-09-13,2.957320,2.957320,2.899207,2.905664,0.043629,1569600
1985-09-16,2.937949,2.937949,2.918578,2.931492,0.044017,505200
1985-09-17,2.931492,2.976691,2.899207,2.905664,0.043629,1037600
1985-09-18,2.905664,2.925035,2.886293,2.918578,0.043823,1391600
1985-09-19,2.918578,3.002520,2.905664,2.996063,0.044987,1112800
1985-09-20,3.008976,3.041262,2.983148,2.983148,0.044793,2119600
1985-09-23,2.996063,3.015434,2.983148,2.983148,0.044793,1146000
1985-09-24,2.996063,3.092918,2.996063,3.086461,0.046344,10519200
1985-09-25,3.099375,3.131660,3.092918,3.092918,0.046441,5170400
1985-09-26,3.092918,3.151031,3.092918,3.131660,0.047023,4554800
1985-09-30,3.144574,3.189773,3.138117,3.176859,0.047701,4618800
1985-10-01,3.176859,3.247887,3.176859,3.222059,0.048380,12524800
1985-10-02,3.260801,3.370570,3.260801,3.299543,0.049543,16508800
1985-10-03,3.299543,3.299543,3.267258,3.273715,0.049156,4810400
1985-10-04,3.254344,3.267258,3.215601,3.254344,0.049300,4105600
1985-10-07,3.241430,3.241430,3.170402,3.196230,0.048420,1022000
1985-10-08,3.183316,3.189773,3.138117,3.170402,0.048029,1509600
1985-10-09,3.176859,3.299543,3.176859,3.254344,0.049300,5356400
1985-10-10,3.254344,3.280172,3.241430,3.254344,0.049300,7549600
1985-10-11,3.254344,3.267258,3.234973,3.267258,0.049496,3532800
1985-10-14,3.260801,3.331828,3.260801,3.325371,0.050376,3424400
1985-10-15,3.325371,3.331828,3.293086,3.306000,0.050083,1937600
1985-10-16,3.293086,3.331828,3.273715,3.331828,0.050474,3691600
1985-10-17,3.331828,3.331828,3.299543,3.306000,0.050083,2024800
1985-10-18,3.293086,3.306000,3.286629,3.293086,0.049887,727600
1985-10-21,3.286629,3.299543,3.286629,3.286629,0.049789,1469200
1985-10-22,3.280172,3.306000,3.280172,3.286629,0.049789,1806000
1985-10-23,3.338285,3.357656,3.306000,3.344742,0.050670,3515200
1985-10-24,3.338285,3.338285,3.286629,3.286629,0.049789,816800
1985-10-25,3.286629,3.293086,3.247887,3.273715,0.049594,1339600
1985-10-28,3.260801,3.260801,3.222059,3.228516,0.048909,3362400
1985-10-29,3.209145,3.222059,3.189773,3.222059,0.048811,4717600
1985-10-30,3.286629,3.299543,3.202688,3.215601,0.048713,9195200
1985-10-31,3.176859,3.215601,3.176859,3.189773,0.048322,6792800
1985-11-01,3.176859,3.325371,3.157488,3.318914,0.050279,5819200
1985-11-04,3.306000,3.351199,3.306000,3.331828,0.050474,4140800
1985-11-05,3.338285,3.344742,3.318914,3.338285,0.050572,5193600
1985-11-06,3.344742,3.351199,3.286629,3.306000,0.050083,3701200
1985-11-07,3.293086,3.299543,3.280172,3.286629,0.049789,3753600
1985-11-08,3.286629,3.383484,3.280172,3.377027,0.051159,5023200
1985-11-11,3.396399,3.519082,3.396399,3.506168,0.053115,4239200
1985-11-12,3.512625,3.512625,3.435141,3.460969,0.052430,1442000
1985-11-13,3.460969,3.460969,3.422227,3.422227,0.051844,1358800
1985-11-14,3.422227,3.486797,3.422227,3.460969,0.052430,1956800
1985-11-15,3.448055,3.460969,3.428684,3.428684,0.051941,1006400
1985-11-18,3.428684,3.428684,3.389941,3.428684,0.051941,1773200
1985-11-19,3.441598,3.441598,3.415770,3.428684,0.051941,1943600
1985-11-20,3.448055,3.467426,3.448055,3.467426,0.052528,1397600
1985-11-21,3.480340,3.525539,3.460969,3.519082,0.053311,4010800
1985-11-22,3.512625,3.557824,3.512625,3.551367,0.053800,1932000
1985-11-25,3.557824,3.577195,3.551367,3.577195,0.054191,1039200
1985-11-26,3.099375,3.099375,3.080004,3.086461,0.046757,2692800
1985-11-27,3.080004,3.092918,3.073547,3.080004,0.046659,2350000
1985-11-29,3.080004,3.080004,3.073547,3.073547,0.046561,1101200
1985-12-02,3.086461,3.092918,3.041262,3.047719,0.046170,2425600
1985-12-03,3.060633,3.060633,3.034805,3.034805,0.045975,2499200
1985-12-04,3.041262,3.067090,3.034805,3.067090,0.046464,3254000
1985-12-05,3.067090,3.086461,3.047719,3.047719,0.046170,3500000
1985-12-06,3.047719,3.054176,3.034805,3.034805,0.045975,549600
1985-12-09,3.034805,3.047719,3.008976,3.008976,0.045583,1446000
1985-12-10,3.021891,3.021891,2.937949,2.944406,0.044605,3370000
1985-12-11,2.950863,3.067090,2.944406,3.054176,0.046268,4938400
1985-12-12,3.067090,3.112289,3.067090,3.092918,0.046855,1207600
1985-12-13,3.080004,3.099375,3.073547,3.080004,0.046659,1790400
1985-12-16,3.073547,3.105832,3.047719,3.086461,0.046757,2760400
1985-12-17,3.086461,3.151031,3.080004,3.125203,0.047344,2135200
1985-12-18,3.125203,3.202688,3.125203,3.170402,0.048029,2896000
1985-12-19,3.163945,3.196230,3.163945,3.189773,0.048322,1248400
1985-12-20,3.196230,3.247887,3.196230,3.215601,0.048713,4330400
1985-12-23,3.202688,3.222059,3.183316,3.196230,0.048420,857200
1985-12-24,3.209145,3.215601,3.176859,3.196230,0.048420,2255200
1985-12-26,3.183316,3.189773,3.131660,3.138117,0.047540,532000
1985-12-27,3.144574,3.151031,3.112289,3.151031,0.047735,863200
1985-12-30,3.151031,3.151031,3.105832,3.131660,0.047442,551600
1985-12-31,3.138117,3.163945,3.099375,3.157488,0.047833,1292800
1986-01-02,3.151031,3.163945,3.112289,3.125203,0.047344,1236800
1986-01-03,3.112289,3.144574,3.086461,3.118746,0.047246,1707200
1986-01-06,3.112289,3.112289,3.092918,3.112289,0.057467,971600
1986-01-07,3.125203,3.144574,3.112289,3.125203,0.057706,1600800
1986-01-08,3.131660,3.183316,3.099375,3.099375,0.057229,4330400
1986-01-09,3.099375,3.105832,2.976691,3.002520,0.055440,1912400
1986-01-10,3.015434,3.041262,3.002520,3.002520,0.055440,1556400
1986-01-13,3.002520,3.021891,2.996063,3.008976,0.055559,1968400
1986-01-14,3.008976,3.015434,2.996063,3.002520,0.055440,2487200
1986-01-15,2.989605,2.996063,2.976691,2.996063,0.055321,3463200
1986-01-16,2.996063,2.996063,2.983148,2.989605,0.055202,1407200
1986-01-17,2.989605,2.989605,2.944406,2.950863,0.054486,3310000
1986-01-20,2.957320,2.957320,2.931492,2.931492,0.054129,578800
1986-01-21,2.937949,2.944406,2.918578,2.931492,0.054129,1962800
1986-01-22,2.944406,2.996063,2.944406,2.989605,0.055202,2896000
1986-01-23,2.983148,3.028348,2.983148,3.021891,0.055798,950400
1986-01-24,3.028348,3.041262,3.021891,3.034805,0.056036,466400
1986-01-27,3.028348,3.067090,3.028348,3.067090,0.056633,1420800
1986-01-28,3.067090,3.131660,3.060633,3.125203,0.057706,3087600
1986-01-29,3.125203,3.176859,3.125203,3.163945,0.058421,2303600
1986-01-30,3.151031,3.170402,3.118746,3.118746,0.057586,2789200
1986-01-31,3.118746,3.273715,3.118746,3.189773,0.058898,3646800
1986-02-03,3.196230,3.222059,3.196230,3.215601,0.059375,1256000
1986-02-04,3.228516,3.273715,3.189773,3.196230,0.059017,1707200
1986-02-05,3.196230,3.202688,3.163945,3.170402,0.058540,1815600
1986-02-06,3.176859,3.370570,3.176859,3.370570,0.062236,5677600
1986-02-07,3.357656,3.370570,3.241430,3.267258,0.060329,2744800
1986-02-10,3.254344,3.273715,3.241430,3.260801,0.060209,822400
1986-02-11,3.260801,3.260801,3.228516,3.228516,0.059613,950400
1986-02-12,3.228516,3.234973,3.209145,3.228516,0.059613,917600
1986-02-13,3.228516,3.234973,3.215601,3.222059,0.059494,580400
1986-02-14,3.228516,3.241430,3.202688,3.202688,0.059136,3466800
1986-02-18,3.215601,3.222059,3.209145,3.222059,0.059494,1778800
1986-02-19,3.222059,3.228516,3.209145,3.215601,0.059375,1159200
1986-02-20,3.202688,3.209145,3.118746,3.131660,0.057825,2795200
1986-02-21,3.138117,3.170402,3.105832,3.105832,0.057348,2206800
1986-02-24,3.131660,3.189773,3.125203,3.157488,0.058302,4229600
1986-02-25,3.170402,3.267258,3.163945,3.260801,0.060209,3854000
1986-02-26,3.273715,3.448055,3.273715,3.441598,0.063548,7728000
1986-02-27,3.435141,3.622395,3.435141,3.499711,0.064621,6204400
1986-02-28,3.538453,3.590109,3.506168,3.577195,0.066051,4866400
1986-03-03,3.577195,3.603024,3.551367,3.577195,0.066051,2127200
1986-03-04,3.590109,3.796734,3.583652,3.764449,0.069509,7859600
1986-03-05,3.751535,3.751535,3.603024,3.622395,0.066886,13713600
1986-03-06,3.615937,3.706336,3.615937,3.706336,0.068436,7971600
1986-03-07,3.699879,3.938789,3.699879,3.835477,0.070820,13225600
1986-03-10,3.835477,3.900047,3.803191,3.861305,0.071297,3153200
1986-03-11,3.848391,3.925875,3.822562,3.874219,0.071536,7400800
1986-03-12,3.861305,4.042101,3.861305,3.996902,0.073801,7689200
1986-03-13,3.996902,4.067930,3.971074,4.016273,0.074159,3600400
1986-03-14,4.042101,4.145414,4.035645,4.132500,0.076305,6554800
1986-03-17,4.119586,4.132500,4.003359,4.009816,0.074040,3534800
1986-03-18,4.009816,4.087301,4.009816,4.055016,0.074874,4121200
1986-03-19,4.055016,4.055016,3.983988,3.996902,0.073801,2483600
1986-03-20,3.938789,3.977531,3.893590,3.925875,0.072490,3798000
1986-03-21,3.945246,3.951703,3.796734,3.841933,0.070940,3300400
1986-03-24,3.816105,3.874219,3.803191,3.874219,0.071536,2352000
1986-03-25,3.861305,3.867762,3.796734,3.809649,0.070344,1796400
1986-03-26,3.796734,3.835477,3.796734,3.822562,0.070582,1631600
1986-03-27,3.835477,3.925875,3.829020,3.880676,0.071655,2474000
1986-03-31,3.874219,3.874219,3.822562,3.835477,0.070820,940800
1986-04-01,3.822562,3.867762,3.796734,3.835477,0.070820,4001200
1986-04-02,3.835477,3.841933,3.822562,3.841933,0.070940,1509600
1986-04-03,3.854848,3.861305,3.757992,3.783820,0.069867,1881600
1986-04-04,3.693422,3.783820,3.648223,3.693422,0.080543,2020800
1986-04-07,3.654680,3.654680,3.603024,3.641766,0.079417,1732400
1986-04-08,3.693422,3.719250,3.648223,3.719250,0.081107,4254800
1986-04-09,3.719250,3.816105,3.719250,3.783820,0.082515,15417200
1986-04-10,3.783820,3.874219,3.783820,3.841933,0.083782,2967600
1986-04-11,3.841933,3.867762,3.829020,3.835477,0.083641,2965600
1986-04-14,3.848391,3.880676,3.822562,3.861305,0.084205,1424800
1986-04-15,3.854848,3.861305,3.790277,3.809649,0.083078,518800
1986-04-16,3.796734,3.841933,3.796734,3.822562,0.083360,1294800
1986-04-17,3.841933,3.900047,3.841933,3.880676,0.084627,1893200
1986-04-18,3.893590,3.893590,3.861305,3.874219,0.084486,1211600
1986-04-21,3.874219,3.900047,3.861305,3.861305,0.084205,1630000
1986-04-22,3.854848,3.867762,3.757992,3.777363,0.082374,1835200
1986-04-23,3.783820,3.790277,3.757992,3.770906,0.082233,1900800
1986-04-24,3.783820,3.848391,3.770906,3.816105,0.083219,1112800
1986-04-25,3.822562,3.835477,3.809649,3.822562,0.083360,992800
1986-04-28,3.816105,3.829020,3.764449,3.816105,0.083219,714000
1986-04-29,3.822562,3.829020,3.745078,3.757992,0.081952,627200
1986-04-30,3.757992,3.757992,3.551367,3.609480,0.078713,4204400
1986-05-01,3.596566,3.641766,3.564281,3.570738,0.077868,1691600
1986-05-02,3.596566,3.622395,3.596566,3.596566,0.078431,1964800
1986-05-05,3.603024,3.674051,3.603024,3.667594,0.079980,1850400
1986-05-06,3.680508,3.693422,3.654680,3.661137,0.079839,1511600
1986-05-07,3.674051,3.719250,3.667594,3.719250,0.081107,1746000
1986-05-08,3.757992,3.790277,3.732164,3.732164,0.081388,3188000
1986-05-09,3.738621,3.745078,3.706336,3.738621,0.081529,1612400
1986-05-12,3.725707,3.745078,3.686965,3.719250,0.081107,4171600
1986-05-13,3.706336,3.887133,3.706336,3.867762,0.084345,4674800
1986-05-14,3.880676,3.932332,3.880676,3.925875,0.085613,2038400
1986-05-15,3.925875,3.938789,3.867762,3.880676,0.084627,1645200
1986-05-16,3.867762,3.867762,3.829020,3.861305,0.084205,987200
1986-05-19,3.854848,3.867762,3.816105,3.835477,0.083641,1291200
1986-05-20,3.822562,3.848391,3.796734,3.835477,0.083641,989200
1986-05-21,3.835477,3.900047,3.835477,3.848391,0.083923,1314400
1986-05-22,3.848391,3.951703,3.841933,3.951703,0.086176,1269600
1986-05-23,3.938789,3.958160,3.932332,3.938789,0.085894,8461600
1986-05-27,3.951703,4.003359,3.951703,3.971074,0.086598,2474000
1986-05-28,3.983988,4.016273,3.977531,3.983988,0.086880,5145200
1986-05-29,3.996902,3.996902,3.958160,3.964617,0.086458,1134400
1986-05-30,3.964617,4.022730,3.958160,4.003359,0.087302,4607200
1986-06-02,4.016273,4.016273,3.977531,4.003359,0.087302,915600
1986-06-03,4.003359,4.003359,3.977531,3.990445,0.087021,1279600
1986-06-04,4.029188,4.042101,4.009816,4.016273,0.087584,1622000
1986-06-05,4.029188,4.035645,4.009816,4.022730,0.087725,724000
1986-06-06,4.029188,4.029188,3.996902,4.009816,0.087443,1244400
1986-06-09,4.003359,4.003359,3.906504,3.932332,0.085754,774000
1986-06-10,3.919418,3.919418,3.829020,3.874219,0.084486,2785600
1986-06-11,3.874219,3.932332,3.848391,3.867762,0.084345,1147600
1986-06-12,3.867762,3.900047,3.867762,3.887133,0.084768,1006400
1986-06-13,3.900047,3.951703,3.900047,3.951703,0.086176,816800
1986-06-16,3.964617,3.990445,3.945246,3.945246,0.086035,938800
1986-06-17,3.945246,3.945246,3.867762,3.887133,0.084768,762400
1986-06-18,3.900047,3.925875,3.893590,3.925875,0.085613,1678400
1986-06-19,3.925875,4.184156,3.887133,4.158328,0.090682,3592800
1986-06-20,4.151871,4.326211,4.151871,4.287469,0.093498,5925600
1986-06-23,4.287469,4.287469,4.216442,4.222898,0.092090,1984000
1986-06-24,4.209984,4.209984,4.158328,4.184156,0.091245,6353200
1986-06-25,4.190613,4.255184,4.190613,4.222898,0.092090,3536800
1986-06-26,4.222898,4.222898,4.177699,4.184156,0.091245,3695200
1986-06-27,4.184156,4.209984,4.171242,4.171242,0.090963,1798400
1986-06-30,4.190613,4.293926,4.184156,4.287469,0.093498,3618000
1986-07-01,4.293926,4.455351,4.293926,4.455351,0.097159,5631200
1986-07-02,4.442438,4.519922,4.442438,4.455351,0.097159,3623600
1986-07-03,4.442438,4.455351,4.416609,4.442438,0.111377,4156000
1986-07-07,4.448895,4.448895,4.235813,4.242270,0.106358,2487200
1986-07-08,4.235813,4.235813,4.113129,4.190613,0.105063,2888000
1986-07-09,4.197070,4.235813,4.197070,4.235813,0.106196,2981200
1986-07-10,4.287469,4.300383,4.248726,4.287469,0.107491,2661600
1986-07-11,4.300383,4.377867,4.300383,4.326211,0.108463,2402400
1986-07-14,4.339125,4.339125,4.261641,4.261641,0.106844,1207600
1986-07-15,4.222898,4.261641,4.138957,4.158328,0.104254,2532000
1986-07-16,4.197070,4.235813,4.190613,4.216442,0.105711,1798400
1986-07-17,4.229355,4.274555,4.229355,4.255184,0.106682,1232800
1986-07-18,4.242270,4.274555,4.209984,4.261641,0.106844,1449600
1986-07-21,4.248726,4.326211,4.248726,4.281012,0.107329,2601600
1986-07-22,4.268098,4.352039,4.268098,4.300383,0.107815,2112000
1986-07-23,4.287469,4.319754,4.287469,4.287469,0.107491,1527200
1986-07-24,4.281012,4.313297,4.255184,4.306840,0.107977,1161200
1986-07-25,4.313297,4.597406,4.313297,4.597406,0.115262,5780400
1986-07-28,4.584492,4.584492,4.468266,4.487637,0.112510,2518400
1986-07-29,4.474723,4.481180,4.429523,4.429523,0.111053,1924000
1986-07-30,4.423067,4.481180,4.364953,4.481180,0.112348,2975200
1986-07-31,4.481180,4.494094,4.461809,4.468266,0.112024,1558000
1986-08-01,4.494094,4.649063,4.494094,4.623234,0.115909,5155200
1986-08-04,4.610320,4.674891,4.558664,4.668434,0.117043,3652800
1986-08-05,4.674891,4.687805,4.552207,4.578035,0.114776,1641600
1986-08-06,4.578035,4.584492,4.494094,4.526379,0.113481,743200
1986-08-07,4.513465,4.526379,4.481180,4.500551,0.112834,754800
1986-08-08,4.494094,4.494094,4.429523,4.461809,0.111862,861200
1986-08-11,4.461809,4.461809,4.416609,4.442438,0.111377,1080000
1986-08-12,4.448895,4.448895,4.397238,4.416609,0.110729,967600
1986-08-13,4.416609,4.494094,4.390781,4.487637,0.112510,5952800
1986-08-14,4.487637,4.494094,4.455351,4.487637,0.112510,3825200
1986-08-15,4.481180,4.629692,4.481180,4.623234,0.115909,4752400
1986-08-18,4.584492,4.590949,4.545750,4.584492,0.114938,1358800
1986-08-19,4.610320,4.649063,4.590949,4.616777,0.115747,5035200
1986-08-20,4.623234,4.623234,4.571578,4.571578,0.114614,2078800
1986-08-21,4.584492,4.603863,4.571578,4.590949,0.115100,1035600
1986-08-22,4.578035,4.590949,4.565121,4.571578,0.114614,632800
1986-08-25,4.578035,4.578035,4.481180,4.481180,0.112348,913600
1986-08-26,4.468266,4.532836,4.461809,4.519922,0.113319,1773200
1986-08-27,4.532836,4.571578,4.500551,4.532836,0.113643,646400
1986-08-28,4.545750,4.545750,4.487637,4.487637,0.112510,1294800
1986-08-29,4.494094,4.507008,4.448895,4.481180,0.112348,1444000
1986-09-02,4.468266,4.507008,4.455351,4.455351,0.111700,6055200
1986-09-03,4.429523,4.435980,4.377867,4.423067,0.110891,1440000
1986-09-04,4.416609,4.500551,4.410152,4.494094,0.112672,1074400
1986-09-05,4.481180,4.487637,4.364953,4.364953,0.109434,1724800
1986-09-08,4.364953,4.390781,4.222898,4.222898,0.105872,2495200
1986-09-09,4.222898,4.274555,4.203527,4.222898,0.105872,1651200
1986-09-10,4.287469,4.332668,4.255184,4.287469,0.107491,3279200
1986-09-11,4.293926,4.293926,3.996902,4.009816,0.100530,7627200
1986-09-12,4.009816,4.048559,3.887133,3.964617,0.099397,3784400
1986-09-15,3.951703,3.958160,3.900047,3.938789,0.098750,3170800
1986-09-16,3.938789,3.945246,3.861305,3.919418,0.098264,3536800
1986-09-17,3.912961,4.087301,3.906504,3.983988,0.099883,5749200
1986-09-18,3.977531,4.132500,3.977531,4.119586,0.103282,5176400
1986-09-19,4.119586,4.177699,4.055016,4.055016,0.101663,13750400
1986-09-22,4.093758,4.164785,4.048559,4.106672,0.102959,4123200
1986-09-23,4.184156,4.222898,4.158328,4.164785,0.104416,4804800
1986-09-24,4.177699,4.203527,4.145414,4.164785,0.104416,2272400
1986-09-25,4.151871,4.151871,4.016273,4.061473,0.101825,1453600
1986-09-26,4.061473,4.190613,4.061473,4.132500,0.103606,2456400
1986-09-29,4.145414,4.171242,4.029188,4.106672,0.102959,1037600
1986-09-30,4.119586,4.132500,4.080844,4.087301,0.102473,5329200
1986-10-01,4.074387,4.126043,4.074387,4.093758,0.102635,2568800
1986-10-02,4.080844,4.113129,4.055016,4.080844,0.102311,1527200
1986-10-03,4.087301,4.126043,4.042101,4.074387,0.102149,3172800
1986-10-06,4.029188,4.055016,4.009816,4.029188,0.119840,1786800
1986-10-07,4.016273,4.042101,3.996902,4.003359,0.119072,787600
1986-10-08,4.003359,4.048559,4.003359,4.016273,0.119456,3902400
1986-10-09,4.029188,4.035645,3.996902,4.022730,0.119648,2698400
1986-10-10,4.009816,4.055016,4.003359,4.029188,0.119840,1130400
1986-10-13,4.022730,4.042101,4.016273,4.022730,0.119648,189600
1986-10-14,4.029188,4.080844,4.016273,4.067930,0.120993,1459600
1986-10-15,4.087301,4.300383,4.067930,4.222898,0.125602,5253600
1986-10-16,4.190613,4.313297,4.184156,4.313297,0.128291,3062400
1986-10-17,4.300383,4.455351,4.255184,4.371410,0.130019,4022400
1986-10-20,4.352039,4.352039,4.281012,4.300383,0.127906,2181600
1986-10-21,4.293926,4.371410,4.287469,4.326211,0.128675,2142800
1986-10-22,4.313297,4.410152,4.313297,4.390781,0.130595,12209200
1986-10-23,4.377867,4.442438,4.371410,4.442438,0.132132,10035200
1986-10-24,4.455351,4.487637,4.410152,4.429523,0.131748,3097200
1986-10-27,4.429523,4.429523,4.371410,4.390781,0.130595,1654800
1986-10-28,4.390781,4.571578,4.390781,4.494094,0.133668,6012800
1986-10-29,4.481180,4.590949,4.481180,4.558664,0.135589,4134800
1986-10-30,4.571578,4.610320,4.558664,4.571578,0.135973,1838800
1986-10-31,4.539293,4.565121,4.519922,4.558664,0.135589,3648800
1986-11-03,4.558664,4.610320,4.558664,4.610320,0.137125,2537600
1986-11-04,4.603863,4.816945,4.597406,4.810488,0.143079,5939200
1986-11-05,4.816945,4.894430,4.674891,4.700719,0.139814,4605200
1986-11-06,4.694262,4.694262,4.597406,4.649063,0.138277,3006400
1986-11-07,4.636148,4.642605,4.597406,4.610320,0.137125,1072400
1986-11-10,4.519922,4.597406,4.468266,4.519922,0.134436,2465200
1986-11-11,4.532836,4.532836,4.364953,4.377867,0.130211,2209600
1986-11-12,4.390781,4.429523,4.274555,4.390781,0.130595,3153200
1986-11-13,4.364953,4.429523,4.326211,4.377867,0.130211,1533200
1986-11-14,4.352039,4.377867,4.300383,4.352039,0.129443,1117600
1986-11-17,4.339125,4.364953,4.248726,4.326211,0.128675,1791600
1986-11-18,4.339125,4.339125,4.132500,4.132500,0.122913,2787600
1986-11-19,4.132500,4.145414,4.029188,4.106672,0.122145,2179600
1986-11-20,4.106672,4.119586,4.080844,4.093758,0.121761,1752800
1986-11-21,4.106672,4.261641,4.093758,4.248726,0.126370,6079600
1986-11-24,4.287469,4.377867,4.287469,4.339125,0.129059,6396800
1986-11-25,4.377867,4.519922,4.352039,4.519922,0.134436,4636400
1986-11-26,4.507008,4.597406,4.468266,4.597406,0.136741,2525200
1986-11-28,4.597406,4.636148,4.558664,4.610320,0.137125,1660800
1986-12-01,4.597406,4.597406,4.455351,4.519922,0.134436,1963600
1986-12-02,4.532836,4.610320,4.532836,4.597406,0.136741,3364400
1986-12-03,4.597406,4.623234,4.545750,4.610320,0.137125,2148800
1986-12-04,4.610320,4.610320,4.532836,4.558664,0.135589,2250400
1986-12-05,4.532836,4.584492,4.442438,4.442438,0.132132,1124400
1986-12-08,4.390781,4.390781,4.274555,4.390781,0.130595,2228000
1986-12-09,4.377867,4.377867,4.261641,4.287469,0.127522,1720000
1986-12-10,4.313297,4.377867,4.313297,4.377867,0.130211,3950800
1986-12-11,4.390781,4.455351,4.287469,4.326211,0.128675,3808800
1986-12-12,4.364953,4.364953,4.287469,4.326211,0.128675,1402400
1986-12-15,4.326211,4.326211,4.209984,4.326211,0.128675,1631600
1986-12-16,4.390781,4.532836,4.377867,4.532836,0.134820,4274400
1986-12-17,4.571578,4.610320,4.442438,4.481180,0.133284,3042000
1986-12-18,4.481180,4.558664,4.481180,4.532836,0.134820,2445600
1986-12-19,4.532836,4.545750,4.494094,4.545750,0.135204,3706000
1986-12-22,4.494094,4.519922,4.468266,4.519922,0.134436,1185600
1986-12-23,4.519922,4.545750,4.364953,4.442438,0.132132,2153600
1986-12-24,4.390781,4.429523,4.390781,4.429523,0.131748,1492400
1986-12-26,4.455351,4.455351,4.416609,4.442438,0.132132,597200
1986-12-29,4.416609,4.455351,4.416609,4.429523,0.131748,979200
1986-12-30,4.429523,4.442438,4.403695,4.416609,0.131363,2103200
1986-12-31,4.429523,4.468266,4.403695,4.455351,0.132516,1545600
1987-01-02,4.442438,4.558664,4.442438,4.545750,0.135204,1810000
1987-01-05,4.674891,4.674891,4.571578,4.674891,0.149575,5665200
1987-01-06,4.687805,4.765289,4.687805,4.739461,0.151641,4145600
1987-01-07,4.726547,4.778203,4.726547,4.726547,0.151228,1676400
1987-01-08,4.726547,4.752375,4.661976,4.726547,0.151228,2008400
1987-01-09,4.739461,4.791117,4.713633,4.791117,0.153294,1966800
1987-01-12,4.778203,4.778203,4.687805,4.700719,0.150401,2553200
1987-01-13,4.726547,4.726547,4.649063,4.674891,0.149575,1684800
1987-01-14,4.687805,4.739461,4.636148,4.713633,0.150814,2427200
1987-01-15,4.739461,4.739461,4.649063,4.649063,0.148749,2198000
1987-01-16,4.700719,4.752375,4.674891,4.687805,0.149988,4014000
1987-01-19,4.687805,4.739461,4.636148,4.674891,0.149575,2099200
1987-01-20,4.687805,4.726547,4.661976,4.687805,0.149988,3335200
1987-01-21,4.661976,4.700719,4.649063,4.674891,0.149575,1792400
1987-01-22,4.700719,4.997742,4.700719,4.959000,0.158665,2622800
1987-01-23,5.036484,5.152711,4.804031,4.804031,0.153707,5516000
1987-01-26,4.816945,4.881516,4.791117,4.816945,0.154120,1446000
1987-01-27,4.868602,5.049398,4.868602,5.023571,0.160731,3205600
1987-01-28,5.049398,5.126883,5.010656,5.088140,0.162797,2367200
1987-01-29,5.088140,5.126883,4.933172,4.933172,0.157839,2970400
1987-01-30,4.971914,5.075227,4.959000,4.971914,0.159078,2235600
1987-02-02,4.971914,5.049398,4.946086,5.036484,0.161144,1439200
1987-02-03,5.010656,5.062313,4.933172,4.933172,0.157839,1509600
1987-02-04,4.959000,5.036484,4.881516,5.023571,0.160731,2022800
1987-02-05,5.139797,5.139797,4.959000,5.062313,0.161971,2257200
1987-02-06,5.036484,5.113969,5.036484,5.062313,0.161971,1204000
1987-02-09,5.036484,5.062313,5.010656,5.023571,0.160731,1593200
1987-02-10,4.971914,4.997742,4.855688,4.907344,0.157012,1566000
1987-02-11,4.959000,5.010656,4.920258,4.997742,0.159905,1760400
1987-02-12,5.023571,5.075227,4.984828,5.023571,0.160731,1302800
1987-02-13,5.023571,5.256023,5.010656,5.256023,0.168168,3003200
1987-02-17,5.230196,5.268938,5.178539,5.243109,0.167755,1198000
1987-02-18,5.256023,5.268938,5.075227,5.165625,0.165276,1688800
1987-02-19,5.178539,5.178539,5.075227,5.165625,0.165276,3147600
1987-02-20,5.152711,5.165625,5.101055,5.139797,0.164450,1992800
1987-02-23,5.113969,5.152711,4.971914,5.139797,0.164450,1495200
1987-02-24,5.191453,5.243109,5.191453,5.217281,0.166929,1563200
1987-02-25,5.217281,5.359336,5.204367,5.294765,0.169408,1268800
1987-02-26,5.268938,5.320594,5.230196,5.230196,0.167342,1600800
1987-02-27,5.256023,5.256023,5.178539,5.217281,0.166929,1529200
1987-03-02,5.256023,5.527219,5.230196,5.268938,0.168582,1854400
1987-03-03,5.294765,5.307680,5.268938,5.294765,0.169408,1118800
1987-03-04,5.320594,5.346422,5.243109,5.281852,0.168995,1936800
1987-03-05,5.294765,5.398078,5.281852,5.398078,0.172714,3162000
1987-03-06,5.462648,5.462648,5.320594,5.385164,0.172300,3884000
1987-03-09,5.346422,5.346422,5.243109,5.333508,0.170648,1402400
1987-03-10,5.333508,5.385164,5.307680,5.372250,0.171887,1038400
1987-03-11,5.385164,5.578875,5.268938,5.553047,0.177672,2970400
1987-03-12,5.553047,5.553047,5.423906,5.540133,0.177259,3031200
1987-03-13,5.540133,5.617617,5.488477,5.540133,0.177259,4256000
1987-03-16,5.565961,5.565961,5.410992,5.449734,0.174366,1879600
1987-03-17,5.398078,5.527219,5.398078,5.527219,0.176845,2710000
1987-03-18,5.540133,5.617617,5.423906,5.501390,0.176019,1186400
1987-03-19,5.475563,5.475563,5.423906,5.449734,0.174366,1538000
1987-03-20,5.475563,5.488477,5.423906,5.449734,0.174366,2582400
1987-03-23,5.462648,5.488477,5.423906,5.449734,0.174366,2219200
1987-03-24,5.475563,5.553047,5.462648,5.553047,0.177672,1938400
1987-03-25,5.527219,5.565961,5.501390,5.514305,0.176432,1292800
1987-03-26,5.540133,5.617617,5.540133,5.553047,0.177672,1308400
1987-03-27,5.578875,5.578875,5.372250,5.410992,0.173127,1791600
1987-03-30,5.243109,5.346422,5.243109,5.268938,0.168582,1691600
1987-03-31,5.217281,5.268938,5.139797,5.268938,0.168582,2054800
1987-04-01,5.191453,5.217281,5.113969,5.165625,0.165276,2380800
1987-04-02,5.165625,5.165625,5.139797,5.165625,0.165276,913600
1987-04-03,5.165625,5.372250,5.126883,5.372250,0.171887,3129200
1987-04-06,5.346422,5.449734,5.320594,5.346422,0.181895,2959600
1987-04-07,5.333508,5.449734,5.294765,5.294765,0.180138,1842800
1987-04-08,5.307680,5.385164,5.268938,5.320594,0.181017,2534800
1987-04-09,5.294765,5.294765,5.113969,5.113969,0.173987,3323600
1987-04-10,5.062313,5.113969,4.997742,5.023571,0.170911,2150400
1987-04-13,5.010656,5.088140,4.920258,4.920258,0.167396,1827200
1987-04-14,4.894430,4.907344,4.752375,4.816945,0.163882,2395600
1987-04-15,4.804031,4.907344,4.791117,4.881516,0.166078,1348000
1987-04-16,4.920258,4.984828,4.868602,4.868602,0.165639,1424800
1987-04-20,4.907344,4.933172,4.726547,4.778203,0.162563,2062400
1987-04-21,4.752375,4.881516,4.687805,4.881516,0.166078,3505600
1987-04-22,4.920258,4.920258,4.752375,4.752375,0.161685,1546400
1987-04-23,4.791117,4.816945,4.713633,4.739461,0.161246,1528000
1987-04-24,4.713633,4.713633,4.507008,4.545750,0.154655,1976400
1987-04-27,4.494094,4.610320,4.442438,4.558664,0.155094,3054800
1987-04-28,4.597406,4.752375,4.584492,4.687805,0.159488,1980000
1987-04-29,4.739461,4.752375,4.597406,4.661976,0.158609,3314800
1987-04-30,4.649063,4.713633,4.623234,4.687805,0.159488,5912800
1987-05-01,4.661976,4.687805,4.636148,4.661976,0.158609,4412800
1987-05-04,4.649063,4.674891,4.610320,4.649063,0.158170,3372000
1987-05-05,4.649063,4.778203,4.649063,4.778203,0.162563,6341600
1987-05-06,4.894430,4.920258,4.687805,4.894430,0.166518,6641600
1987-05-07,4.933172,4.984828,4.855688,4.907344,0.166957,3025600
1987-05-08,4.933172,4.959000,4.842773,4.855688,0.165200,2470800
1987-05-11,4.868602,4.946086,4.726547,4.739461,0.161246,2548400
1987-05-12,4.752375,4.816945,4.649063,4.649063,0.158170,3503600
1987-05-13,4.726547,5.410992,4.700719,5.268938,0.179259,7982400
1987-05-14,5.423906,5.785500,5.372250,5.591789,0.190243,14034800
1987-05-15,5.617617,5.656359,5.385164,5.527219,0.188046,8249600
1987-05-18,5.449734,5.449734,5.243109,5.346422,0.181895,4679600
1987-05-19,5.320594,5.333508,5.126883,5.178539,0.176184,4102000
1987-05-20,5.139797,5.268938,5.088140,5.165625,0.175744,4466800
1987-05-21,5.243109,5.294765,5.191453,5.243109,0.178381,2652000
1987-05-22,5.320594,5.372250,5.243109,5.268938,0.179259,2517600
1987-05-26,5.320594,5.398078,5.320594,5.398078,0.183653,3001200
1987-05-27,5.372250,5.372250,5.268938,5.320594,0.181017,2420800
1987-05-28,5.398078,5.449734,5.346422,5.449734,0.185410,3998400
1987-05-29,5.475563,5.643445,5.449734,5.578875,0.189804,5278000
1987-06-01,5.656359,5.669273,5.604703,5.617617,0.191122,3213200
1987-06-02,5.578875,5.591789,5.462648,5.565961,0.189365,2746800
1987-06-03,5.565961,5.578875,5.553047,5.578875,0.189804,1732400
1987-06-04,5.591789,5.617617,5.514305,5.591789,0.190243,2127200
1987-06-05,5.578875,5.811328,5.501390,5.733844,0.195076,2918000
1987-06-08,5.733844,5.837156,5.669273,5.759672,0.195955,2371200
1987-06-09,5.733844,5.824242,5.695102,5.720930,0.194637,2285200
1987-06-10,5.746758,5.837156,5.669273,5.759672,0.195955,3720400
1987-06-11,5.772586,5.811328,5.733844,5.759672,0.195955,2137200
1987-06-12,5.772586,5.940469,5.772586,5.914640,0.201227,3530000
1987-06-15,5.927555,5.940469,5.785500,5.837156,0.198591,2560000
1987-06-16,5.811328,6.005039,5.811328,5.953383,0.202545,3676000
1987-06-17,6.017953,6.030867,5.850070,5.875898,0.199909,1967600
1987-06-18,5.850070,5.953383,5.837156,5.888813,0.200349,1329600
1987-06-19,5.862984,5.901727,5.811328,5.824242,0.198152,4078800
1987-06-22,5.862984,6.082523,5.862984,6.005039,0.204303,5212000
1987-06-23,6.005039,6.056695,5.888813,5.927555,0.201667,3136000
1987-06-24,5.862984,5.888813,5.746758,5.798414,0.197273,2375200
1987-06-25,5.824242,5.901727,5.824242,5.888813,0.200349,1653200
1987-06-26,5.862984,5.927555,5.811328,5.850070,0.199031,848800
1987-06-29,5.824242,5.875898,5.708015,5.746758,0.195516,1278400
1987-06-30,5.837156,5.888813,5.733844,5.746758,0.195516,4461200
1987-07-01,5.733844,5.772586,5.682188,5.682188,0.193319,1864000
1987-07-02,5.733844,5.772586,5.720930,5.759672,0.195955,1473200
1987-07-06,5.656359,5.759672,5.643445,5.656359,0.206802,2885200
1987-07-07,5.656359,5.772586,5.656359,5.720930,0.209163,2228000
1987-07-08,5.695102,5.772586,5.656359,5.772586,0.211051,1785600
1987-07-09,5.798414,5.798414,5.695102,5.733844,0.209635,1622000
1987-07-10,5.759672,5.772586,5.720930,5.733844,0.209635,1022800
1987-07-13,5.759672,5.759672,5.669273,5.733844,0.209635,838000
1987-07-14,5.708015,5.798414,5.708015,5.785500,0.211524,2558000
1987-07-15,5.759672,5.785500,5.695102,5.720930,0.209163,2078000
1987-07-16,5.695102,5.772586,5.656359,5.695102,0.208219,1810000
1987-07-17,5.733844,5.746758,5.656359,5.682188,0.207747,3514400
1987-07-20,5.682188,5.682188,5.540133,5.591789,0.204441,1660000
1987-07-21,5.553047,5.578875,5.398078,5.436821,0.198776,2350000
1987-07-22,5.475563,5.527219,5.423906,5.514305,0.201609,2237600
1987-07-23,5.501390,5.527219,5.449734,5.462648,0.199720,1432400
1987-07-24,5.488477,5.553047,5.449734,5.514305,0.201609,2135200
1987-07-27,5.501390,5.630531,5.501390,5.630531,0.205858,1133200
1987-07-28,5.682188,5.746758,5.682188,5.746758,0.210107,2822400
1987-07-29,5.733844,5.953383,5.733844,5.914640,0.216245,3626800
1987-07-30,5.940469,5.992125,5.914640,5.927555,0.216717,2933600
1987-07-31,5.901727,5.966297,5.901727,5.914640,0.216245,1942400
1987-08-03,5.888813,5.940469,5.798414,5.798414,0.211996,2585200
1987-08-04,5.811328,5.824242,5.656359,5.682188,0.207747,2216400
1987-08-05,5.708015,5.798414,5.708015,5.746758,0.210107,2588000
1987-08-06,5.772586,5.772586,5.695102,5.759672,0.210579,1630800
1987-08-07,5.785500,6.017953,5.785500,5.927555,0.216717,3002400
1987-08-10,5.914640,6.160008,5.914640,6.095438,0.222855,1847600
1987-08-11,6.095438,6.185836,6.069609,6.147094,0.224744,4087200
1987-08-12,6.121265,6.147094,6.017953,6.095438,0.222855,2647200
1987-08-13,6.095438,6.121265,6.043781,6.069609,0.221911,1514800
1987-08-14,6.082523,6.082523,5.901727,5.940469,0.217190,2324000
1987-08-17,5.966297,5.979211,5.785500,5.837156,0.213412,2804800
1987-08-18,5.862984,6.017953,5.824242,6.017953,0.220023,4858000
1987-08-19,5.992125,6.198750,5.966297,6.134180,0.224272,6021200
1987-08-20,6.198750,6.353719,6.198750,6.302063,0.230410,4487200
1987-08-21,6.405375,6.418289,6.263320,6.340805,0.231826,3008000
1987-08-24,6.340805,6.379547,6.172922,6.211664,0.227105,1703200
1987-08-25,6.237492,6.327890,6.237492,6.276234,0.229466,1876800
1987-08-26,6.276234,6.289148,6.160008,6.198750,0.226633,2918000
1987-08-27,6.250406,6.276234,6.185836,6.211664,0.227105,2772800
1987-08-28,6.211664,6.224578,6.082523,6.082523,0.222383,1022000
1987-08-31,6.095438,6.108352,6.043781,6.043781,0.220967,1474000
1987-09-01,6.043781,6.121265,5.772586,5.837156,0.213412,2491200
1987-09-02,5.837156,5.837156,5.682188,5.824242,0.212940,3415600
1987-09-03,5.850070,5.875898,5.643445,5.772586,0.211051,1802000
1987-09-04,5.798414,5.824242,5.669273,5.669273,0.207274,990000
1987-09-08,5.630531,5.630531,5.514305,5.604703,0.204914,3171600
1987-09-09,5.656359,5.669273,5.578875,5.643445,0.206330,3521200
1987-09-10,5.669273,5.759672,5.656359,5.733844,0.209635,5373600
1987-09-11,5.733844,5.888813,5.733844,5.862984,0.214357,1831200
1987-09-14,5.862984,5.875898,5.772586,5.837156,0.213412,937600
1987-09-15,5.862984,5.862984,5.772586,5.798414,0.211996,1069200
1987-09-16,5.772586,5.850070,5.565961,5.759672,0.210579,1528000
1987-09-17,5.785500,5.811328,5.682188,5.772586,0.211051,1494400
1987-09-18,5.850070,5.914640,5.798414,5.914640,0.216245,2041200
1987-09-21,5.914640,5.940469,5.733844,5.733844,0.209635,1187600
1987-09-22,5.708015,5.901727,5.656359,5.862984,0.214357,1587200
1987-09-23,5.862984,5.979211,5.862984,5.888813,0.215301,2240400
1987-09-24,5.914640,5.979211,5.824242,5.875898,0.214829,1412800
1987-09-25,5.888813,5.966297,5.850070,5.875898,0.214829,1628000
1987-09-28,5.992125,6.017953,5.914640,5.940469,0.217190,2369200
1987-09-29,5.966297,6.056695,5.940469,6.043781,0.220967,2646000
1987-09-30,6.017953,6.030867,5.979211,5.992125,0.219078,1877600
1987-10-01,5.992125,6.121265,5.979211,6.095438,0.222855,2155200
1987-10-02,6.108352,6.108352,6.056695,6.108352,0.223328,3146400
1987-10-05,6.030867,6.069609,5.940469,5.992125,0.234430,1058800
1987-10-06,6.017953,6.017953,5.759672,5.759672,0.225335,2936400
1987-10-07,5.785500,5.785500,5.682188,5.733844,0.224325,1930000
1987-10-08,5.798414,5.798414,5.565961,5.643445,0.220788,1533200
1987-10-09,5.656359,5.656359,5.527219,5.540133,0.216746,1453600
1987-10-12,5.514305,5.514305,5.398078,5.423906,0.212199,2641200
1987-10-13,5.501390,5.565961,5.488477,5.553047,0.217251,3484400
1987-10-14,5.578875,5.578875,5.436821,5.514305,0.215736,2298800
1987-10-15,5.436821,5.436821,5.191453,5.191453,0.203105,2990800
1987-10-16,5.088140,5.101055,4.855688,4.946086,0.193505,10467200
1987-10-19,4.235813,4.881516,4.209984,4.636148,0.181380,11071200
1987-10-20,4.649063,4.829859,4.261641,4.726547,0.184916,8624000
1987-10-21,4.984828,5.088140,4.855688,5.062313,0.198052,5732000
1987-10-22,4.364953,4.881516,4.364953,4.855688,0.189969,6760000
1987-10-23,4.778203,4.881516,4.623234,4.752375,0.185927,2281200
1987-10-26,4.442438,4.571578,4.326211,4.339125,0.169759,3224000
1987-10-27,4.649063,4.661976,4.442438,4.494094,0.175822,3450400
1987-10-28,4.494094,4.752375,4.390781,4.649063,0.181885,2518400
1987-10-29,4.752375,5.101055,4.752375,4.959000,0.194011,4234400
1987-10-30,4.984828,5.101055,4.984828,5.062313,0.198052,4508400
1987-11-02,5.062313,5.088140,4.971914,5.036484,0.197042,1275600
1987-11-03,5.049398,5.049398,4.661976,4.881516,0.190979,2951200
1987-11-04,4.855688,4.881516,4.778203,4.829859,0.188958,2316000
1987-11-05,4.804031,4.959000,4.791117,4.933172,0.193000,2822400
1987-11-06,4.959000,5.075227,4.868602,4.881516,0.190979,1701600
1987-11-09,4.829859,4.829859,4.713633,4.816945,0.188453,1744000
1987-11-10,4.700719,4.739461,4.597406,4.700719,0.183906,3266400
1987-11-11,4.700719,4.816945,4.674891,4.804031,0.187948,2242400
1987-11-12,4.881516,4.959000,4.816945,4.855688,0.189969,2010400
1987-11-13,4.855688,4.894430,4.816945,4.829859,0.188958,1428400
1987-11-16,4.855688,4.907344,4.649063,4.739461,0.185422,2454400
1987-11-17,4.713633,4.726547,4.623234,4.636148,0.181380,1521200
1987-11-18,4.661976,4.739461,4.610320,4.700719,0.183906,2798000
1987-11-19,4.726547,4.739461,4.636148,4.687805,0.183401,1990000
1987-11-20,4.649063,4.713633,4.597406,4.674891,0.182895,1495200
1987-11-23,4.674891,4.700719,4.610320,4.636148,0.181380,953200
1987-11-24,4.661976,4.765289,4.661976,4.726547,0.184916,3182400
1987-11-25,4.739461,4.752375,4.687805,4.687805,0.183401,1006400
1987-11-27,4.661976,4.661976,4.597406,4.610320,0.180369,1275600
1987-11-30,4.494094,4.545750,4.442438,4.545750,0.177843,2839600
1987-12-01,4.571578,4.623234,4.532836,4.532836,0.177338,1186400
1987-12-02,4.519922,4.545750,4.494094,4.507008,0.176327,1188400
1987-12-03,4.494094,4.519922,4.339125,4.339125,0.169759,1651200
1987-12-04,4.339125,4.390781,4.287469,4.352039,0.170265,1945200
1987-12-07,4.339125,4.455351,4.339125,4.455351,0.174306,3480400
1987-12-08,4.468266,4.623234,4.442438,4.623234,0.180875,2260000
1987-12-09,4.623234,4.739461,4.571578,4.739461,0.185422,3808800
1987-12-10,4.649063,4.700719,4.610320,4.610320,0.180369,2207600
1987-12-11,4.597406,4.739461,4.584492,4.726547,0.184916,2313200
1987-12-14,4.687805,4.752375,4.649063,4.739461,0.185422,2478800
1987-12-15,4.739461,4.881516,4.726547,4.855688,0.189969,5165600
1987-12-16,4.881516,4.984828,4.881516,4.984828,0.195021,2864800
1987-12-17,4.997742,5.049398,4.946086,4.946086,0.193505,12794800
1987-12-18,5.036484,5.049398,4.971914,5.036484,0.197042,3408000
1987-12-21,5.036484,5.113969,5.036484,5.062313,0.198052,1834000
1987-12-22,5.088140,5.139797,5.062313,5.113969,0.200073,3932400
1987-12-23,5.126883,5.191453,5.126883,5.165625,0.202094,2138800
1987-12-24,5.152711,5.178539,5.139797,5.165625,0.202094,672400
1987-12-28,5.139797,5.139797,5.036484,5.049398,0.197547,5510400
1987-12-29,5.049398,5.062313,5.036484,5.036484,0.197042,491600
1987-12-30,5.049398,5.126883,5.023571,5.062313,0.198052,1669600
1987-12-31,5.062313,5.139797,5.049398,5.126883,0.200579,1330800
1988-01-04,5.101055,5.217281,5.101055,5.178539,0.219744,1720800
1988-01-05,5.256023,5.346422,5.230196,5.268938,0.223580,1552400
1988-01-06,5.256023,5.294765,5.139797,5.204367,0.220840,2811600
1988-01-07,5.191453,5.410992,5.126883,5.398078,0.229060,6284800
1988-01-08,5.372250,5.449734,5.062313,5.101055,0.216456,4684800
1988-01-11,5.152711,5.191453,4.984828,5.062313,0.214812,3436000
1988-01-12,5.062313,5.062313,4.881516,4.881516,0.207140,4708000
1988-01-13,4.907344,4.997742,4.881516,4.959000,0.210428,2157200
1988-01-14,4.959000,5.010656,4.907344,4.959000,0.210428,1496400
1988-01-15,5.062313,5.113969,5.062313,5.075227,0.215360,1564000
1988-01-18,5.088140,5.165625,5.088140,5.139797,0.218100,892400
1988-01-19,5.113969,5.126883,5.036484,5.036484,0.213716,1939600
1988-01-20,5.062313,5.075227,4.971914,5.062313,0.214812,3034400
1988-01-21,5.088140,5.088140,4.933172,4.997742,0.212072,2117600
1988-01-22,5.023571,5.023571,4.946086,4.997742,0.212072,1024000
1988-01-25,5.023571,5.088140,5.010656,5.075227,0.215360,2423600
1988-01-26,5.010656,5.088140,5.010656,5.062313,0.214812,2366400
1988-01-27,5.036484,5.113969,5.010656,5.023571,0.213168,2080800
1988-01-28,5.062313,5.152711,5.062313,5.152711,0.218648,1763200
1988-01-29,5.165625,5.191453,5.126883,5.191453,0.220292,1423600
1988-02-01,5.204367,5.217281,5.126883,5.126883,0.217552,980400
1988-02-02,5.101055,5.152711,5.062313,5.152711,0.218648,2587200
1988-02-03,5.152711,5.152711,5.010656,5.023571,0.213168,1758400
1988-02-04,5.023571,5.075227,4.959000,5.010656,0.212620,2480800
1988-02-05,5.036484,5.049398,4.946086,4.997742,0.212072,1429600
1988-02-08,4.971914,5.010656,4.920258,4.984828,0.211524,966800
1988-02-09,4.997742,5.049398,4.971914,5.036484,0.213716,826400
1988-02-10,5.023571,5.152711,4.997742,5.152711,0.218648,1770000
1988-02-11,5.165625,5.217281,5.126883,5.152711,0.218648,2942400
1988-02-12,5.178539,5.191453,5.139797,5.165625,0.219196,1401200
1988-02-16,5.152711,5.217281,5.139797,5.204367,0.220840,730400
1988-02-17,5.256023,5.294765,5.204367,5.204367,0.220840,1331600
1988-02-18,5.217281,5.230196,5.165625,5.191453,0.220292,887200
1988-02-19,5.165625,5.178539,5.126883,5.178539,0.219744,1261200
1988-02-22,5.191453,5.268938,5.139797,5.243109,0.222484,1800000
1988-02-23,5.243109,5.243109,5.165625,5.204367,0.220840,1856400
1988-02-24,5.204367,5.204367,5.101055,5.101055,0.216456,4721200
1988-02-25,5.088140,5.126883,4.971914,5.049398,0.214264,2954800
1988-02-26,5.036484,5.088140,4.997742,5.062313,0.214812,2506800
1988-02-29,5.062313,5.204367,5.049398,5.191453,0.220292,3003200
1988-03-01,5.217281,5.217281,5.139797,5.139797,0.218100,1925200
1988-03-02,5.165625,5.230196,5.152711,5.152711,0.218648,2219200
1988-03-03,5.152711,5.178539,5.113969,5.178539,0.219744,2011200
1988-03-04,5.152711,5.243109,5.126883,5.230196,0.221936,2204800
1988-03-07,5.204367,5.217281,5.165625,5.217281,0.221388,1126400
1988-03-08,5.191453,5.256023,5.191453,5.256023,0.223032,1876800
1988-03-09,5.243109,5.268938,5.217281,5.256023,0.223032,2318000
1988-03-10,5.230196,5.256023,5.075227,5.088140,0.215908,1064400
1988-03-11,5.113969,5.126883,5.036484,5.088140,0.215908,2659600
1988-03-14,5.101055,5.139797,5.088140,5.126883,0.217552,990800
1988-03-15,5.152711,5.256023,5.126883,5.178539,0.219744,1337600
1988-03-16,5.191453,5.204367,5.088140,5.165625,0.219196,12882000
1988-03-17,5.178539,5.307680,5.139797,5.307680,0.225224,7876000
1988-03-18,5.307680,5.307680,5.165625,5.204367,0.220840,8176800
1988-03-21,5.243109,5.243109,5.126883,5.165625,0.219196,932800
1988-03-22,5.152711,5.178539,5.113969,5.126883,0.217552,1528000
1988-03-23,5.126883,5.126883,5.075227,5.075227,0.215360,3203600
1988-03-24,5.075227,5.075227,4.920258,4.971914,0.210976,2472000
1988-03-25,4.971914,4.971914,4.752375,4.829859,0.204948,1570800
1988-03-28,4.804031,4.894430,4.804031,4.881516,0.207140,2578400
1988-03-29,4.855688,4.971914,4.855688,4.971914,0.210976,703600
1988-03-30,4.971914,5.036484,4.933172,4.933172,0.209332,1584400
1988-03-31,4.920258,4.920258,4.868602,4.907344,0.208236,1215600
1988-04-04,4.855688,4.855688,4.726547,4.765289,0.220153,3213200
1988-04-05,4.778203,4.829859,4.778203,4.829859,0.223136,1446800
1988-04-06,4.842773,4.984828,4.791117,4.984828,0.230296,3346000
1988-04-07,4.997742,5.088140,4.984828,5.036484,0.232682,6369600
1988-04-08,5.010656,5.023571,4.959000,5.023571,0.232086,1497200
1988-04-11,5.049398,5.062313,5.010656,5.023571,0.232086,1079200
1988-04-12,5.010656,5.023571,4.959000,5.010656,0.231489,6421200
1988-04-13,4.997742,5.010656,4.920258,4.959000,0.229103,1566000
1988-04-14,4.907344,4.907344,4.752375,4.816945,0.222540,2611200
1988-04-15,4.842773,4.842773,4.739461,4.778203,0.220750,3522000
1988-04-18,4.752375,4.778203,4.726547,4.765289,0.220153,1483600
1988-04-19,4.791117,4.842773,4.752375,4.752375,0.219557,2166000
1988-04-20,4.752375,4.765289,4.700719,4.700719,0.217170,4426000
1988-04-21,4.726547,4.804031,4.700719,4.739461,0.218960,1309600
1988-04-22,4.752375,4.816945,4.752375,4.816945,0.222540,2143600
1988-04-25,4.816945,4.868602,4.816945,4.868602,0.224926,1002400
1988-04-26,4.855688,4.959000,4.855688,4.907344,0.226716,2746000
1988-04-27,4.946086,4.959000,4.894430,4.933172,0.227909,1324800
1988-04-28,4.920258,4.946086,4.855688,4.855688,0.224329,430400
1988-04-29,4.881516,4.881516,4.765289,4.804031,0.221943,614400
1988-05-02,4.804031,4.816945,4.778203,4.804031,0.221943,872000
1988-05-03,4.816945,4.868602,4.804031,4.829859,0.223136,702400
1988-05-04,4.829859,4.829859,4.752375,4.752375,0.219557,712400
1988-05-05,4.765289,4.791117,4.661976,4.713633,0.217767,1790400
1988-05-06,4.739461,4.778203,4.713633,4.713633,0.217767,1548400
1988-05-09,4.700719,4.700719,4.584492,4.610320,0.212994,1444800
1988-05-10,4.584492,4.623234,4.571578,4.597406,0.212397,1603600
1988-05-11,4.584492,4.584492,4.468266,4.468266,0.206431,1478000
1988-05-12,4.494094,4.507008,4.455351,4.455351,0.205834,1958800
1988-05-13,4.481180,4.519922,4.468266,4.481180,0.207028,2380800
1988-05-16,4.494094,4.597406,4.468266,4.597406,0.212397,1527200
1988-05-17,4.649063,4.661976,4.494094,4.545750,0.210011,2518400
1988-05-18,4.571578,4.623234,4.468266,4.532836,0.209414,3373200
1988-05-19,4.532836,4.597406,4.494094,4.597406,0.212397,5872400
1988-05-20,4.610320,4.804031,4.610320,4.752375,0.219557,5758000
1988-05-23,4.765289,4.791117,4.700719,4.752375,0.219557,2698400
1988-05-24,4.752375,4.816945,4.752375,4.778203,0.220750,2306400
1988-05-25,4.765289,4.804031,4.713633,4.713633,0.217767,3680000
1988-05-26,4.739461,4.778203,4.674891,4.713633,0.217767,769200
1988-05-27,4.687805,4.752375,4.674891,4.726547,0.218363,2316000
1988-05-31,4.713633,4.868602,4.713633,4.868602,0.224926,773200
1988-06-01,4.894430,5.036484,4.868602,5.010656,0.231489,4533600
1988-06-02,5.036484,5.036484,4.933172,4.946086,0.228506,1107200
1988-06-03,4.946086,4.997742,4.933172,4.971914,0.229699,617200
1988-06-06,4.971914,4.984828,4.894430,4.907344,0.226716,664800
1988-06-07,4.907344,4.971914,4.868602,4.971914,0.229699,4151200
1988-06-08,4.959000,5.036484,4.959000,5.010656,0.231489,2061600
1988-06-09,5.010656,5.023571,4.984828,4.984828,0.230296,2138800
1988-06-10,4.971914,4.997742,4.933172,4.946086,0.228506,2753600
1988-06-13,4.920258,4.971914,4.907344,4.946086,0.228506,3880400
1988-06-14,4.971914,5.062313,4.971914,5.023571,0.232086,6098800
1988-06-15,5.010656,5.049398,5.010656,5.036484,0.232682,1953200
1988-06-16,5.023571,5.023571,4.920258,4.933172,0.227909,2217200
1988-06-17,4.946086,4.946086,4.855688,4.855688,0.224329,3592000
1988-06-20,4.829859,4.829859,4.765289,4.778203,0.220750,2036400
1988-06-21,4.842773,4.855688,4.752375,4.804031,0.221943,2362400
1988-06-22,4.855688,4.907344,4.816945,4.907344,0.226716,2739200
1988-06-23,4.907344,4.907344,4.804031,4.855688,0.224329,1757600
1988-06-24,4.868602,4.894430,4.804031,4.804031,0.221943,1412000
1988-06-27,4.791117,4.804031,4.726547,4.726547,0.218363,1087600
1988-06-28,4.726547,4.829859,4.713633,4.791117,0.221346,2364400
1988-06-29,4.816945,4.816945,4.739461,4.778203,0.220750,990800
1988-06-30,4.765289,4.842773,4.765289,4.842773,0.223733,1498000
1988-07-01,4.765289,4.778203,4.726547,4.726547,0.241834,1190400
1988-07-05,4.726547,4.804031,4.713633,4.804031,0.245798,878800
1988-07-06,4.804031,4.842773,4.674891,4.700719,0.240512,1536000
1988-07-07,4.700719,4.726547,4.674891,4.726547,0.241834,2984000
1988-07-08,4.713633,4.726547,4.687805,4.713633,0.241173,2997600
1988-07-11,4.687805,4.752375,4.687805,4.726547,0.241834,1298000
1988-07-12,4.752375,4.752375,4.687805,4.687805,0.239851,1337600
1988-07-13,4.713633,4.713633,4.636148,4.700719,0.240512,4033200
1988-07-14,4.726547,4.765289,4.726547,4.752375,0.243155,2221200
1988-07-15,4.804031,4.855688,4.804031,4.842773,0.247781,4517200
1988-07-18,4.842773,4.855688,4.765289,4.791117,0.245137,1354800
1988-07-19,4.791117,4.804031,4.778203,4.791117,0.245137,1356000
1988-07-20,4.791117,4.804031,4.778203,4.791117,0.245137,1275600
1988-07-21,4.791117,4.804031,4.778203,4.778203,0.244477,1106000
1988-07-22,4.778203,4.791117,4.752375,4.752375,0.243155,1634800
1988-07-25,4.765289,4.765289,4.739461,4.752375,0.243155,1294800
1988-07-26,4.765289,4.765289,4.713633,4.765289,0.243816,1006400
1988-07-27,4.765289,4.829859,4.765289,4.804031,0.245798,2160400
1988-07-28,4.855688,4.881516,4.842773,4.855688,0.248441,2179600
1988-07-29,4.868602,4.946086,4.855688,4.907344,0.251084,3318800
1988-08-01,4.946086,4.971914,4.920258,4.959000,0.253727,2472800
1988-08-02,4.959000,5.088140,4.959000,5.075227,0.259674,2643200
1988-08-03,5.101055,5.281852,5.088140,5.243109,0.268264,8418000
1988-08-04,5.281852,5.281852,5.152711,5.152711,0.263638,3540400
1988-08-05,5.152711,5.152711,5.088140,5.113969,0.261656,2846400
1988-08-08,5.113969,5.126883,5.101055,5.101055,0.260995,982400
1988-08-09,5.088140,5.088140,5.049398,5.049398,0.258352,1516400
1988-08-10,5.062313,5.075227,5.010656,5.023571,0.257031,2298800
1988-08-11,5.023571,5.062313,5.010656,5.062313,0.259013,1332800
1988-08-12,5.088140,5.088140,5.049398,5.062313,0.259013,1349200
1988-08-15,5.062313,5.062313,4.997742,4.997742,0.255710,1680000
1988-08-16,5.023571,5.062313,4.997742,5.023571,0.257031,2465200
1988-08-17,5.023571,5.191453,5.023571,5.165625,0.264299,3585200
1988-08-18,5.178539,5.256023,5.165625,5.165625,0.264299,3399200
1988-08-19,5.191453,5.230196,5.191453,5.217281,0.266942,2063600
1988-08-22,5.243109,5.256023,5.165625,5.191453,0.265621,2205600
1988-08-23,5.217281,5.217281,5.126883,5.152711,0.263638,1945200
1988-08-24,5.152711,5.152711,5.113969,5.152711,0.263638,1668400
1988-08-25,5.126883,5.139797,5.101055,5.113969,0.261656,1147600
1988-08-26,5.101055,5.126883,5.101055,5.101055,0.260995,658000
1988-08-29,5.126883,5.178539,5.126883,5.152711,0.263638,1281200
1988-08-30,5.165625,5.165625,5.126883,5.139797,0.262978,2434000
1988-08-31,5.152711,5.165625,5.126883,5.139797,0.262978,1084800
1988-09-01,5.139797,5.139797,5.023571,5.036484,0.257692,1564800
1988-09-02,5.049398,5.178539,5.049398,5.178539,0.264960,2795200
1988-09-06,5.204367,5.256023,5.204367,5.217281,0.266942,2717600
1988-09-07,5.268938,5.294765,5.256023,5.281852,0.270246,2028400
1988-09-08,5.281852,5.320594,5.230196,5.256023,0.268924,2636400
1988-09-09,5.204367,5.256023,5.178539,5.243109,0.268264,1013200
1988-09-12,5.243109,5.243109,5.217281,5.230196,0.267603,908800
1988-09-13,5.217281,5.256023,5.191453,5.243109,0.268264,2076000
1988-09-14,5.243109,5.281852,5.217281,5.243109,0.268264,2102000
1988-09-15,5.243109,5.281852,5.217281,5.217281,0.266942,1384800
1988-09-16,5.191453,5.243109,5.178539,5.243109,0.268264,1967600
1988-09-19,5.230196,5.243109,5.204367,5.230196,0.267603,874800
1988-09-20,5.217281,5.268938,5.217281,5.256023,0.268924,1212800
1988-09-21,5.268938,5.281852,5.230196,5.256023,0.268924,1142000
1988-09-22,5.268938,5.294765,5.230196,5.256023,0.268924,1484800
1988-09-23,5.230196,5.268938,5.230196,5.243109,0.268264,915600
1988-09-26,5.243109,5.256023,5.178539,5.191453,0.265621,1131200
1988-09-27,5.165625,5.204367,5.152711,5.178539,0.264960,578800
1988-09-28,5.178539,5.217281,5.178539,5.217281,0.266942,908800
1988-09-29,5.217281,5.268938,5.217281,5.256023,0.268924,894000
1988-09-30,5.268938,5.333508,5.243109,5.320594,0.272228,2892000
1988-10-03,5.268938,5.307680,5.243109,5.281852,0.296431,2132000
1988-10-04,5.398078,5.423906,5.346422,5.372250,0.301505,5107600
1988-10-05,5.410992,5.462648,5.385164,5.436821,0.305129,2290800
1988-10-06,5.436821,5.514305,5.436821,5.449734,0.305853,3002400
1988-10-07,5.475563,5.527219,5.449734,5.501390,0.308753,3438000
1988-10-10,5.514305,5.540133,5.475563,5.475563,0.307303,2852400
1988-10-11,5.462648,5.527219,5.436821,5.527219,0.310202,1432400
1988-10-12,5.514305,5.514305,5.423906,5.423906,0.304404,1022800
1988-10-13,5.398078,5.449734,5.385164,5.398078,0.302954,863200
1988-10-14,5.423906,5.475563,5.398078,5.423906,0.304404,1302800
1988-10-17,5.423906,5.449734,5.410992,5.410992,0.303679,756800
1988-10-18,5.540133,5.643445,5.527219,5.630531,0.316000,4634400
1988-10-19,5.656359,5.720930,5.604703,5.630531,0.316000,5220000
1988-10-20,5.630531,5.733844,5.527219,5.733844,0.321798,5245200
1988-10-21,5.733844,5.772586,5.708015,5.746758,0.322523,4454400
1988-10-24,5.746758,5.992125,5.733844,5.966297,0.334844,4712800
1988-10-25,5.888813,5.914640,5.785500,5.811328,0.326147,3131200
1988-10-26,5.824242,5.824242,5.578875,5.578875,0.313101,2928800
1988-10-27,5.449734,5.527219,5.281852,5.514305,0.309477,4124000
1988-10-28,5.553047,5.617617,5.488477,5.488477,0.308028,2038400
1988-10-31,5.540133,5.604703,5.514305,5.565961,0.312377,2113600
1988-11-01,5.565961,5.578875,5.540133,5.578875,0.313101,888400
1988-11-02,5.591789,5.656359,5.565961,5.656359,0.317450,2235600
1988-11-03,5.669273,5.682188,5.656359,5.656359,0.317450,1990000
1988-11-04,5.630531,5.669273,5.617617,5.630531,0.316000,1684000
1988-11-07,5.604703,5.604703,5.462648,5.462648,0.306578,1298000
1988-11-08,5.475563,5.514305,5.462648,5.501390,0.308753,969600
1988-11-09,5.501390,5.501390,5.385164,5.398078,0.302954,900800
1988-11-10,5.385164,5.423906,5.372250,5.372250,0.301505,760400
1988-11-11,5.372250,5.372250,5.217281,5.230196,0.293532,1584400
1988-11-14,5.268938,5.281852,5.178539,5.191453,0.291358,994000
1988-11-15,5.217281,5.230196,5.152711,5.152711,0.289184,2404000
1988-11-16,5.152711,5.204367,5.062313,5.139797,0.288459,2372400
1988-11-17,5.165625,5.256023,5.152711,5.256023,0.294982,1294800
1988-11-18,5.268938,5.346422,5.243109,5.320594,0.298606,847600
1988-11-21,5.294765,5.294765,5.217281,5.243109,0.294257,1125600
1988-11-22,5.217281,5.256023,5.204367,5.243109,0.294257,1202000
1988-11-23,5.268938,5.281852,5.217281,5.281852,0.296431,567200
1988-11-25,5.256023,5.256023,5.178539,5.178539,0.290633,450800
1988-11-28,5.191453,5.217281,5.152711,5.191453,0.291358,936800
1988-11-29,5.204367,5.230196,5.178539,5.217281,0.292808,1301600
1988-11-30,5.243109,5.398078,5.230196,5.398078,0.302954,1494400
1988-12-01,5.410992,5.436821,5.320594,5.333508,0.299330,855600
1988-12-02,5.359336,5.398078,5.346422,5.346422,0.300055,904800
1988-12-05,5.372250,5.398078,5.294765,5.320594,0.298606,1846800
1988-12-06,5.320594,5.346422,5.256023,5.333508,0.299330,1551600
1988-12-07,5.320594,5.410992,5.307680,5.410992,0.303679,1126400
1988-12-08,5.423906,5.423906,5.333508,5.333508,0.299330,673600
1988-12-09,5.320594,5.423906,5.320594,5.398078,0.302954,1015200
1988-12-12,5.423906,5.423906,5.281852,5.281852,0.296431,1068400
1988-12-13,5.256023,5.256023,5.178539,5.217281,0.292808,1478000
1988-12-14,5.230196,5.307680,5.204367,5.268938,0.295707,2003600
1988-12-15,5.256023,5.256023,5.191453,5.191453,0.291358,520400
1988-12-16,5.191453,5.230196,5.191453,5.230196,0.293532,2278400
1988-12-19,5.243109,5.307680,5.230196,5.307680,0.297881,1441200
1988-12-20,5.398078,5.410992,5.359336,5.398078,0.302954,3392400
1988-12-21,5.385164,5.449734,5.385164,5.449734,0.305853,1949200
1988-12-22,5.449734,5.475563,5.423906,5.475563,0.307303,1675200
1988-12-23,5.475563,5.475563,5.436821,5.462648,0.306578,346400
1988-12-27,5.462648,5.462648,5.398078,5.410992,0.303679,518800
1988-12-28,5.423906,5.436821,5.359336,5.436821,0.305129,1137200
1988-12-29,5.449734,5.462648,5.372250,5.398078,0.302954,1637600
1988-12-30,5.410992,5.410992,5.359336,5.359336,0.300780,602000
1989-01-03,5.359336,5.372250,5.217281,5.281852,0.296431,2147600
1989-01-04,5.256023,5.294765,5.204367,5.281852,0.325385,2125200
1989-01-05,5.281852,5.398078,5.281852,5.346422,0.329363,2308400
1989-01-06,5.372250,5.398078,5.333508,5.333508,0.328568,1206000
1989-01-09,5.333508,5.398078,5.333508,5.372250,0.330954,2422400
1989-01-10,5.398078,5.398078,5.359336,5.398078,0.332546,1396400
1989-01-11,5.423906,5.565961,5.423906,5.565961,0.342888,2972400
1989-01-12,5.578875,5.708015,5.578875,5.669273,0.349252,4156000
1989-01-13,5.682188,5.695102,5.617617,5.656359,0.348457,1877600
1989-01-16,5.656359,5.682188,5.604703,5.617617,0.346070,743200
1989-01-17,5.604703,5.669273,5.591789,5.669273,0.349252,2294800
1989-01-18,5.669273,5.733844,5.643445,5.720930,0.352435,2373200
1989-01-19,5.695102,5.708015,5.669273,5.682188,0.350048,1799200
1989-01-20,5.656359,5.708015,5.656359,5.682188,0.350048,1176000
1989-01-23,5.682188,5.695102,5.604703,5.604703,0.345275,808800
1989-01-24,5.617617,5.630531,5.565961,5.565961,0.342888,3079600
1989-01-25,5.578875,5.578875,5.527219,5.540133,0.341297,2153600
1989-01-26,5.514305,5.604703,5.514305,5.578875,0.343684,4409600
1989-01-27,5.591789,5.682188,5.591789,5.630531,0.346866,2724400
1989-01-30,5.656359,5.733844,5.643445,5.682188,0.350048,2033600
1989-01-31,5.708015,5.772586,5.682188,5.772586,0.355617,1414800
1989-02-01,5.772586,5.837156,5.746758,5.837156,0.359595,2247200
1989-02-02,5.862984,5.940469,5.798414,5.798414,0.357208,2186400
1989-02-03,5.798414,5.811328,5.720930,5.746758,0.354026,1199200
1989-02-06,5.772586,5.798414,5.746758,5.759672,0.354821,2249200
1989-02-07,5.759672,5.875898,5.733844,5.824242,0.358799,3840400
1989-02-08,5.850070,5.850070,5.759672,5.772586,0.355617,2404000
1989-02-09,5.759672,5.772586,5.720930,5.746758,0.354026,1216400
1989-02-10,5.746758,5.746758,5.708015,5.708015,0.351639,932000
1989-02-13,5.682188,5.733844,5.630531,5.630531,0.346866,2212400
1989-02-14,5.656359,5.708015,5.643445,5.682188,0.350048,1576400
1989-02-15,5.669273,5.708015,5.656359,5.669273,0.349252,1705200
1989-02-16,5.656359,5.682188,5.630531,5.643445,0.347661,1345200
1989-02-17,5.682188,5.708015,5.656359,5.682188,0.350048,1826400
1989-02-21,5.708015,5.798414,5.708015,5.708015,0.351639,1682000
1989-02-22,5.720930,5.720930,5.591789,5.656359,0.348457,1828400
1989-02-23,5.630531,5.669273,5.617617,5.643445,0.347661,3065200
1989-02-24,5.630531,5.643445,5.540133,5.553047,0.342092,1264800
1989-02-27,5.578875,5.643445,5.565961,5.630531,0.346866,932800
1989-02-28,5.656359,5.695102,5.643445,5.695102,0.350844,2074000
1989-03-01,5.733844,5.746758,5.682188,5.708015,0.351639,1382800
1989-03-02,5.733844,5.785500,5.720930,5.772586,0.355617,1328000
1989-03-03,5.824242,5.875898,5.824242,5.850070,0.360390,2127200
1989-03-06,5.850070,5.914640,5.811328,5.901727,0.363573,1389600
1989-03-07,5.914640,5.914640,5.850070,5.862984,0.361186,1070400
1989-03-08,5.862984,5.966297,5.862984,5.888813,0.362777,1473200
1989-03-09,5.888813,5.901727,5.850070,5.875898,0.361982,732400
1989-03-10,5.875898,5.901727,5.837156,5.888813,0.362777,1932800
1989-03-13,5.888813,5.966297,5.888813,5.940469,0.365959,1458400
1989-03-14,5.966297,5.979211,5.901727,5.940469,0.365959,1582400
1989-03-15,5.953383,6.043781,5.940469,6.043781,0.372324,2881200
1989-03-16,6.069609,6.121265,6.056695,6.095438,0.375506,2025600
1989-03-17,5.966297,5.979211,5.888813,5.966297,0.367551,3800800
1989-03-20,5.979211,5.979211,5.875898,5.888813,0.362777,1890000
1989-03-21,5.914640,5.940469,5.888813,5.940469,0.365959,1286000
1989-03-22,5.927555,6.017953,5.927555,5.979211,0.368346,1330800
1989-03-23,5.979211,5.979211,5.927555,5.966297,0.367551,2270400
1989-03-27,5.979211,5.979211,5.940469,5.966297,0.367551,926000
1989-03-28,5.966297,6.069609,5.966297,6.056695,0.373119,1731600
1989-03-29,6.082523,6.108352,6.056695,6.069609,0.373915,1676400
1989-03-30,6.082523,6.172922,6.069609,6.121265,0.377097,2296800
1989-03-31,6.121265,6.160008,6.095438,6.121265,0.377097,2412000
1989-04-03,6.134180,6.160008,6.095438,6.121265,0.377097,1238800
1989-04-04,6.095438,6.185836,6.082523,6.185836,0.412768,1570800
1989-04-05,6.198750,6.211664,6.185836,6.198750,0.413630,1940400
1989-04-06,6.172922,6.211664,6.147094,6.172922,0.411906,2426400
1989-04-07,6.172922,6.289148,6.147094,6.276234,0.418800,2506800
1989-04-10,6.289148,6.327890,6.289148,6.302063,0.420523,2309200
1989-04-11,6.314977,6.444117,6.289148,6.431203,0.429141,2789200
1989-04-12,6.431203,6.508687,6.431203,6.469945,0.431726,2570800
1989-04-13,6.469945,6.482860,6.392461,6.418289,0.428279,2096400
1989-04-14,6.457031,6.482860,6.444117,6.482860,0.432588,1478000
1989-04-17,6.482860,6.508687,6.457031,6.469945,0.431726,1288000
1989-04-18,6.457031,6.508687,6.444117,6.482860,0.432588,1928000
1989-04-19,6.444117,6.547430,6.444117,6.534516,0.436035,2962800
1989-04-20,6.586172,6.599086,6.534516,6.586172,0.439482,1612400
1989-04-21,6.586172,6.624914,6.586172,6.612000,0.441205,854400
1989-04-24,6.586172,6.599086,6.547430,6.573258,0.438620,1620000
1989-04-25,6.547430,6.560344,6.495773,6.521602,0.435173,3104800
1989-04-26,6.508687,6.508687,6.444117,6.482860,0.432588,1354000
1989-04-27,6.482860,6.521602,6.405375,6.444117,0.430003,2050000
1989-04-28,6.444117,6.444117,6.392461,6.418289,0.428279,685200
1989-05-01,6.418289,6.418289,6.379547,6.418289,0.428279,1054000
1989-05-02,6.405375,6.457031,6.340805,6.418289,0.428279,1716000
1989-05-03,6.418289,6.469945,6.392461,6.444117,0.430003,1434400
1989-05-04,6.444117,6.444117,6.379547,6.392461,0.426556,1533200
1989-05-05,6.405375,6.418289,6.392461,6.405375,0.427417,1416000
1989-05-08,6.392461,6.405375,6.366633,6.405375,0.427417,857200
1989-05-09,6.405375,6.457031,6.392461,6.418289,0.428279,1341200
1989-05-10,6.418289,6.418289,6.392461,6.392461,0.426556,857200
1989-05-11,6.405375,6.469945,6.405375,6.444117,0.430003,2250400
1989-05-12,6.508687,6.728227,6.508687,6.715312,0.448099,1751600
1989-05-15,6.689485,6.689485,6.650742,6.689485,0.446375,1370400
1989-05-16,6.676570,6.702398,6.663656,6.676570,0.445514,1626000
1989-05-17,6.715312,6.818625,6.715312,6.818625,0.454993,1946400
1989-05-18,6.792797,6.792797,6.741141,6.766969,0.451546,1586400
1989-05-19,6.779883,6.870281,6.779883,6.857367,0.457578,1470000
1989-05-22,6.883195,6.973594,6.844453,6.973594,0.465333,1388000
1989-05-23,6.934852,6.999422,6.870281,6.870281,0.458440,1114800
1989-05-24,6.870281,6.896110,6.857367,6.896110,0.460163,1186400
1989-05-25,6.883195,6.909023,6.870281,6.896110,0.460163,905600
1989-05-26,6.883195,6.973594,6.870281,6.973594,0.465333,771200
1989-05-30,6.947766,6.960680,6.844453,6.857367,0.457578,3056400
1989-05-31,6.844453,6.857367,6.754055,6.766969,0.451546,1823200
1989-06-01,6.741141,6.909023,6.728227,6.909023,0.461025,1428400
1989-06-02,6.921937,7.115648,6.921937,7.063992,0.471366,1483600
1989-06-05,7.038164,7.102735,6.999422,7.025250,0.468780,1110000
1989-06-06,7.025250,7.089820,6.999422,7.089820,0.473089,914400
1989-06-07,7.076906,7.102735,7.012336,7.089820,0.473089,1121600
1989-06-08,7.076906,7.089820,7.038164,7.076906,0.472227,615600
1989-06-09,7.076906,7.128562,7.076906,7.128562,0.475674,960000
1989-06-12,7.115648,7.167305,7.038164,7.167305,0.478259,1146800
1989-06-13,7.102735,7.115648,7.012336,7.025250,0.468780,971600
1989-06-14,6.999422,7.012336,6.844453,6.857367,0.457578,2082800
1989-06-15,6.857367,6.870281,6.702398,6.754055,0.450684,1999600
1989-06-16,6.637828,6.728227,6.624914,6.728227,0.448961,2860000
1989-06-19,6.728227,6.754055,6.702398,6.754055,0.450684,678400
1989-06-20,6.741141,6.844453,6.741141,6.818625,0.454993,1716800
1989-06-21,6.896110,6.909023,6.844453,6.870281,0.458440,1701600
1989-06-22,6.870281,6.973594,6.844453,6.973594,0.465333,2203600
1989-06-23,6.986508,7.141477,6.986508,7.102735,0.473951,1335600
1989-06-26,7.128562,7.180219,7.089820,7.102735,0.473951,1430400
1989-06-27,7.102735,7.102735,7.012336,7.012336,0.467919,1704400
1989-06-28,7.012336,7.025250,6.818625,6.870281,0.458440,1471200
1989-06-29,6.857367,6.870281,6.754055,6.766969,0.451546,1883600
1989-06-30,6.766969,6.779883,6.624914,6.702398,0.447237,1641600
1989-07-03,6.624914,6.702398,6.624914,6.702398,0.487218,529200
1989-07-05,6.702398,6.741141,6.689485,6.728227,0.489096,997600
1989-07-06,6.741141,6.766969,6.702398,6.766969,0.491912,1666400
1989-07-07,6.741141,6.870281,6.741141,6.870281,0.499423,1164400
1989-07-10,6.844453,6.896110,6.844453,6.896110,0.501300,542800
1989-07-11,6.909023,6.986508,6.896110,6.921937,0.503177,1692800
1989-07-12,6.921937,6.921937,6.844453,6.909023,0.502239,718800
1989-07-13,6.883195,6.947766,6.883195,6.909023,0.502239,851600
1989-07-14,6.909023,6.909023,6.779883,6.896110,0.501300,2156400
1989-07-17,6.947766,6.960680,6.921937,6.934852,0.504116,1427600
1989-07-18,6.934852,6.986508,6.934852,6.973594,0.506932,423600
1989-07-19,7.038164,7.167305,7.025250,7.063992,0.513504,1678400
1989-07-20,7.025250,7.167305,7.012336,7.051078,0.512565,1187600
1989-07-21,7.063992,7.102735,7.038164,7.051078,0.512565,846800
1989-07-24,6.999422,7.025250,6.986508,6.986508,0.507871,842000
1989-07-25,6.999422,7.102735,6.999422,7.051078,0.512565,2434000
1989-07-26,7.076906,7.348102,7.063992,7.322273,0.532279,2163200
1989-07-27,7.361016,7.373930,7.257703,7.309360,0.531340,2068400
1989-07-28,7.296445,7.309360,7.180219,7.218961,0.524769,1484800
1989-07-31,7.244789,7.348102,7.244789,7.348102,0.534157,1692800
1989-08-01,7.361016,7.412672,7.231875,7.270617,0.528524,2357600
1989-08-02,7.270617,7.270617,7.128562,7.206047,0.523830,2275600
1989-08-03,7.180219,7.257703,7.180219,7.244789,0.526646,1693600
1989-08-04,7.231875,7.244789,7.115648,7.141477,0.519136,1780000
1989-08-07,7.128562,7.167305,7.102735,7.128562,0.518198,2348800
1989-08-08,7.102735,7.154391,7.025250,7.051078,0.512565,2901600
1989-08-09,7.038164,7.102735,6.947766,6.986508,0.507871,3663600
1989-08-10,6.973594,7.051078,6.973594,7.051078,0.512565,3014800
1989-08-11,7.089820,7.154391,6.973594,6.973594,0.506932,1478800
1989-08-14,6.921937,6.999422,6.896110,6.973594,0.506932,872000
1989-08-15,6.973594,7.038164,6.973594,6.999422,0.508810,1722800
1989-08-16,6.999422,7.089820,6.999422,7.051078,0.512565,1366400
1989-08-17,7.063992,7.128562,7.012336,7.102735,0.516320,1720800
1989-08-18,7.089820,7.128562,7.076906,7.128562,0.518198,1679200
1989-08-21,7.128562,7.154391,7.025250,7.025250,0.510687,1645200
1989-08-22,7.025250,7.063992,6.999422,7.051078,0.512565,985200
1989-08-23,7.025250,7.115648,7.025250,7.115648,0.517259,1253200
1989-08-24,7.102735,7.180219,7.102735,7.154391,0.520075,1636400
1989-08-25,7.154391,7.231875,7.141477,7.231875,0.525708,1425600
1989-08-28,7.231875,7.296445,7.193133,7.283531,0.529463,844000
1989-08-29,7.283531,7.335187,7.206047,7.218961,0.524769,1249600
1989-08-30,7.206047,7.257703,7.102735,7.128562,0.518198,1022800
1989-08-31,7.128562,7.167305,7.115648,7.141477,0.519136,1119600
1989-09-01,7.102735,7.154391,7.089820,7.141477,0.519136,773200
1989-09-05,7.128562,7.193133,7.128562,7.128562,0.518198,582400
1989-09-06,7.102735,7.128562,7.063992,7.076906,0.514442,1485600
1989-09-07,7.063992,7.089820,7.051078,7.063992,0.513504,814800
1989-09-08,7.038164,7.038164,6.909023,6.999422,0.508810,1495200
1989-09-11,7.025250,7.051078,6.999422,7.012336,0.509749,472000
1989-09-12,7.025250,7.051078,7.012336,7.025250,0.510687,754800
1989-09-13,7.025250,7.051078,6.921937,6.934852,0.504116,1204800
1989-09-14,6.921937,6.960680,6.896110,6.934852,0.504116,1086000
1989-09-15,6.934852,6.999422,6.883195,6.986508,0.507871,2123600
1989-09-18,6.973594,7.102735,6.973594,7.102735,0.516320,1087600
1989-09-19,7.115648,7.180219,7.051078,7.063992,0.513504,972400
1989-09-20,7.063992,7.102735,7.051078,7.089820,0.515381,1442800
1989-09-21,7.115648,7.128562,7.038164,7.076906,0.514442,1041200
1989-09-22,7.025250,7.102735,6.999422,7.102735,0.516320,1172800
1989-09-25,7.128562,7.128562,7.025250,7.063992,0.513504,1078000
1989-09-26,7.063992,7.063992,7.025250,7.038164,0.511626,1303600
1989-09-27,7.012336,7.063992,6.986508,7.063992,0.513504,1144000
1989-09-28,7.063992,7.283531,7.063992,7.283531,0.529463,1753600
1989-09-29,7.270617,7.335187,7.257703,7.257703,0.527585,1212800
1989-10-02,7.257703,7.257703,7.206047,7.257703,0.527585,1684000
1989-10-03,7.218961,7.309360,7.206047,7.296445,0.573892,1368400
1989-10-04,7.322273,7.438500,7.309360,7.373930,0.579986,2068400
1989-10-05,7.348102,7.412672,7.348102,7.361016,0.578971,807200
1989-10-06,7.412672,7.425586,7.386844,7.399758,0.582018,698800
1989-10-09,7.386844,7.438500,7.373930,7.438500,0.585065,611600
1989-10-10,7.399758,7.464328,7.399758,7.438500,0.585065,919200
1989-10-11,7.425586,7.438500,7.399758,7.412672,0.583034,642400
1989-10-12,7.386844,7.399758,7.373930,7.399758,0.582018,516800
1989-10-13,7.386844,7.386844,7.089820,7.335187,0.576939,1746000
1989-10-16,7.051078,7.206047,6.870281,7.180219,0.564750,4586000
1989-10-17,7.128562,7.193133,7.038164,7.193133,0.565766,2455600
1989-10-18,7.180219,7.206047,7.128562,7.154391,0.562719,2363600
1989-10-19,7.154391,7.322273,7.154391,7.296445,0.573892,947600
1989-10-20,7.296445,7.309360,7.231875,7.283531,0.572876,852400
1989-10-23,7.296445,7.309360,7.257703,7.283531,0.572876,791600
1989-10-24,7.257703,7.296445,7.128562,7.296445,0.573892,1101200
1989-10-25,7.283531,7.541812,7.283531,7.528898,0.592175,1010400
1989-10-26,7.528898,7.619297,7.412672,7.438500,0.585065,2157200
1989-10-27,7.464328,7.464328,7.348102,7.373930,0.579986,1529200
1989-10-30,7.348102,7.373930,7.270617,7.283531,0.572876,1360800
1989-10-31,7.309360,7.335187,7.257703,7.335187,0.576939,1754800
1989-11-01,7.335187,7.399758,7.322273,7.373930,0.579986,746000
1989-11-02,7.373930,7.373930,7.283531,7.335187,0.576939,806000
1989-11-03,7.322273,7.335187,7.283531,7.309360,0.574908,754000
1989-11-06,7.257703,7.283531,7.193133,7.244789,0.569829,856400
1989-11-07,7.244789,7.322273,7.193133,7.283531,0.572876,1559200
1989-11-08,7.335187,7.567641,7.335187,7.567641,0.595222,1785600
1989-11-09,7.541812,7.554727,7.490156,7.515985,0.591159,800400
1989-11-10,7.464328,7.580554,7.464328,7.580554,0.596238,498400
1989-11-13,7.528898,7.580554,7.490156,7.528898,0.592175,596000
1989-11-14,7.541812,7.567641,7.451414,7.477242,0.588112,814800
1989-11-15,7.451414,7.541812,7.425586,7.503070,0.590144,724000
1989-11-16,7.477242,7.515985,7.464328,7.490156,0.589128,1414000
1989-11-17,7.451414,7.503070,7.451414,7.464328,0.587096,651200
1989-11-20,7.438500,7.451414,7.348102,7.399758,0.582018,785600
1989-11-21,7.373930,7.412672,7.348102,7.412672,0.583034,893200
1989-11-22,7.386844,7.438500,7.386844,7.438500,0.585065,501200
1989-11-24,7.438500,7.515985,7.438500,7.503070,0.590144,621200
1989-11-27,7.477242,7.580554,7.477242,7.541812,0.593191,967600
1989-11-28,7.593469,7.606383,7.567641,7.593469,0.597254,1074400
1989-11-29,7.580554,7.619297,7.541812,7.554727,0.594207,1038400
1989-11-30,7.580554,7.709695,7.580554,7.709695,0.606395,2703200
1989-12-01,7.787179,7.942148,7.787179,7.929235,0.623663,3436800
1989-12-04,7.903406,7.903406,7.825922,7.877578,0.619600,1826400
1989-12-05,7.877578,7.903406,7.722610,7.722610,0.607411,1292800
1989-12-06,7.670953,7.670953,7.619297,7.632211,0.600301,2035200
1989-12-07,7.619297,7.632211,7.541812,7.554727,0.594207,1324800
1989-12-08,7.593469,7.606383,7.541812,7.580554,0.596238,1219600
1989-12-11,7.567641,7.593469,7.490156,7.593469,0.597254,3036400
1989-12-12,7.580554,7.606383,7.554727,7.567641,0.595222,862400
1989-12-13,7.567641,7.619297,7.541812,7.541812,0.593191,1526400
1989-12-14,7.515985,7.554727,7.503070,7.528898,0.592175,748800
1989-12-15,7.515985,7.515985,7.412672,7.503070,0.590144,2232000
1989-12-18,7.528898,7.541812,7.425586,7.490156,0.589128,900800
1989-12-19,7.464328,7.464328,7.386844,7.438500,0.585065,1266000
1989-12-20,7.451414,7.451414,7.386844,7.412672,0.583034,1632800
1989-12-21,7.425586,7.425586,7.373930,7.425586,0.584049,1011200
1989-12-22,7.399758,7.464328,7.335187,7.451414,0.586081,1064400
1989-12-26,7.438500,7.451414,7.399758,7.399758,0.582018,456800
1989-12-27,7.386844,7.425586,7.218961,7.218961,0.567797,1341200
1989-12-28,7.283531,7.438500,7.283531,7.438500,0.585065,1195200
1989-12-29,7.412672,7.477242,7.399758,7.477242,0.588112,1287200
1990-01-02,7.451414,7.554727,7.438500,7.541812,0.593191,1696400
1990-01-03,7.619297,7.632211,7.541812,7.554727,0.594207,2456400
1990-01-04,7.503070,7.554727,7.451414,7.503070,0.636481,1802000
1990-01-05,7.515985,7.515985,7.386844,7.399758,0.627717,990800
1990-01-08,7.386844,7.425586,7.361016,7.386844,0.626621,982400
1990-01-09,7.373930,7.399758,7.348102,7.348102,0.623335,1192400
1990-01-10,7.361016,7.373930,7.270617,7.309360,0.620048,1222400
1990-01-11,7.322273,7.335187,7.231875,7.231875,0.613475,937600
1990-01-12,7.180219,7.180219,7.076906,7.089820,0.601425,1722800
1990-01-15,7.102735,7.102735,6.986508,6.986508,0.592661,2112000
1990-01-16,6.909023,7.089820,6.896110,7.089820,0.601425,2158400
1990-01-17,7.115648,7.180219,6.947766,7.025250,0.595948,3884000
1990-01-18,6.896110,7.063992,6.883195,7.038164,0.597043,2869600
1990-01-19,7.154391,7.231875,7.115648,7.180219,0.609094,2468000
1990-01-22,7.193133,7.193133,6.960680,6.973594,0.591565,2093600
1990-01-23,6.999422,7.012336,6.844453,6.883195,0.583897,3520000
1990-01-24,6.792797,6.947766,6.779883,6.934852,0.588279,2997600
1990-01-25,6.960680,6.986508,6.831539,6.844453,0.580611,1908400
1990-01-26,6.844453,6.947766,6.792797,6.844453,0.580611,2564000
1990-01-29,6.831539,6.960680,6.831539,6.947766,0.589375,1271600
1990-01-30,6.973594,6.973594,6.805711,6.870281,0.582802,2546400
1990-01-31,6.883195,7.076906,6.883195,7.076906,0.600330,1215600
1990-02-01,7.115648,7.115648,7.025250,7.051078,0.598139,778000
1990-02-02,7.025250,7.076906,6.986508,6.999422,0.593757,1616400
1990-02-05,7.012336,7.025250,6.973594,6.999422,0.593757,740400
1990-02-06,6.999422,6.999422,6.909023,6.921937,0.587184,722000
1990-02-07,6.896110,7.051078,6.870281,7.038164,0.597043,1299600
1990-02-08,7.025250,7.063992,6.999422,7.012336,0.594852,951200
1990-02-09,7.038164,7.076906,6.973594,6.999422,0.593757,1005600
1990-02-12,6.999422,6.999422,6.883195,6.883195,0.583897,808000
1990-02-13,6.909023,6.960680,6.883195,6.921937,0.587184,2242400
1990-02-14,6.921937,6.921937,6.883195,6.921937,0.587184,990800
1990-02-15,6.896110,6.921937,6.857367,6.883195,0.583897,990000
1990-02-16,6.870281,6.909023,6.818625,6.844453,0.580611,3435200
1990-02-20,6.818625,6.818625,6.715312,6.728227,0.570751,2470000
1990-02-21,6.663656,6.676570,6.624914,6.650742,0.564178,4310800
1990-02-22,6.586172,6.637828,6.560344,6.599086,0.559797,3586800
1990-02-23,6.586172,6.586172,6.508687,6.534516,0.554319,3449600
1990-02-26,6.508687,6.560344,6.482860,6.534516,0.554319,1617200
1990-02-27,6.508687,6.599086,6.508687,6.560344,0.556510,2364400
1990-02-28,6.560344,6.689485,6.560344,6.637828,0.563083,1852400
1990-03-01,6.624914,6.754055,6.624914,6.702398,0.568561,1935600
1990-03-02,6.715312,6.741141,6.702398,6.741141,0.571847,1232000
1990-03-05,6.741141,6.792797,6.728227,6.766969,0.574038,1996800
1990-03-06,6.805711,6.921937,6.805711,6.921937,0.587184,2140000
1990-03-07,6.947766,7.089820,6.947766,7.012336,0.594852,2796000
1990-03-08,7.025250,7.051078,6.999422,7.025250,0.595948,2277200
1990-03-09,7.025250,7.038164,6.947766,6.960680,0.590470,1209600
1990-03-12,6.973594,7.038164,6.934852,7.038164,0.597043,1114800
1990-03-13,7.012336,7.025250,6.934852,6.934852,0.588279,1120800
1990-03-14,6.960680,7.038164,6.947766,7.025250,0.595948,1064400
1990-03-15,7.102735,7.218961,7.102735,7.206047,0.611285,1842800
1990-03-16,7.309360,7.399758,7.283531,7.335187,0.622240,3336400
1990-03-19,7.322273,7.322273,7.193133,7.309360,0.620048,1750800
1990-03-20,7.283531,7.438500,7.257703,7.335187,0.622240,1539600
1990-03-21,7.373930,7.386844,7.335187,7.348102,0.623335,657200
1990-03-22,7.296445,7.322273,7.193133,7.270617,0.616762,1748000
1990-03-23,7.270617,7.335187,7.231875,7.296445,0.618953,1258000
1990-03-26,7.335187,7.464328,7.322273,7.373930,0.625526,808800
1990-03-27,7.399758,7.515985,7.361016,7.515985,0.637576,964800
1990-03-28,7.503070,7.580554,7.503070,7.580554,0.643054,1403200
1990-03-29,7.554727,7.593469,7.503070,7.554727,0.640863,567200
1990-03-30,7.554727,7.619297,7.515985,7.606383,0.645245,1230000
1990-04-02,7.593469,7.593469,7.541812,7.593469,0.644150,857200
1990-04-03,7.645125,7.748437,7.645125,7.735523,0.656200,2080800
1990-04-04,7.645125,7.735523,7.606383,7.722610,0.705248,1418000
1990-04-05,7.709695,7.722610,7.645125,7.696781,0.702889,2380800
1990-04-06,7.696781,7.800094,7.632211,7.800094,0.712324,776000
1990-04-09,7.774266,7.903406,7.774266,7.851750,0.717041,1317200
1990-04-10,7.851750,7.851750,7.748437,7.774266,0.709965,1452800
1990-04-11,7.774266,7.800094,7.735523,7.774266,0.709965,1501200
1990-04-12,7.748437,7.903406,7.748437,7.877578,0.719400,1675200
1990-04-16,7.877578,7.929235,7.851750,7.864664,0.718220,1555200
1990-04-17,7.825922,7.851750,7.787179,7.813008,0.713503,760400
1990-04-18,7.813008,7.813008,7.774266,7.787179,0.711145,1211600
1990-04-19,7.800094,7.800094,7.658039,7.658039,0.699351,757600
1990-04-20,7.670953,7.683867,7.477242,7.477242,0.682840,1169200
1990-04-23,7.451414,7.477242,7.399758,7.464328,0.681661,1013200
1990-04-24,7.451414,7.477242,7.425586,7.425586,0.678123,551600
1990-04-25,7.425586,7.541812,7.425586,7.503070,0.685199,1397600
1990-04-26,7.528898,7.619297,7.503070,7.619297,0.695813,1091600
1990-04-27,7.632211,7.632211,7.477242,7.490156,0.684019,1388800
1990-04-30,7.464328,7.490156,7.412672,7.490156,0.684019,720800
1990-05-01,7.515985,7.658039,7.515985,7.658039,0.699351,971600
1990-05-02,7.683867,7.709695,7.632211,7.709695,0.704069,692800
1990-05-03,7.722610,7.761352,7.632211,7.645125,0.698172,939600
1990-05-04,7.670953,7.735523,7.645125,7.722610,0.705248,587200
1990-05-07,7.774266,7.825922,7.748437,7.825922,0.714682,1434400
1990-05-08,7.838836,7.955062,7.838836,7.955062,0.726476,2352800
1990-05-09,7.993804,8.019632,7.903406,7.929235,0.724117,1876800
1990-05-10,7.903406,7.942148,7.877578,7.916320,0.722938,842800
1990-05-11,7.942148,7.967977,7.916320,7.929235,0.724117,3816400
1990-05-14,7.929235,8.032547,7.929235,7.980891,0.728835,3425200
1990-05-15,7.980891,8.019632,7.916320,7.993804,0.730014,1907600
1990-05-16,7.967977,8.058375,7.942148,8.058375,0.735911,1938400
1990-05-17,8.071289,8.148773,8.058375,8.071289,0.737090,1039200
1990-05-18,8.071289,8.161688,8.045461,8.161688,0.745346,1436400
1990-05-21,8.135859,8.161688,8.084203,8.097117,0.739449,1590000
1990-05-22,8.122946,8.187515,8.032547,8.071289,0.737090,1868000
1990-05-23,8.071289,8.097117,8.058375,8.071289,0.737090,978400
1990-05-24,8.097117,8.122946,8.058375,8.084203,0.738269,782800
1990-05-25,8.058375,8.071289,8.032547,8.045461,0.734731,573600
1990-05-29,8.058375,8.148773,8.058375,8.135859,0.742987,2038400
1990-05-30,8.187515,8.200430,8.148773,8.174602,0.746524,1684000
1990-05-31,8.187515,8.329571,8.187515,8.329571,0.760677,1748800
1990-06-01,8.342484,8.471625,8.342484,8.471625,0.773650,2156400
1990-06-04,8.445797,8.536196,8.432883,8.536196,0.779547,1721600
1990-06-05,8.536196,8.549109,8.445797,8.471625,0.773650,1261200
1990-06-06,8.445797,8.458711,8.368313,8.407055,0.767753,752800
1990-06-07,8.381227,8.407055,8.226258,8.342484,0.761856,1523200
1990-06-08,8.342484,8.355398,8.239172,8.252086,0.753601,1039200
1990-06-11,8.252086,8.445797,8.226258,8.445797,0.771291,1469200
1990-06-12,8.471625,8.587852,8.432883,8.574938,0.783085,1202800
1990-06-13,8.549109,8.587852,8.536196,8.574938,0.783085,1409200
1990-06-14,8.600765,8.704078,8.587852,8.704078,0.794878,1967600
1990-06-15,8.704078,8.781563,8.652422,8.781563,0.801954,2764400
1990-06-18,8.807390,8.820305,8.639508,8.652422,0.790161,1101200
1990-06-19,8.652422,8.742821,8.600765,8.716992,0.796057,2115600
1990-06-20,8.678250,8.716992,8.652422,8.678250,0.792519,1009200
1990-06-21,8.678250,8.794477,8.652422,8.794477,0.803133,1426400
1990-06-22,8.781563,8.923617,8.781563,8.781563,0.801954,2406000
1990-06-25,8.729906,8.742821,8.652422,8.691164,0.793699,1682000
1990-06-26,8.716992,8.871961,8.691164,8.871961,0.810209,1444000
1990-06-27,8.884875,8.923617,8.859047,8.923617,0.814926,2078000
1990-06-28,8.988188,9.323953,8.949446,9.323953,0.851486,4678800
1990-06-29,9.298125,9.298125,9.220640,9.285211,0.847948,1838000
1990-07-02,9.298125,9.298125,9.207726,9.246469,0.844410,3977200
1990-07-03,9.181898,9.298125,9.181898,9.298125,0.912271,1337600
1990-07-05,9.285211,9.285211,9.130242,9.156071,0.898334,1206800
1990-07-06,9.181898,9.362696,9.168984,9.349781,0.917339,1765200
1990-07-09,9.349781,9.478922,9.349781,9.440180,0.926209,2356800
1990-07-10,9.466008,9.491836,9.453094,9.466008,0.928743,1338400
1990-07-11,9.556406,9.814688,9.517664,9.711375,0.952817,2402400
1990-07-12,9.711375,9.724289,9.595148,9.724289,0.954084,3803600
1990-07-13,9.750117,9.775946,9.685547,9.698461,0.951550,2590800
1990-07-16,9.724289,9.750117,9.633890,9.659719,0.947748,1282400
1990-07-17,9.659719,9.659719,9.453094,9.582234,0.940146,1410000
1990-07-18,9.556406,9.556406,9.311039,9.453094,0.927475,1386800
1990-07-19,9.401438,9.427265,9.323953,9.349781,0.917339,1176000
1990-07-20,9.362696,9.362696,9.220640,9.233555,0.905936,1602800
1990-07-23,9.220640,9.220640,9.014015,9.078586,0.890731,2645200
1990-07-24,9.091500,9.298125,9.078586,9.298125,0.912271,1846800
1990-07-25,9.311039,9.569321,9.311039,9.569321,0.938879,2022800
1990-07-26,9.569321,9.685547,9.556406,9.672633,0.949016,2245600
1990-07-27,9.659719,9.711375,9.543492,9.582234,0.940146,1911600
1990-07-30,9.556406,9.556406,9.401438,9.530578,0.935078,1281200
1990-07-31,9.517664,9.569321,9.478922,9.530578,0.935078,1032400
1990-08-01,9.504750,9.633890,9.491836,9.633890,0.945214,1371200
1990-08-02,9.556406,9.633890,9.440180,9.453094,0.927475,2347200
1990-08-03,9.427265,9.427265,8.884875,9.233555,0.905936,3009200
1990-08-06,8.781563,8.910703,8.729906,8.781563,0.861589,3016000
1990-08-07,8.781563,8.897789,8.626594,8.678250,0.851453,2949200
1990-08-08,8.691164,8.884875,8.678250,8.846133,0.867924,1635600
1990-08-09,8.859047,9.117328,8.833219,9.091500,0.891998,1781600
1990-08-10,9.104414,9.104414,8.988188,9.026930,0.885663,2247200
1990-08-13,9.026930,9.104414,8.949446,9.104414,0.893265,1254400
1990-08-14,9.078586,9.220640,9.065672,9.168984,0.899601,1348000
1990-08-15,9.181898,9.311039,9.181898,9.207726,0.903402,2105200
1990-08-16,9.143156,9.143156,8.962359,8.988188,0.881862,1044400
1990-08-17,8.871961,8.884875,8.484539,8.781563,0.861589,2184400
1990-08-20,8.729906,8.768648,8.536196,8.613680,0.845118,1191200
1990-08-21,8.445797,8.471625,8.213344,8.394140,0.823578,2307200
1990-08-22,8.368313,8.368313,8.058375,8.058375,0.790635,1669600
1990-08-23,7.851750,8.071289,7.838836,8.071289,0.791902,2671200
1990-08-24,8.213344,8.303742,8.110031,8.277914,0.812175,2062400
1990-08-27,8.574938,8.833219,8.574938,8.729906,0.856521,2965600
1990-08-28,8.716992,8.910703,8.691164,8.781563,0.861589,1050800
1990-08-29,8.781563,9.026930,8.755734,8.975273,0.880595,2103200
1990-08-30,9.014015,9.014015,8.794477,8.833219,0.866658,1576400
1990-08-31,8.807390,8.988188,8.704078,8.988188,0.881862,971600
1990-09-04,9.065672,9.065672,8.871961,8.910703,0.874260,808000
1990-09-05,8.884875,9.014015,8.846133,8.962359,0.879328,778800
1990-09-06,8.936531,8.949446,8.742821,8.781563,0.861589,1098400
1990-09-07,8.742821,8.923617,8.716992,8.807390,0.864124,1476800
1990-09-10,8.833219,8.884875,8.729906,8.729906,0.856521,971600
1990-09-11,8.729906,8.833219,8.704078,8.781563,0.861589,568000
1990-09-12,8.807390,8.859047,8.807390,8.833219,0.866658,734400
1990-09-13,8.807390,8.807390,8.729906,8.742821,0.857788,757600
1990-09-14,8.704078,8.704078,8.600765,8.678250,0.851453,1010400
1990-09-17,8.626594,8.833219,8.600765,8.807390,0.864124,2060400
1990-09-18,8.729906,8.794477,8.691164,8.768648,0.860322,1790400
1990-09-19,8.704078,8.820305,8.704078,8.768648,0.860322,1607600
1990-09-20,8.755734,8.768648,8.600765,8.600765,0.843851,1610400
1990-09-21,8.665336,8.665336,8.484539,8.536196,0.837516,3036400
1990-09-24,8.536196,8.536196,8.368313,8.419969,0.826112,2887200
1990-09-25,8.458711,8.523281,8.394140,8.523281,0.836248,2176800
1990-09-26,8.536196,8.549109,8.368313,8.432883,0.827379,1811600
1990-09-27,8.419969,8.484539,8.226258,8.290828,0.813442,1674400
1990-09-28,8.239172,8.419969,8.213344,8.419969,0.826112,2018800
1990-10-01,8.497453,8.871961,8.484539,8.820305,0.865391,2869600
1990-10-02,8.949446,8.975273,8.884875,8.910703,0.874260,2306400
1990-10-03,8.846133,8.871961,8.639508,8.691164,0.918705,1134400
1990-10-04,8.626594,8.678250,8.587852,8.678250,0.917340,1736400
1990-10-05,8.549109,8.639508,8.484539,8.613680,0.910515,2133200
1990-10-08,8.704078,8.704078,8.600765,8.600765,0.909149,1369600
1990-10-09,8.574938,8.574938,8.316656,8.316656,0.879117,1512800
1990-10-10,8.239172,8.445797,8.239172,8.290828,0.876387,1571600
1990-10-11,8.290828,8.329571,8.161688,8.174602,0.864101,1319200
1990-10-12,8.239172,8.368313,8.187515,8.342484,0.881847,1818400
1990-10-15,8.368313,8.639508,8.355398,8.613680,0.910515,1501200
1990-10-16,8.639508,8.691164,8.523281,8.536196,0.902324,738400
1990-10-17,8.510367,8.549109,8.368313,8.381227,0.885943,2260800
1990-10-18,8.381227,8.678250,8.381227,8.678250,0.917340,2813600
1990-10-19,8.884875,9.091500,8.846133,8.975273,0.948737,2952000
1990-10-22,8.962359,9.194813,8.936531,9.130242,0.965118,2282000
1990-10-23,9.156071,9.220640,9.052758,9.091500,0.961023,2494000
1990-10-24,9.065672,9.349781,9.039844,9.323953,0.985594,2149600
1990-10-25,9.323953,9.362696,9.246469,9.298125,0.982864,2018000
1990-10-26,9.246469,9.259383,8.949446,8.975273,0.948737,1135200
1990-10-29,8.949446,8.988188,8.755734,8.807390,0.930991,1484800
1990-10-30,8.794477,8.975273,8.716992,8.949446,0.946006,1103200
1990-10-31,8.846133,8.846133,8.574938,8.587852,0.907784,2941200
1990-11-01,8.613680,8.729906,8.523281,8.729906,0.922800,1616400
1990-11-02,8.729906,8.884875,8.729906,8.884875,0.939181,1105200
1990-11-05,8.910703,9.091500,8.884875,8.988188,0.950102,1367600
1990-11-06,9.091500,9.091500,8.923617,8.936531,0.944641,1398400
1990-11-07,8.936531,8.949446,8.716992,8.716992,0.921435,1084800
1990-11-08,8.600765,8.962359,8.600765,8.678250,0.917340,1055200
1990-11-09,8.678250,9.039844,8.678250,9.014015,0.952832,1101200
1990-11-12,9.065672,9.246469,9.014015,9.246469,0.977404,1086800
1990-11-13,9.194813,9.272297,9.091500,9.194813,0.971943,874000
1990-11-14,9.143156,9.401438,9.143156,9.298125,0.982864,1203600
1990-11-15,9.298125,9.323953,9.039844,9.220640,0.974674,858800
1990-11-16,9.246469,9.298125,9.143156,9.168984,0.969213,722000
1990-11-19,9.220640,9.375609,9.168984,9.220640,0.974674,938400
1990-11-20,9.168984,9.220640,9.014015,9.168984,0.969213,1019600
1990-11-21,9.143156,9.168984,8.884875,9.117328,0.963753,798400
1990-11-23,9.117328,9.168984,9.065672,9.168984,0.969213,526400
1990-11-26,9.117328,9.143156,9.014015,9.117328,0.963753,747600
1990-11-27,9.143156,9.143156,9.039844,9.117328,0.963753,1448000
1990-11-28,9.298125,9.401438,9.246469,9.349781,0.988324,2158800
1990-11-29,9.298125,9.375609,9.246469,9.349781,0.988324,3515200
1990-11-30,9.375609,9.788859,9.298125,9.788859,1.034737,1764800
1990-12-03,9.737204,9.814688,9.633890,9.788859,1.034737,1063600
1990-12-04,9.788859,9.788859,9.608063,9.763031,1.032007,948000
1990-12-05,9.711375,9.892172,9.711375,9.814688,1.037468,960000
1990-12-06,10.021313,10.021313,9.711375,9.788859,1.034737,1658400
1990-12-07,9.737204,9.788859,9.633890,9.711375,1.026547,1138000
1990-12-10,9.711375,9.711375,9.556406,9.659719,1.021086,728000
1990-12-11,9.659719,9.711375,9.608063,9.633890,1.018356,670400
1990-12-12,9.659719,10.227938,9.659719,10.176281,1.075690,2020800
1990-12-13,10.124625,10.202109,10.047141,10.098797,1.067499,1346400
1990-12-14,10.047141,10.047141,9.814688,10.021313,1.059308,1416800
1990-12-17,9.918000,9.969656,9.866343,9.918000,1.048389,829200
1990-12-18,9.918000,10.047141,9.814688,9.969656,1.053848,1506000
1990-12-19,9.969656,10.021313,9.866343,9.969656,1.053848,945600
1990-12-20,9.866343,10.305422,9.814688,10.305422,1.089341,1018000
1990-12-21,10.744500,10.744500,9.995484,10.098797,1.067499,2495600
1990-12-24,10.047141,10.047141,9.943829,10.021313,1.059308,314800
1990-12-26,9.969656,10.021313,9.814688,9.918000,1.048389,1382400
1990-12-27,9.866343,9.892172,9.582234,9.788859,1.034737,1866800
1990-12-28,9.737204,9.918000,9.711375,9.918000,1.048389,739600
1990-12-31,9.918000,10.124625,9.892172,10.124625,1.070230,730400
1991-01-02,9.969656,9.995484,9.763031,9.763031,1.032007,2151600
1991-01-03,9.711375,9.763031,9.453094,9.504750,1.004705,3414800
1991-01-04,9.375609,9.375609,9.039844,9.272297,1.014282,2266800
1991-01-07,9.143156,9.272297,9.039844,9.065672,0.991680,1197600
1991-01-08,9.065672,9.323953,9.065672,9.298125,1.017108,796400
1991-01-09,9.427265,9.530578,9.143156,9.168984,1.002981,2161600
1991-01-10,9.220640,9.272297,8.988188,9.246469,1.011457,1885200
1991-01-11,9.323953,9.427265,9.272297,9.427265,1.031234,1038400
1991-01-14,9.246469,9.246469,9.091500,9.168984,1.002981,568800
1991-01-15,9.194813,9.298125,9.143156,9.246469,1.011457,786800
1991-01-16,9.220640,9.478922,9.168984,9.478922,1.036885,2114400
1991-01-17,9.711375,9.918000,9.633890,9.866343,1.079264,2295600
1991-01-18,9.814688,9.943829,9.814688,9.943829,1.087740,1916400
1991-01-21,9.814688,9.814688,9.711375,9.737204,1.065137,1151200
1991-01-22,9.556406,9.556406,9.401438,9.530578,1.042535,2297200
1991-01-23,9.349781,9.453094,9.220640,9.323953,1.019932,1928800
1991-01-24,9.349781,9.711375,9.349781,9.530578,1.042535,1322000
1991-01-25,9.504750,9.582234,9.401438,9.478922,1.036885,1246400
1991-01-28,9.478922,9.504750,9.427265,9.453094,1.034059,577200
1991-01-29,9.504750,9.504750,9.375609,9.401438,1.028409,1306000
1991-01-30,9.401438,9.504750,9.401438,9.478922,1.036885,1412800
1991-01-31,9.504750,9.763031,9.478922,9.737204,1.065137,1679600
1991-02-01,9.711375,9.840516,9.478922,9.685547,1.059487,1608000
1991-02-04,9.763031,9.918000,9.711375,9.711375,1.062312,1591600
1991-02-05,9.763031,10.021313,9.478922,9.737204,1.065137,2039600
1991-02-06,9.737204,10.021313,9.633890,10.021313,1.096215,2364800
1991-02-07,10.047141,10.227938,10.021313,10.098797,1.104691,2435600
1991-02-08,10.176281,10.202109,9.943829,10.124625,1.107517,1803600
1991-02-11,10.176281,10.227938,10.072968,10.176281,1.113168,2197600
1991-02-12,10.072968,10.382906,10.072968,10.331250,1.130119,2544800
1991-02-13,10.460391,10.486218,10.176281,10.408734,1.138595,1652000
1991-02-14,10.434563,10.744500,10.434563,10.537875,1.152722,2568800
1991-02-15,10.589531,10.847813,10.537875,10.667016,1.166848,1243600
1991-02-19,10.796156,11.028609,10.692843,10.899468,1.192276,1811600
1991-02-20,10.925297,10.925297,10.744500,10.821984,1.183800,1209200
1991-02-21,10.770329,10.847813,10.692843,10.744500,1.175324,1193200
1991-02-22,10.899468,11.312718,10.873641,11.002781,1.203577,1742000
1991-02-25,11.261063,11.493516,11.209406,11.286891,1.234655,1780400
1991-02-26,11.261063,11.261063,11.054438,11.080266,1.212053,1766400
1991-02-27,10.951125,11.131922,10.951125,11.002781,1.203577,600400
1991-02-28,11.054438,11.131922,10.951125,11.131922,1.217704,836400
1991-03-01,11.028609,11.054438,10.873641,10.899468,1.192276,1990800
1991-03-04,10.796156,10.976954,10.770329,10.847813,1.186625,1572400
1991-03-05,10.770329,11.674313,10.770329,11.441859,1.251607,1739600
1991-03-06,11.519343,11.571000,11.157750,11.338547,1.240305,2162800
1991-03-07,11.261063,11.338547,11.183578,11.209406,1.226180,1134800
1991-03-08,11.261063,11.338547,11.183578,11.235234,1.229005,1234800
1991-03-11,11.312718,11.622656,11.209406,11.312718,1.237481,1122800
1991-03-12,11.312718,11.571000,11.028609,11.028609,1.206402,1962400
1991-03-13,11.131922,11.312718,11.028609,11.286891,1.234655,1411200
1991-03-14,11.364375,11.519343,11.261063,11.312718,1.237481,1494000
1991-03-15,11.441859,11.441859,11.286891,11.416031,1.248781,1769600
1991-03-18,11.364375,11.441859,11.286891,11.338547,1.240305,1219600
1991-03-19,11.235234,11.390203,11.209406,11.338547,1.240305,936800
1991-03-20,11.338547,11.648484,11.261063,11.622656,1.271385,1508800
1991-03-21,11.725968,11.932593,11.725968,11.777625,1.288336,1690000
1991-03-22,11.777625,11.880938,11.674313,11.700141,1.279860,1112400
1991-03-25,11.674313,11.855109,11.622656,11.803453,1.291161,888400
1991-03-26,11.751797,12.578297,11.725968,12.578297,1.375920,1636000
1991-03-27,12.526641,12.552468,11.958422,12.139218,1.327890,1488000
1991-03-28,12.061734,12.190875,11.829281,11.932593,1.305288,1323600
1991-04-01,11.906766,11.906766,11.571000,11.571000,1.265734,1029600
1991-04-02,11.622656,12.216703,11.622656,12.113391,1.325064,1236000
1991-04-03,12.242531,12.268359,12.061734,12.113391,1.325064,1498000
1991-04-04,12.113391,12.242531,11.984250,12.087563,1.358117,897200
1991-04-05,12.113391,12.113391,11.777625,11.829281,1.329098,984800
1991-04-08,11.880938,11.958422,11.700141,11.880938,1.334902,677200
1991-04-09,11.751797,11.855109,11.467688,11.467688,1.288471,1095200
1991-04-10,11.545172,11.725968,11.545172,11.725968,1.317489,977600
1991-04-11,11.777625,11.958422,11.700141,11.777625,1.323294,840800
1991-04-12,11.880938,11.984250,11.545172,11.674313,1.311685,1232400
1991-04-15,11.725968,11.855109,11.700141,11.777625,1.323294,460400
1991-04-16,11.777625,12.242531,11.700141,12.216703,1.372627,1336400
1991-04-17,12.216703,12.371672,12.061734,12.139218,1.363920,1533200
1991-04-18,11.984250,12.061734,11.829281,11.880938,1.334902,694800
1991-04-19,11.777625,11.777625,11.571000,11.596828,1.302980,944400
1991-04-22,11.596828,11.880938,11.519343,11.855109,1.331999,1307600
1991-04-23,11.984250,12.061734,11.596828,11.674313,1.311685,825600
1991-04-24,11.674313,11.674313,11.545172,11.571000,1.300078,731200
1991-04-25,11.571000,11.571000,11.416031,11.467688,1.288471,546400
1991-04-26,11.519343,11.803453,11.493516,11.777625,1.323294,1309600
1991-04-29,11.725968,11.751797,11.467688,11.467688,1.288471,1248000
1991-04-30,11.519343,11.725968,11.416031,11.545172,1.297175,1476400
1991-05-01,11.571000,11.596828,11.493516,11.571000,1.300078,1252400
1991-05-02,11.596828,11.751797,11.571000,11.725968,1.317489,780400
1991-05-03,11.674313,12.087563,11.648484,12.010078,1.349411,680400
1991-05-06,12.010078,12.035906,11.674313,11.984250,1.346510,596400
1991-05-07,12.035906,12.035906,11.932593,11.958422,1.343607,570800
1991-05-08,11.932593,11.958422,11.751797,11.777625,1.323294,676800
1991-05-09,11.725968,11.855109,11.700141,11.855109,1.331999,841600
1991-05-10,11.855109,12.010078,11.493516,11.493516,1.291371,1176000
1991-05-13,11.545172,11.777625,11.545172,11.751797,1.320391,676400
1991-05-14,11.674313,11.751797,11.519343,11.571000,1.300078,659600
1991-05-15,11.622656,11.777625,11.571000,11.751797,1.320391,972000
1991-05-16,11.829281,12.035906,11.829281,11.984250,1.346510,1164800
1991-05-17,11.984250,12.165047,11.829281,12.113391,1.361019,981600
1991-05-20,12.242531,12.294188,12.139218,12.216703,1.372627,781600
1991-05-21,12.268359,12.320016,12.139218,12.190875,1.369725,927200
1991-05-22,12.190875,12.216703,11.984250,12.035906,1.352313,524800
1991-05-23,12.061734,12.087563,11.777625,11.958422,1.343607,563200
1991-05-24,12.035906,12.087563,11.958422,11.984250,1.346510,913200
1991-05-28,11.984250,12.035906,11.880938,11.984250,1.346510,1414400
1991-05-29,11.984250,12.294188,11.984250,12.190875,1.369725,1612800
1991-05-30,12.113391,12.190875,12.087563,12.165047,1.366823,952400
1991-05-31,12.165047,12.190875,12.061734,12.139218,1.363920,813200
1991-06-03,12.190875,12.190875,11.855109,11.984250,1.346510,1698400
1991-06-04,11.932593,11.984250,11.725968,11.751797,1.320391,1799200
1991-06-05,11.725968,11.777625,11.545172,11.596828,1.302980,1182000
1991-06-06,11.596828,11.648484,11.467688,11.545172,1.297175,1519600
1991-06-07,11.596828,11.596828,11.364375,11.571000,1.300078,1051600
1991-06-10,11.622656,11.880938,11.596828,11.751797,1.320391,588800
1991-06-11,11.777625,11.984250,11.700141,11.932593,1.340705,1000000
1991-06-12,11.984250,11.984250,11.674313,11.700141,1.314588,869600
1991-06-13,11.803453,11.906766,11.777625,11.855109,1.331999,898000
1991-06-14,11.906766,12.035906,11.803453,11.803453,1.326196,682000
1991-06-17,11.725968,11.751797,11.571000,11.571000,1.300078,916400
1991-06-18,11.622656,11.751797,11.622656,11.648484,1.308783,840800
1991-06-19,11.545172,11.596828,11.519343,11.519343,1.294274,569600
1991-06-20,11.545172,11.622656,11.519343,11.571000,1.300078,970000
1991-06-21,11.441859,11.622656,11.441859,11.571000,1.300078,1569600
1991-06-24,11.519343,11.545172,11.441859,11.493516,1.291371,1058400
1991-06-25,11.571000,11.571000,11.209406,11.312718,1.271058,1870800
1991-06-26,11.364375,11.416031,11.261063,11.364375,1.276862,1949200
1991-06-27,11.416031,11.777625,11.416031,11.777625,1.323294,2393200
1991-06-28,11.725968,11.855109,11.648484,11.674313,1.311685,1203600
1991-07-01,11.777625,12.087563,11.777625,12.087563,1.358117,1180000
1991-07-02,11.984250,12.010078,11.880938,11.880938,1.334902,1258000
1991-07-03,11.829281,11.906766,11.725968,11.880938,1.377810,842400
1991-07-05,11.855109,11.984250,11.855109,11.958422,1.386795,480000
1991-07-08,11.932593,12.190875,11.777625,12.190875,1.413753,1387200
1991-07-09,12.242531,12.242531,12.087563,12.139218,1.407762,981600
1991-07-10,12.190875,12.500813,12.165047,12.345843,1.431724,1618000
1991-07-11,12.371672,12.552468,12.371672,12.552468,1.455685,1760800
1991-07-12,12.526641,12.604125,12.345843,12.500813,1.449696,1709600
1991-07-15,12.474984,12.552468,12.449156,12.526641,1.452690,839200
1991-07-16,12.423328,12.474984,12.397500,12.449156,1.443705,874800
1991-07-17,12.397500,12.449156,12.190875,12.242531,1.419743,981600
1991-07-18,12.268359,12.629953,12.268359,12.629953,1.464672,695200
1991-07-19,12.707438,12.707438,12.552468,12.578297,1.458681,1208400
1991-07-22,12.578297,12.759093,12.578297,12.681609,1.470662,766400
1991-07-23,12.681609,12.707438,12.294188,12.345843,1.431724,646000
1991-07-24,12.397500,12.397500,12.035906,12.087563,1.401772,605200
1991-07-25,12.165047,12.449156,12.113391,12.397500,1.437714,588800
1991-07-26,12.397500,12.423328,12.345843,12.397500,1.437714,478000
1991-07-29,12.449156,12.474984,12.320016,12.423328,1.440710,582000
1991-07-30,12.449156,12.965719,12.423328,12.784922,1.482643,1227200
1991-07-31,12.784922,13.017375,12.784922,13.017375,1.509600,878800
1991-08-01,13.094859,13.094859,12.784922,12.862406,1.491629,1029600
1991-08-02,12.965719,12.991547,12.733266,12.810750,1.485638,1244000
1991-08-05,12.759093,12.759093,12.578297,12.733266,1.476653,572000
1991-08-06,12.707438,12.991547,12.604125,12.939891,1.500613,1363200
1991-08-07,12.914063,13.043203,12.862406,13.017375,1.509600,990000
1991-08-08,12.939891,13.043203,12.810750,13.043203,1.512595,758000
1991-08-09,12.991547,13.069032,12.914063,12.939891,1.500613,496000
1991-08-12,12.939891,12.965719,12.862406,12.888234,1.494624,438400
1991-08-13,12.914063,13.172344,12.836578,13.172344,1.527571,940800
1991-08-14,13.224000,13.224000,12.991547,13.069032,1.515591,819600
1991-08-15,13.017375,13.146516,12.939891,12.991547,1.506605,453200
1991-08-16,12.888234,12.991547,12.655781,12.810750,1.485638,899200
1991-08-19,12.397500,12.655781,12.397500,12.474984,1.446700,1506400
1991-08-20,12.629953,12.784922,12.474984,12.578297,1.458681,1038800
1991-08-21,12.707438,13.094859,12.681609,13.069032,1.515591,1108400
1991-08-22,13.094859,13.146516,12.991547,13.017375,1.509600,629600
1991-08-23,13.017375,13.224000,12.991547,13.017375,1.509600,1034000
1991-08-26,12.965719,13.069032,12.939891,12.991547,1.506605,378800
1991-08-27,13.043203,13.043203,12.836578,12.888234,1.494624,487200
1991-08-28,12.939891,13.172344,12.914063,13.172344,1.527571,574400
1991-08-29,13.172344,13.224000,13.094859,13.224000,1.533562,824000
1991-08-30,13.224000,13.301484,13.120687,13.301484,1.542547,565600
1991-09-03,13.249828,13.327312,13.172344,13.249828,1.536558,715600
1991-09-04,13.301484,13.301484,12.965719,13.301484,1.542547,863600
1991-09-05,13.301484,13.301484,13.017375,13.120687,1.521582,650400
1991-09-06,13.120687,13.146516,13.017375,13.094859,1.518586,568000
1991-09-09,13.043203,13.120687,12.965719,13.017375,1.509600,371600
1991-09-10,12.965719,12.991547,12.759093,12.810750,1.485638,861200
1991-09-11,12.862406,12.914063,12.629953,12.707438,1.473657,1023200
1991-09-12,12.707438,12.733266,12.578297,12.681609,1.470662,1722400
1991-09-13,12.629953,12.655781,12.500813,12.526641,1.452690,1038000
1991-09-16,12.500813,12.578297,12.320016,12.526641,1.452690,1731600
1991-09-17,12.604125,12.681609,12.552468,12.681609,1.470662,1596400
1991-09-18,12.629953,12.681609,12.604125,12.681609,1.470662,542000
1991-09-19,12.604125,12.759093,12.604125,12.655781,1.467667,1804400
1991-09-20,12.784922,12.784922,12.500813,12.578297,1.458681,2052400
1991-09-23,12.526641,12.578297,12.397500,12.449156,1.443705,1094400
1991-09-24,12.474984,12.552468,12.371672,12.474984,1.446700,1529200
1991-09-25,12.500813,12.578297,12.474984,12.578297,1.458681,1142800
1991-09-26,12.526641,12.552468,12.371672,12.474984,1.446700,633200
1991-09-27,12.423328,12.552468,12.397500,12.423328,1.440710,896400
1991-09-30,12.423328,12.604125,12.371672,12.604125,1.461676,1362800
1991-10-01,12.552468,12.655781,12.500813,12.578297,1.458681,1070400
1991-10-02,12.578297,12.604125,12.320016,12.371672,1.434719,1072400
1991-10-03,12.268359,12.320016,12.216703,12.216703,1.416747,1585600
1991-10-04,12.216703,12.345843,12.190875,12.216703,1.460996,1718000
1991-10-07,12.165047,12.268359,12.113391,12.190875,1.457907,1458400
1991-10-08,12.165047,12.500813,12.165047,12.423328,1.485706,1473200
1991-10-09,12.474984,12.655781,12.449156,12.578297,1.504238,1355200
1991-10-10,12.526641,12.862406,12.500813,12.784922,1.528949,1180800
1991-10-11,12.810750,12.810750,12.629953,12.655781,1.513505,398000
1991-10-14,12.759093,12.888234,12.733266,12.836578,1.535127,638800
1991-10-15,12.836578,13.275657,12.836578,13.275657,1.587636,1188800
1991-10-16,13.120687,13.275657,13.120687,13.198172,1.578370,1470000
1991-10-17,13.198172,13.224000,12.965719,13.094859,1.566015,641600
1991-10-18,13.043203,13.094859,12.888234,12.939891,1.547482,711200
1991-10-21,13.017375,13.017375,12.733266,12.810750,1.532038,627200
1991-10-22,12.810750,12.914063,12.552468,12.604125,1.507328,1078000
1991-10-23,12.629953,12.681609,12.345843,12.371672,1.479529,1359600
1991-10-24,12.371672,12.371672,12.165047,12.242531,1.464085,982800
1991-10-25,12.268359,12.345843,12.216703,12.345843,1.476441,674800
1991-10-28,12.397500,12.733266,12.371672,12.733266,1.522772,1096000
1991-10-29,12.733266,12.888234,12.629953,12.759093,1.525860,878400
1991-10-30,12.733266,12.759093,12.604125,12.759093,1.525860,846800
1991-10-31,12.759093,12.836578,12.707438,12.784922,1.528949,778400
1991-11-01,12.784922,12.810750,12.604125,12.759093,1.525860,1764400
1991-11-04,12.733266,12.862406,12.681609,12.862406,1.538216,1373600
1991-11-05,12.862406,13.198172,12.836578,13.172344,1.575281,1106800
1991-11-06,13.172344,13.172344,13.069032,13.172344,1.575281,796800
1991-11-07,13.198172,13.404797,13.198172,13.378969,1.599991,1886000
1991-11-08,13.378969,13.430625,13.327312,13.378969,1.599991,999600
1991-11-11,13.327312,13.585594,13.275657,13.585594,1.624702,957600
1991-11-12,13.611422,14.179641,13.611422,13.973016,1.671034,1538400
1991-11-13,13.843875,13.895532,13.688907,13.869703,1.658679,1206400
1991-11-14,13.792219,13.869703,13.740562,13.843875,1.655589,900000
1991-11-15,13.714734,13.947187,13.533937,13.533937,1.618525,1044400
1991-11-18,13.688907,13.947187,13.482282,13.921359,1.664856,1654800
1991-11-19,13.947187,13.947187,13.224000,13.740562,1.643234,1647600
1991-11-20,13.843875,13.843875,13.456453,13.559766,1.621614,1148800
1991-11-21,13.533937,13.740562,13.430625,13.508109,1.615436,1669200
1991-11-22,13.508109,13.637250,13.301484,13.637250,1.630880,1227600
1991-11-25,13.611422,13.637250,13.353141,13.430625,1.606169,1464400
1991-11-26,13.533937,13.663078,13.301484,13.637250,1.630880,1197600
1991-11-27,13.688907,13.818047,13.611422,13.637250,1.630880,579200
1991-11-29,13.533937,13.559766,13.430625,13.456453,1.609258,364800
1991-12-02,13.275657,13.688907,13.249828,13.688907,1.637057,1412400
1991-12-03,13.637250,13.921359,13.637250,13.766391,1.646323,1460000
1991-12-04,13.688907,13.895532,13.663078,13.766391,1.646323,904800
1991-12-05,13.637250,13.843875,13.637250,13.818047,1.652501,1075600
1991-12-06,13.766391,14.205469,13.766391,14.179641,1.695743,978400
1991-12-09,14.153812,14.515407,14.127984,14.153812,1.692655,1058400
1991-12-10,14.179641,14.205469,13.895532,14.024672,1.677212,1378000
1991-12-11,14.076328,14.127984,13.663078,13.947187,1.667945,1154400
1991-12-12,13.973016,14.024672,13.843875,13.947187,1.667945,844400
1991-12-13,14.050500,14.153812,13.973016,13.998844,1.674122,1484000
1991-12-16,14.076328,14.360437,14.076328,14.360437,1.717365,718000
1991-12-17,14.334609,14.489578,14.257125,14.412094,1.723543,1105600
1991-12-18,14.437922,14.644547,14.360437,14.592891,1.745165,840000
1991-12-19,14.592891,14.592891,14.386266,14.437922,1.726631,845200
1991-12-20,14.799516,14.799516,14.463750,14.567062,1.742076,2373200
1991-12-23,14.567062,14.980312,14.541234,14.980312,1.791495,970800
1991-12-24,14.928657,14.980312,14.825344,14.980312,1.791495,673600
1991-12-26,15.006141,15.135282,14.980312,15.057796,1.800763,660000
1991-12-27,14.928657,15.135282,14.928657,15.135282,1.810029,706400
1991-12-30,15.057796,15.109453,14.877000,14.928657,1.785319,1162800
1991-12-31,14.902828,15.212766,14.825344,15.212766,1.819296,1219600
1992-01-02,15.161109,15.445219,14.877000,15.445219,1.847096,1182800
1992-01-03,15.445219,15.677671,15.341907,15.677671,1.874893,1110800
1992-01-06,15.548532,15.548532,15.290250,15.393562,1.885413,1537200
1992-01-07,15.238594,15.238594,14.877000,14.928657,1.828472,1734800
1992-01-08,14.877000,15.109453,14.877000,15.006141,1.837962,1712400
1992-01-09,14.877000,15.083625,14.644547,14.851171,1.818981,1376800
1992-01-10,14.722032,14.799516,14.386266,14.567062,1.784184,1152800
1992-01-13,14.515407,14.515407,14.127984,14.257125,1.746222,2128800
1992-01-14,14.205469,14.618719,14.205469,14.592891,1.787347,1924400
1992-01-15,14.592891,14.799516,14.360437,14.386266,1.762039,1143600
1992-01-16,14.102157,14.153812,13.843875,13.973016,1.711424,2303200
1992-01-17,14.205469,14.257125,14.024672,14.076328,1.724077,1720800
1992-01-20,14.179641,14.231297,14.050500,14.127984,1.730404,972000
1992-01-21,14.127984,14.153812,13.533937,13.663078,1.673462,2304400
1992-01-22,13.688907,13.998844,13.688907,13.947187,1.708260,1576000
1992-01-23,14.024672,14.334609,14.024672,14.257125,1.746222,1773200
1992-01-24,14.257125,14.644547,14.257125,14.515407,1.777857,1573200
1992-01-27,14.670375,14.722032,14.515407,14.618719,1.790510,1099200
1992-01-28,14.592891,14.722032,14.592891,14.618719,1.790510,922800
1992-01-29,14.567062,14.618719,14.308782,14.360437,1.758875,2366400
1992-01-30,14.360437,14.592891,14.153812,14.541234,1.781020,1101600
1992-01-31,14.489578,14.541234,14.386266,14.412094,1.765202,1097600
1992-02-03,14.412094,14.567062,14.386266,14.567062,1.784184,826800
1992-02-04,14.541234,14.670375,14.489578,14.670375,1.796837,867200
1992-02-05,14.618719,14.722032,14.334609,14.386266,1.762039,812800
1992-02-06,14.386266,14.412094,14.257125,14.412094,1.765202,748000
1992-02-07,14.463750,14.463750,13.869703,13.869703,1.698771,918000
1992-02-10,13.895532,14.231297,13.869703,14.205469,1.739895,812400
1992-02-11,14.153812,14.282953,14.102157,14.127984,1.730404,486800
1992-02-12,14.205469,14.644547,14.153812,14.567062,1.784184,1118400
1992-02-13,14.567062,14.592891,14.308782,14.412094,1.765202,1126800
1992-02-14,14.308782,14.334609,14.050500,14.205469,1.739895,1216800
1992-02-18,14.102157,14.102157,13.714734,13.714734,1.679789,1608800
1992-02-19,13.688907,13.869703,13.637250,13.792219,1.689279,2520000
1992-02-20,13.947187,14.463750,13.947187,14.463750,1.771529,1763200
1992-02-21,14.386266,14.437922,14.127984,14.153812,1.733568,1091200
1992-02-24,14.205469,14.257125,14.127984,14.231297,1.743059,716400
1992-02-25,14.360437,14.386266,14.050500,14.334609,1.755712,762400
1992-02-26,14.282953,14.360437,14.179641,14.360437,1.758875,1106000
1992-02-27,14.437922,14.489578,14.386266,14.412094,1.765202,1417200
1992-02-28,14.412094,14.437922,14.127984,14.257125,1.746222,695200
1992-03-02,14.205469,14.308782,13.947187,14.102157,1.727242,1007600
1992-03-03,14.127984,14.127984,13.947187,13.998844,1.714587,844000
1992-03-04,13.998844,13.998844,13.688907,13.688907,1.676627,1434800
1992-03-05,13.663078,13.688907,13.559766,13.637250,1.670300,1292400
1992-03-06,13.637250,13.843875,13.637250,13.663078,1.673462,1468800
1992-03-09,13.637250,13.740562,13.585594,13.714734,1.679789,1093600
1992-03-10,13.766391,13.998844,13.766391,13.921359,1.705096,1330400
1992-03-11,13.869703,13.869703,13.688907,13.688907,1.676627,1137200
1992-03-12,13.766391,13.766391,13.585594,13.637250,1.670300,1619600
1992-03-13,13.740562,13.869703,13.688907,13.740562,1.682953,766400
1992-03-16,13.714734,13.740562,13.585594,13.637250,1.670300,1030800
1992-03-17,13.688907,13.869703,13.688907,13.869703,1.698771,892400
1992-03-18,13.998844,13.998844,13.792219,13.895532,1.701934,789200
1992-03-19,13.947187,13.973016,13.843875,13.869703,1.698771,888800
1992-03-20,13.869703,13.869703,13.688907,13.818047,1.692444,1398400
1992-03-23,13.818047,13.818047,13.585594,13.663078,1.673462,803600
1992-03-24,13.637250,13.921359,13.637250,13.818047,1.692444,2417200
1992-03-25,13.818047,13.843875,13.688907,13.688907,1.676627,1771200
1992-03-26,13.740562,13.740562,13.611422,13.637250,1.670300,588400
1992-03-27,13.585594,13.585594,13.301484,13.301484,1.629174,1245200
1992-03-30,13.275657,13.301484,13.172344,13.172344,1.613356,1866400
1992-03-31,13.120687,13.559766,13.120687,13.482282,1.651318,2038400
1992-04-01,13.482282,13.508109,13.327312,13.456453,1.648155,1711200
1992-04-02,13.508109,13.533937,13.224000,13.224000,1.619684,1003200
1992-04-03,13.301484,13.482282,13.249828,13.482282,1.651318,1466800
1992-04-06,13.637250,13.843875,13.637250,13.843875,1.743453,1760400
1992-04-07,13.843875,13.843875,13.508109,13.533937,1.704420,1509200
1992-04-08,13.430625,13.456453,13.249828,13.301484,1.675146,1775600
1992-04-09,13.404797,13.456453,13.249828,13.327312,1.678398,1666400
1992-04-10,13.482282,13.611422,13.456453,13.559766,1.707674,1541600
1992-04-13,13.559766,13.663078,13.482282,13.663078,1.720683,1143600
1992-04-14,13.740562,14.153812,13.688907,14.024672,1.766223,1298000
1992-04-15,13.998844,14.050500,13.818047,13.843875,1.743453,1601600
1992-04-16,13.895532,13.947187,13.637250,13.714734,1.727189,1299600
1992-04-20,13.611422,13.611422,13.482282,13.508109,1.701168,1841600
1992-04-21,13.430625,13.430625,13.146516,13.172344,1.658882,1900400
1992-04-22,13.172344,13.224000,13.043203,13.120687,1.652377,1476000
1992-04-23,13.120687,13.198172,12.991547,13.172344,1.658882,1366000
1992-04-24,13.275657,13.327312,12.888234,13.043203,1.642619,1287200
1992-04-27,13.120687,13.120687,12.939891,13.043203,1.642619,1017200
1992-04-28,13.017375,13.069032,12.862406,13.017375,1.639367,921600
1992-04-29,13.017375,13.043203,12.965719,13.043203,1.642619,1926000
1992-04-30,13.146516,13.224000,12.991547,13.224000,1.665388,2024400
1992-05-01,13.172344,13.172344,13.017375,13.146516,1.655630,1025200
1992-05-04,13.120687,13.224000,13.017375,13.224000,1.665388,2807200
1992-05-05,13.172344,13.198172,12.914063,13.043203,1.642619,2907600
1992-05-06,12.991547,13.043203,12.914063,12.939891,1.629608,2135200
1992-05-07,12.862406,12.888234,12.733266,12.810750,1.613345,1639600
1992-05-08,12.784922,12.888234,12.733266,12.759093,1.606839,1924400
1992-05-11,12.810750,12.888234,12.784922,12.862406,1.619850,1916800
1992-05-12,12.914063,13.069032,12.862406,12.939891,1.629608,2617200
1992-05-13,12.939891,12.991547,12.914063,12.991547,1.636113,794800
1992-05-14,12.939891,12.939891,12.759093,12.759093,1.606839,1019200
1992-05-15,12.604125,12.655781,12.397500,12.397500,1.561301,1656800
1992-05-18,12.449156,12.500813,12.371672,12.449156,1.567807,1636000
1992-05-19,12.500813,12.500813,12.139218,12.371672,1.558049,2559600
1992-05-20,12.371672,12.707438,12.345843,12.578297,1.584070,3478400
1992-05-21,12.578297,12.655781,12.500813,12.500813,1.574312,2896000
1992-05-22,12.552468,12.655781,12.552468,12.629953,1.590576,775200
1992-05-26,12.604125,12.629953,12.345843,12.371672,1.558049,1321600
1992-05-27,12.320016,12.345843,12.139218,12.216703,1.538532,2956400
1992-05-28,12.268359,12.888234,12.268359,12.862406,1.619850,2245600
1992-05-29,13.069032,13.378969,13.069032,13.120687,1.652377,2578800
1992-06-01,13.069032,13.224000,12.991547,13.224000,1.665388,1351600
1992-06-02,13.224000,13.249828,13.172344,13.172344,1.658882,844000
1992-06-03,13.120687,13.224000,13.120687,13.146516,1.655630,789200
1992-06-04,13.120687,13.146516,13.069032,13.069032,1.645872,622800
1992-06-05,13.017375,13.069032,12.914063,12.965719,1.632861,749600
1992-06-08,12.965719,13.069032,12.939891,13.043203,1.642619,900400
1992-06-09,13.043203,13.069032,12.991547,13.043203,1.642619,4730000
1992-06-10,12.965719,13.043203,12.914063,12.914063,1.626356,1004400
1992-06-11,12.914063,12.965719,12.862406,12.939891,1.629608,1299600
1992-06-12,12.991547,13.094859,12.939891,12.991547,1.636113,2790000
1992-06-15,12.965719,13.224000,12.939891,13.094859,1.649124,863600
1992-06-16,13.043203,13.353141,13.043203,13.120687,1.652377,1735600
1992-06-17,13.069032,13.146516,12.888234,12.888234,1.623103,2129600
1992-06-18,12.862406,12.965719,12.810750,12.862406,1.619850,881200
1992-06-19,12.836578,13.146516,12.836578,13.043203,1.642619,1611600
1992-06-22,13.043203,13.327312,13.043203,13.327312,1.678398,1056400
1992-06-23,13.430625,13.663078,13.378969,13.663078,1.720683,1745600
1992-06-24,13.663078,13.895532,13.508109,13.533937,1.704420,1444800
1992-06-25,13.533937,13.559766,13.456453,13.533937,1.704420,1718400
1992-06-26,13.559766,13.766391,13.533937,13.766391,1.733694,840800
1992-06-29,13.792219,13.947187,13.766391,13.895532,1.749959,676000
1992-06-30,14.024672,14.076328,13.792219,13.869703,1.746707,1679200
1992-07-01,13.843875,14.024672,13.843875,13.998844,1.762969,1290000
1992-07-02,13.921359,13.998844,13.869703,13.921359,1.753211,2352400
1992-07-06,13.895532,14.102157,13.843875,14.076328,1.827874,1110000
1992-07-07,14.205469,14.412094,14.153812,14.153812,1.837935,2085600
1992-07-08,14.179641,14.308782,14.127984,14.205469,1.844643,884800
1992-07-09,14.257125,14.334609,14.205469,14.231297,1.847997,537600
1992-07-10,14.257125,14.282953,14.127984,14.257125,1.851351,842000
1992-07-13,14.231297,14.308782,14.179641,14.257125,1.851351,474000
1992-07-14,14.257125,14.334609,14.205469,14.308782,1.858059,883600
1992-07-15,14.282953,14.360437,14.231297,14.308782,1.858059,793200
1992-07-16,14.205469,14.231297,14.076328,14.179641,1.841289,733200
1992-07-17,14.153812,14.179641,14.076328,14.179641,1.841289,882400
1992-07-20,13.947187,14.102157,13.869703,14.050500,1.824520,741200
1992-07-21,14.102157,14.127984,14.050500,14.076328,1.827874,525200
1992-07-22,13.973016,13.998844,13.921359,13.947187,1.811104,754800
1992-07-23,13.895532,13.947187,13.663078,13.740562,1.784272,1087600
1992-07-24,13.663078,13.818047,13.637250,13.818047,1.794334,559600
1992-07-27,13.843875,14.076328,13.818047,14.024672,1.821167,649200
1992-07-28,14.050500,14.360437,14.024672,14.257125,1.851351,814400
1992-07-29,14.282953,14.567062,14.282953,14.360437,1.864766,1172400
1992-07-30,14.386266,14.412094,14.334609,14.386266,1.868120,686000
1992-07-31,14.282953,14.437922,14.282953,14.437922,1.874827,485600
1992-08-03,14.412094,14.437922,14.308782,14.412094,1.871473,498400
1992-08-04,14.412094,14.515407,14.334609,14.463750,1.878182,990800
1992-08-05,14.463750,14.463750,14.334609,14.360437,1.864766,657600
1992-08-06,14.360437,14.386266,14.282953,14.308782,1.858059,442000
1992-08-07,14.257125,14.567062,14.257125,14.386266,1.868120,897600
1992-08-10,14.334609,14.618719,14.334609,14.592891,1.894951,454800
1992-08-11,14.618719,14.644547,14.412094,14.618719,1.898305,760400
1992-08-12,14.618719,14.696203,14.412094,14.437922,1.874827,422800
1992-08-13,14.437922,14.515407,14.437922,14.489578,1.881536,575600
1992-08-14,14.489578,14.696203,14.489578,14.541234,1.888243,656400
1992-08-17,14.567062,14.592891,14.412094,14.437922,1.874827,881600
1992-08-18,14.463750,14.489578,14.386266,14.463750,1.878182,513600
1992-08-19,14.463750,14.541234,14.437922,14.463750,1.878182,824800
1992-08-20,14.489578,14.592891,14.489578,14.567062,1.891597,715200
1992-08-21,14.670375,14.670375,14.308782,14.463750,1.878182,1104800
1992-08-24,14.437922,14.437922,14.282953,14.386266,1.868120,467200
1992-08-25,14.334609,14.334609,14.153812,14.153812,1.837935,1339600
1992-08-26,14.179641,14.334609,14.102157,14.231297,1.847997,679200
1992-08-27,14.257125,14.308782,14.153812,14.257125,1.851351,829200
1992-08-28,14.308782,14.334609,14.257125,14.308782,1.858059,434000
1992-08-31,14.308782,14.386266,14.231297,14.360437,1.864766,380000
1992-09-01,14.308782,14.489578,14.282953,14.463750,1.878182,503200
1992-09-02,14.567062,14.722032,14.463750,14.722032,1.911720,1371200
1992-09-03,14.722032,14.851171,14.644547,14.773687,1.918429,1070800
1992-09-04,14.722032,14.799516,14.618719,14.747859,1.915076,448000
1992-09-08,14.747859,14.747859,14.618719,14.670375,1.905013,1137200
1992-09-09,14.670375,14.747859,14.541234,14.722032,1.911720,875600
1992-09-10,14.722032,14.773687,14.644547,14.747859,1.915076,1010800
1992-09-11,14.799516,14.980312,14.747859,14.954484,1.941905,1379600
1992-09-14,15.031969,15.264421,14.954484,15.135282,1.965383,1432400
1992-09-15,15.083625,15.109453,14.670375,14.696203,1.908367,1308400
1992-09-16,14.618719,15.109453,14.618719,15.083625,1.958676,2089200
1992-09-17,15.083625,15.161109,14.902828,14.980312,1.945259,771200
1992-09-18,14.980312,15.031969,14.928657,15.031969,1.951968,1153600
1992-09-21,15.031969,15.031969,14.102157,14.360437,1.864766,2013200
1992-09-22,13.973016,14.076328,13.792219,13.818047,1.794334,4791600
1992-09-23,13.818047,13.843875,13.714734,13.766391,1.787627,2620400
1992-09-24,13.766391,14.024672,13.766391,13.998844,1.817812,1690000
1992-09-25,13.895532,13.921359,13.637250,13.740562,1.784272,2466400
1992-09-28,13.637250,13.714734,13.508109,13.533937,1.757441,1479600
1992-09-29,13.559766,13.740562,13.533937,13.663078,1.774212,1615600
1992-09-30,13.688907,13.740562,13.637250,13.714734,1.780919,1146800
1992-10-01,13.714734,13.740562,13.585594,13.740562,1.784272,786400
1992-10-02,13.740562,13.740562,13.663078,13.714734,1.780919,714000
1992-10-05,13.585594,13.637250,13.327312,13.404797,1.795663,2210400
1992-10-06,13.430625,13.482282,13.327312,13.378969,1.792203,3339200
1992-10-07,13.378969,13.482282,13.378969,13.430625,1.799122,655200
1992-10-08,13.430625,13.714734,13.430625,13.714734,1.837181,968800
1992-10-09,13.688907,13.688907,13.456453,13.482282,1.806041,649600
1992-10-12,13.508109,13.663078,13.508109,13.611422,1.823341,595600
1992-10-13,13.585594,13.688907,13.585594,13.637250,1.826801,805600
1992-10-14,13.585594,13.740562,13.559766,13.740562,1.840640,966400
1992-10-15,13.740562,13.869703,13.740562,13.792219,1.847560,869600
1992-10-16,13.895532,13.947187,13.766391,13.947187,1.868319,1444000
1992-10-19,13.998844,14.386266,13.998844,14.334609,1.920218,1045600
1992-10-20,14.360437,14.437922,14.076328,14.076328,1.885619,864800
1992-10-21,14.127984,14.153812,14.024672,14.127984,1.892538,572400
1992-10-22,14.179641,14.257125,14.024672,14.102157,1.889079,669600
1992-10-23,14.102157,14.179641,13.921359,14.024672,1.878699,642000
1992-10-26,14.024672,14.024672,13.818047,13.998844,1.875239,840000
1992-10-27,14.050500,14.050500,13.843875,13.895532,1.861400,934400
1992-10-28,13.947187,13.947187,13.818047,13.843875,1.854480,1206400
1992-10-29,13.818047,13.843875,13.688907,13.766391,1.844100,1369600
1992-10-30,13.740562,13.998844,13.740562,13.895532,1.861400,1478400
1992-11-02,13.843875,13.947187,13.843875,13.921359,1.864859,1452800
1992-11-03,13.895532,14.102157,13.869703,13.895532,1.861400,1145200
1992-11-04,13.843875,13.921359,13.792219,13.792219,1.847560,885600
1992-11-05,13.818047,13.818047,13.688907,13.714734,1.837181,928000
1992-11-06,13.688907,13.688907,13.585594,13.611422,1.823341,1229600
1992-11-09,13.611422,13.766391,13.559766,13.714734,1.837181,843200
1992-11-10,13.766391,13.766391,13.688907,13.766391,1.844100,1054800
1992-11-11,13.766391,13.921359,13.766391,13.921359,1.864859,1158400
1992-11-12,13.921359,14.076328,13.895532,14.024672,1.878699,1650000
1992-11-13,14.024672,14.102157,13.973016,14.076328,1.885619,516800
1992-11-16,14.050500,14.050500,13.895532,13.947187,1.868319,736800
1992-11-17,13.869703,13.947187,13.869703,13.895532,1.861400,459200
1992-11-18,13.947187,14.205469,13.921359,14.127984,1.892538,1282800
1992-11-19,14.127984,14.205469,13.973016,14.153812,1.895998,787600
1992-11-20,14.463750,14.463750,14.205469,14.205469,1.902918,1821600
1992-11-23,14.231297,14.231297,14.179641,14.205469,1.902918,502000
1992-11-24,14.257125,14.489578,14.231297,14.308782,1.916757,1418400
1992-11-25,14.360437,14.437922,14.205469,14.437922,1.934057,910800
1992-11-27,14.515407,14.592891,14.463750,14.463750,1.937516,410800
1992-11-30,14.515407,14.541234,14.386266,14.463750,1.937516,603200
1992-12-01,14.515407,14.515407,14.179641,14.257125,1.909838,686000
1992-12-02,14.179641,14.179641,13.869703,13.895532,1.861400,2036000
1992-12-03,13.895532,13.973016,13.869703,13.973016,1.871780,1914800
1992-12-04,14.050500,14.205469,14.050500,14.102157,1.889079,1413600
1992-12-07,14.127984,14.360437,14.050500,14.179641,1.899458,1257200
1992-12-08,14.179641,14.205469,14.050500,14.153812,1.895998,810800
1992-12-09,14.205469,14.205469,14.076328,14.102157,1.889079,1237600
1992-12-10,14.102157,14.102157,13.921359,13.947187,1.868319,1479200
1992-12-11,13.921359,13.998844,13.818047,13.998844,1.875239,1738800
1992-12-14,14.050500,14.231297,14.050500,14.127984,1.892538,916400
1992-12-15,14.102157,14.102157,13.998844,14.024672,1.878699,1040000
1992-12-16,13.973016,14.076328,13.869703,14.050500,1.882159,1153200
1992-12-17,14.050500,14.257125,14.024672,14.127984,1.892538,2331600
1992-12-18,14.308782,14.463750,14.231297,14.463750,1.937516,3262400
1992-12-21,14.412094,14.541234,14.386266,14.541234,1.947895,1020800
1992-12-22,14.567062,14.877000,14.541234,14.877000,1.992874,1887600
1992-12-23,14.877000,14.980312,14.851171,14.851171,1.989415,1192400
1992-12-24,14.799516,14.851171,14.773687,14.799516,1.982494,374800
1992-12-28,14.722032,14.747859,14.644547,14.722032,1.972114,344400
1992-12-29,14.644547,14.773687,14.644547,14.722032,1.972114,706000
1992-12-30,14.773687,14.799516,14.489578,14.592891,1.954816,596400
1992-12-31,14.644547,14.670375,14.153812,14.153812,1.895998,689600
1993-01-04,14.257125,14.360437,14.076328,14.102157,1.946850,2276800
1993-01-05,14.102157,14.179641,14.050500,14.076328,1.943283,1144400
1993-01-06,14.076328,14.127984,13.998844,14.076328,1.943283,1286000
1993-01-07,14.050500,14.127984,13.947187,13.998844,1.932586,1132800
1993-01-08,13.998844,14.076328,13.869703,13.921359,1.921889,2296800
1993-01-11,13.921359,14.050500,13.895532,13.998844,1.932586,640400
1993-01-12,14.076328,14.076328,13.973016,14.024672,1.936152,924000
1993-01-13,13.973016,14.024672,13.895532,13.998844,1.932586,840400
1993-01-14,14.076328,14.179641,14.050500,14.102157,1.946850,940800
1993-01-15,14.231297,14.334609,14.153812,14.205469,1.961111,1264000
1993-01-18,14.205469,14.308782,14.102157,14.257125,1.968242,766400
1993-01-19,14.231297,14.257125,14.024672,14.024672,1.936152,642800
1993-01-20,14.076328,14.102157,13.921359,13.973016,1.929021,2073600
1993-01-21,13.998844,14.024672,13.869703,13.973016,1.929021,1309600
1993-01-22,13.973016,14.050500,13.869703,13.895532,1.918325,3025200
1993-01-25,13.843875,13.998844,13.792219,13.947187,1.925454,1603200
1993-01-26,13.973016,14.050500,13.921359,14.024672,1.936152,1248800
1993-01-27,13.973016,14.076328,13.947187,13.947187,1.925454,658000
1993-01-28,13.947187,14.024672,13.895532,14.024672,1.936152,1315600
1993-01-29,13.998844,14.024672,13.947187,13.947187,1.925454,610000
1993-02-01,13.947187,13.998844,13.895532,13.998844,1.932586,819200
1993-02-02,14.024672,14.024672,13.973016,13.998844,1.932586,588800
1993-02-03,14.024672,14.024672,13.792219,13.998844,1.932586,971600
1993-02-04,14.050500,14.102157,13.947187,13.998844,1.932586,1178400
1993-02-05,13.947187,13.947187,13.637250,13.843875,1.911192,2105600
1993-02-08,13.843875,13.843875,13.585594,13.663078,1.886232,1612400
1993-02-09,13.637250,13.663078,13.585594,13.637250,1.882667,1506000
1993-02-10,13.688907,13.766391,13.611422,13.637250,1.882667,1101200
1993-02-11,13.585594,13.766391,13.585594,13.637250,1.882667,1149600
1993-02-12,13.611422,13.766391,13.611422,13.714734,1.893363,1087600
1993-02-16,13.663078,13.663078,13.508109,13.559766,1.871971,1600800
1993-02-17,13.508109,13.585594,13.482282,13.585594,1.875537,1691200
1993-02-18,13.533937,13.611422,13.430625,13.533937,1.868405,2156800
1993-02-19,13.585594,13.792219,13.559766,13.688907,1.889799,1739200
1993-02-22,13.714734,13.921359,13.714734,13.921359,1.921889,2352800
1993-02-23,13.921359,14.102157,13.818047,14.102157,1.946850,1502000
1993-02-24,14.102157,14.205469,14.076328,14.179641,1.957546,1490000
1993-02-25,14.257125,14.257125,13.947187,14.205469,1.961111,1585600
1993-02-26,14.257125,14.334609,14.205469,14.282953,1.971809,885600
1993-03-01,14.282953,14.386266,14.257125,14.334609,1.978940,728000
1993-03-02,14.386266,14.592891,14.360437,14.592891,2.014597,1042800
1993-03-03,14.670375,15.109453,14.592891,15.083625,2.082344,1572800
1993-03-04,15.031969,15.031969,14.851171,14.928657,2.060950,726400
1993-03-05,14.877000,14.928657,14.773687,14.825344,2.046688,1347200
1993-03-08,14.825344,15.161109,14.799516,15.109453,2.085908,1487600
1993-03-09,15.161109,15.186937,14.954484,15.083625,2.082344,1091200
1993-03-10,15.212766,15.316078,15.186937,15.290250,2.110871,1238400
1993-03-11,15.290250,15.290250,15.083625,15.109453,2.085908,654000
1993-03-12,14.980312,15.006141,14.851171,14.980312,2.068082,1052000
1993-03-15,14.928657,15.006141,14.851171,14.877000,2.053819,1280800
1993-03-16,14.954484,15.006141,14.877000,14.954484,2.064515,648800
1993-03-17,14.902828,15.006141,14.825344,15.006141,2.071648,1045600
1993-03-18,15.006141,15.161109,15.006141,15.135282,2.089477,1148800
1993-03-19,15.238594,15.238594,15.006141,15.006141,2.071648,1712400
1993-03-22,14.980312,15.031969,14.877000,14.902828,2.057385,1450800
1993-03-23,14.902828,14.902828,14.670375,14.722032,2.032425,1725600
1993-03-24,14.670375,14.799516,14.463750,14.567062,2.011031,1960800
1993-03-25,14.515407,14.592891,14.463750,14.463750,1.996769,2650800
1993-03-26,14.463750,14.515407,14.386266,14.386266,1.986071,1452800
1993-03-29,14.412094,14.618719,14.412094,14.567062,2.011031,1059200
1993-03-30,14.515407,14.644547,14.515407,14.618719,2.018162,444000
1993-03-31,14.592891,14.722032,14.541234,14.644547,2.021729,1177600
1993-04-01,14.670375,14.747859,14.644547,14.747859,2.035991,853200
1993-04-02,14.592891,14.592891,14.463750,14.489578,2.058971,1516000
1993-04-05,14.463750,14.489578,14.205469,14.257125,2.025939,4054400
1993-04-06,14.153812,14.153812,13.766391,13.947187,1.981897,2953600
1993-04-07,13.998844,14.076328,13.766391,13.792219,1.959876,1968400
1993-04-08,13.792219,13.792219,13.456453,13.456453,1.912164,538400
1993-04-12,13.688907,13.947187,13.688907,13.792219,1.959876,2158000
1993-04-13,13.843875,13.998844,13.843875,13.921359,1.978227,1033600
1993-04-14,13.921359,14.050500,13.895532,13.998844,1.989237,1363600
1993-04-15,13.895532,13.921359,13.740562,13.792219,1.959876,1163200
1993-04-16,13.740562,13.766391,13.533937,13.533937,1.923175,3862000
1993-04-19,13.533937,13.585594,13.430625,13.482282,1.915833,1351600
1993-04-20,13.430625,13.585594,13.404797,13.533937,1.923175,2140400
1993-04-21,13.585594,13.766391,13.533937,13.740562,1.952535,1320000
1993-04-22,13.688907,13.766391,13.508109,13.533937,1.923175,1018000
1993-04-23,13.559766,13.559766,13.275657,13.378969,1.901153,1478800
1993-04-26,13.378969,13.456453,13.249828,13.301484,1.890142,965200
1993-04-27,13.301484,13.895532,13.301484,13.818047,1.963547,1427600
1993-04-28,13.869703,13.869703,13.585594,13.585594,1.930515,580000
1993-04-29,13.637250,13.637250,13.327312,13.533937,1.923175,950800
1993-04-30,13.533937,13.818047,13.482282,13.714734,1.948865,1185200
1993-05-03,13.714734,13.714734,13.508109,13.611422,1.934185,1154400
1993-05-04,13.585594,13.714734,13.508109,13.688907,1.945195,1600000
1993-05-05,13.663078,14.076328,13.663078,13.973016,1.985568,1167200
1993-05-06,13.921359,13.921359,13.740562,13.895532,1.974557,633600
1993-05-07,13.895532,13.895532,13.766391,13.843875,1.967216,458800
1993-05-10,13.869703,13.998844,13.766391,13.792219,1.959876,858800
1993-05-11,13.818047,13.818047,13.611422,13.818047,1.963547,1122000
1993-05-12,13.792219,13.818047,13.714734,13.792219,1.959876,711200
1993-05-13,13.740562,13.740562,13.559766,13.663078,1.941525,760000
1993-05-14,13.533937,13.611422,13.378969,13.404797,1.904823,996800
1993-05-17,13.456453,13.482282,13.327312,13.378969,1.901153,1409200
1993-05-18,13.430625,13.559766,13.353141,13.430625,1.908494,1309600
1993-05-19,13.430625,13.947187,13.378969,13.947187,1.981897,2069200
1993-05-20,14.153812,14.334609,14.102157,14.205469,2.018599,2654800
1993-05-21,14.205469,14.437922,14.153812,14.334609,2.036950,1998000
1993-05-24,14.257125,14.257125,13.843875,13.921359,1.978227,2804000
1993-05-25,13.947187,14.024672,13.766391,13.792219,1.959876,2020800
1993-05-26,13.818047,13.818047,13.508109,13.637250,1.937855,1848000
1993-05-27,13.637250,13.740562,13.611422,13.611422,1.934185,1365600
1993-05-28,13.611422,13.637250,13.482282,13.482282,1.915833,823600
1993-06-01,13.585594,13.766391,13.533937,13.740562,1.952535,1036800
1993-06-02,13.688907,13.714734,13.559766,13.585594,1.930515,667200
1993-06-03,13.533937,13.559766,13.430625,13.482282,1.915833,1004400
1993-06-04,13.430625,13.456453,13.224000,13.249828,1.882802,1139600
1993-06-07,13.275657,13.327312,13.094859,13.094859,1.860780,1697200
1993-06-08,13.094859,13.094859,12.914063,12.991547,1.846101,1423600
1993-06-09,12.991547,13.275657,12.991547,13.249828,1.882802,1016000
1993-06-10,13.224000,13.224000,13.017375,13.017375,1.849770,1264800
1993-06-11,13.120687,13.198172,13.017375,13.120687,1.864450,1584000
1993-06-14,13.172344,13.198172,13.094859,13.094859,1.860780,834000
1993-06-15,13.094859,13.094859,12.939891,12.939891,1.838759,818800
1993-06-16,12.939891,13.146516,12.836578,13.120687,1.864450,1881600
1993-06-17,13.120687,13.327312,13.069032,13.275657,1.886473,1202400
1993-06-18,13.146516,13.301484,13.120687,13.224000,1.879133,1644400
1993-06-21,13.224000,13.249828,12.965719,13.224000,1.879133,1089200
1993-06-22,13.275657,13.327312,13.172344,13.224000,1.879133,1079600
1993-06-23,13.172344,13.198172,13.017375,13.043203,1.853441,1139200
1993-06-24,13.069032,13.404797,13.043203,13.404797,1.904823,762400
1993-06-25,13.456453,13.508109,13.378969,13.482282,1.915833,1177600
1993-06-28,13.482282,13.559766,13.404797,13.508109,1.919504,609200
1993-06-29,13.688907,13.818047,13.533937,13.688907,1.945195,1789600
1993-06-30,13.766391,14.076328,13.766391,14.050500,1.996578,1922800
1993-07-01,14.179641,14.205469,14.050500,14.179641,2.014929,2308400
1993-07-02,14.024672,14.127984,13.973016,13.973016,2.053637,1126800
1993-07-06,13.973016,13.998844,13.688907,13.688907,2.011882,823600
1993-07-07,13.714734,13.714734,13.559766,13.663078,2.008085,1176800
1993-07-08,13.663078,13.843875,13.585594,13.843875,2.034658,1307600
1993-07-09,13.843875,13.869703,13.688907,13.688907,2.011882,920800
1993-07-12,13.740562,13.740562,13.430625,13.482282,1.981512,1517200
1993-07-13,13.533937,13.818047,13.508109,13.766391,2.023269,894800
1993-07-14,13.766391,13.895532,13.740562,13.895532,2.042249,1076000
1993-07-15,13.895532,14.024672,13.843875,13.895532,2.042249,972400
1993-07-16,13.947187,13.947187,13.688907,13.714734,2.015678,970000
1993-07-19,13.714734,13.740562,13.482282,13.559766,1.992902,1164400
1993-07-20,13.559766,13.559766,13.404797,13.456453,1.977718,1380000
1993-07-21,13.508109,13.533937,13.378969,13.378969,1.966330,655200
1993-07-22,13.404797,13.508109,13.224000,13.275657,1.951146,959600
1993-07-23,13.172344,13.224000,12.965719,13.069032,1.920777,1487600
1993-07-26,13.069032,13.172344,13.043203,13.069032,1.920777,1130000
1993-07-27,13.043203,13.043203,12.914063,12.939891,1.901797,1125600
1993-07-28,12.888234,13.069032,12.139218,12.216703,1.795510,5242800
1993-07-29,12.345843,12.655781,12.294188,12.552468,1.844857,5085200
1993-07-30,12.604125,12.604125,12.449156,12.552468,1.844857,2032400
1993-08-02,12.526641,12.604125,12.526641,12.604125,1.852449,2230800
1993-08-03,12.604125,12.604125,12.500813,12.578297,1.848653,1557600
1993-08-04,12.604125,12.655781,12.397500,12.423328,1.825877,2273200
1993-08-05,12.423328,12.423328,12.268359,12.397500,1.822081,1337600
1993-08-06,12.423328,12.449156,12.294188,12.345843,1.814489,1534800
1993-08-09,12.294188,12.397500,12.242531,12.294188,1.806898,1109200
1993-08-10,12.242531,12.320016,12.139218,12.139218,1.784121,1518400
1993-08-11,12.139218,12.165047,11.984250,11.984250,1.761345,1569600
1993-08-12,12.010078,12.113391,11.829281,11.984250,1.761345,2039600
1993-08-13,11.984250,12.035906,11.906766,11.906766,1.749957,1411600
1993-08-16,11.958422,11.958422,11.777625,11.829281,1.738569,2848800
1993-08-17,11.803453,12.397500,11.751797,12.345843,1.814489,4890000
1993-08-18,12.707438,12.914063,12.604125,12.914063,1.898001,3960000
1993-08-19,12.914063,13.198172,12.888234,13.017375,1.913186,3635200
1993-08-20,13.043203,13.043203,12.604125,12.707438,1.867634,1902400
1993-08-23,12.655781,12.810750,12.604125,12.733266,1.871429,1084000
1993-08-24,12.681609,12.759093,12.655781,12.759093,1.875225,1643200
1993-08-25,12.707438,12.939891,12.681609,12.888234,1.894205,1997600
1993-08-26,12.810750,12.939891,12.810750,12.939891,1.901797,1531200
1993-08-27,12.888234,12.914063,12.810750,12.888234,1.894205,572000
1993-08-30,12.810750,12.888234,12.784922,12.836578,1.886613,563600
1993-08-31,12.810750,12.914063,12.759093,12.914063,1.898001,1269600
1993-09-01,12.914063,13.069032,12.836578,12.914063,1.898001,1466800
1993-09-02,12.914063,12.991547,12.836578,12.914063,1.898001,1318800
1993-09-03,12.914063,13.017375,12.914063,12.991547,1.909389,377200
1993-09-07,12.939891,12.991547,12.707438,12.784922,1.879020,779600
1993-09-08,12.810750,12.836578,12.552468,12.604125,1.852449,842800
1993-09-09,12.604125,12.759093,12.578297,12.604125,1.852449,908400
1993-09-10,12.578297,12.810750,12.526641,12.810750,1.882816,1185200
1993-09-13,12.759093,12.965719,12.759093,12.939891,1.901797,715600
1993-09-14,12.965719,12.965719,12.836578,12.862406,1.890409,706000
1993-09-15,12.836578,13.017375,12.707438,12.991547,1.909389,923600
1993-09-16,12.991547,13.017375,12.759093,12.784922,1.879020,1243200
1993-09-17,12.784922,12.965719,12.784922,12.862406,1.890409,2225600
1993-09-20,12.862406,13.069032,12.810750,12.862406,1.890409,1420800
1993-09-21,12.810750,12.836578,12.526641,12.578297,1.848653,1076000
1993-09-22,12.604125,12.629953,12.371672,12.500813,1.837265,1456000
1993-09-23,12.500813,12.526641,12.345843,12.345843,1.814489,1107200
1993-09-24,12.397500,12.707438,12.397500,12.552468,1.844857,1380400
1993-09-27,12.604125,12.784922,12.500813,12.578297,1.848653,1446000
1993-09-28,12.578297,12.578297,12.397500,12.474984,1.833469,764800
1993-09-29,12.474984,12.552468,12.371672,12.397500,1.822081,848000
1993-09-30,12.397500,12.578297,12.371672,12.449156,1.829674,1136800
1993-10-01,12.449156,12.578297,12.449156,12.526641,1.841061,1494400
1993-10-04,12.474984,12.552468,12.320016,12.449156,1.900998,1604800
1993-10-05,12.474984,12.655781,12.474984,12.552468,1.916775,1571200
1993-10-06,12.526641,12.629953,12.500813,12.526641,1.912831,1585600
1993-10-07,12.526641,12.526641,12.397500,12.423328,1.897055,1151600
1993-10-08,12.423328,12.500813,12.345843,12.449156,1.900998,969200
1993-10-11,12.500813,12.604125,12.449156,12.604125,1.924663,804000
1993-10-12,12.681609,12.681609,12.552468,12.629953,1.928607,1197600
1993-10-13,12.604125,12.629953,12.552468,12.552468,1.916775,1296800
1993-10-14,12.629953,13.508109,12.629953,13.404797,2.046926,2624400
1993-10-15,13.482282,13.998844,13.456453,13.843875,2.113974,4164400
1993-10-18,13.792219,13.792219,13.430625,13.456453,2.054814,1246400
1993-10-19,13.275657,13.275657,12.707438,13.094859,1.999598,2676000
1993-10-20,12.965719,13.043203,12.836578,13.043203,1.991710,1262000
1993-10-21,13.043203,13.224000,12.991547,13.172344,2.011430,1412800
1993-10-22,13.120687,13.146516,12.939891,12.939891,1.975934,1952800
1993-10-25,12.965719,12.991547,12.836578,12.836578,1.960158,1578400
1993-10-26,12.836578,12.991547,12.681609,12.939891,1.975934,1455600
1993-10-27,12.939891,13.069032,12.888234,13.043203,1.991710,999200
1993-10-28,13.069032,13.353141,13.043203,13.172344,2.011430,1216000
1993-10-29,13.172344,13.275657,13.120687,13.224000,2.019318,890000
1993-11-01,13.172344,13.224000,13.146516,13.172344,2.011430,761600
1993-11-02,13.146516,13.146516,12.862406,12.914063,1.971989,1714800
1993-11-03,12.914063,12.914063,12.474984,12.707438,1.940439,2435200
1993-11-04,12.707438,12.759093,12.578297,12.604125,1.924663,1126800
1993-11-05,12.604125,12.836578,12.578297,12.759093,1.948326,1197600
1993-11-08,12.810750,12.862406,12.604125,12.604125,1.924663,816800
1993-11-09,12.707438,12.759093,12.655781,12.681609,1.936494,851200
1993-11-10,12.707438,12.784922,12.604125,12.784922,1.952269,815600
1993-11-11,12.810750,12.810750,12.655781,12.655781,1.932551,700400
1993-11-12,12.707438,12.862406,12.681609,12.836578,1.960158,971200
1993-11-15,12.836578,12.965719,12.810750,12.810750,1.956215,738400
1993-11-16,12.836578,12.888234,12.707438,12.836578,1.960158,2080800
1993-11-17,12.836578,12.836578,12.578297,12.759093,1.948326,2401200
1993-11-18,12.707438,13.043203,12.707438,12.991547,1.983823,1909200
1993-11-19,12.888234,12.888234,12.681609,12.707438,1.940439,2797200
1993-11-22,12.707438,12.707438,12.474984,12.578297,1.920718,1840000
1993-11-23,12.629953,12.655781,12.500813,12.500813,1.908886,1775600
1993-11-24,12.500813,12.604125,12.500813,12.578297,1.920718,759600
1993-11-26,12.629953,12.784922,12.604125,12.655781,1.932551,326400
1993-11-29,12.604125,12.810750,12.604125,12.707438,1.940439,1237600
1993-11-30,12.655781,12.759093,12.500813,12.552468,1.916775,1186000
1993-12-01,12.552468,12.707438,12.474984,12.474984,1.904943,2228800
1993-12-02,12.474984,12.629953,12.474984,12.578297,1.920718,750000
1993-12-03,12.655781,12.784922,12.604125,12.707438,1.940439,1073200
1993-12-06,12.759093,13.017375,12.733266,12.965719,1.979879,1038000
1993-12-07,12.965719,12.991547,12.810750,12.965719,1.979879,1331600
1993-12-08,12.939891,12.991547,12.914063,12.965719,1.979879,912000
1993-12-09,12.914063,12.939891,12.784922,12.784922,1.952269,1307600
1993-12-10,12.707438,12.784922,12.526641,12.759093,1.948326,2135200
1993-12-13,12.681609,12.681609,12.500813,12.552468,1.916775,1398800
1993-12-14,12.604125,12.681609,12.449156,12.526641,1.912831,1006400
1993-12-15,12.474984,12.526641,12.268359,12.449156,1.900998,1736800
1993-12-16,12.423328,12.655781,12.423328,12.526641,1.912831,2012800
1993-12-17,12.500813,12.655781,12.474984,12.655781,1.932551,2380800
1993-12-20,12.552468,12.655781,12.526641,12.552468,1.916775,1460400
1993-12-21,12.604125,12.655781,12.500813,12.604125,1.924663,1446000
1993-12-22,12.578297,12.784922,12.552468,12.707438,1.940439,1256800
1993-12-23,12.604125,12.629953,12.552468,12.578297,1.920718,1756800
1993-12-27,12.578297,12.604125,12.552468,12.604125,1.924663,1014800
1993-12-28,12.578297,12.604125,12.552468,12.552468,1.916775,1756000
1993-12-29,12.552468,12.629953,12.500813,12.578297,1.920718,1196000
1993-12-30,12.552468,12.629953,12.552468,12.578297,1.920718,844800
1993-12-31,12.604125,12.604125,12.552468,12.552468,1.916775,648400
1994-01-03,12.552468,12.836578,12.552468,12.784922,1.952269,3145600
1994-01-04,12.629953,12.733266,12.604125,12.707438,2.014497,1285200
1994-01-05,12.707438,12.759093,12.526641,12.578297,1.994023,3471200
1994-01-06,12.604125,12.604125,12.397500,12.397500,1.965362,1635200
1994-01-07,12.397500,12.552468,12.397500,12.474984,1.977646,1490000
1994-01-10,12.474984,12.707438,12.397500,12.707438,2.014497,2946400
1994-01-11,12.681609,12.862406,12.681609,12.784922,2.026778,1488400
1994-01-12,12.784922,12.836578,12.759093,12.784922,2.026778,1587200
1994-01-13,12.784922,12.784922,12.552468,12.655781,2.006307,1940000
1994-01-14,12.500813,12.526641,12.371672,12.397500,1.965362,3117600
1994-01-17,12.345843,12.345843,12.113391,12.165047,1.928511,2518800
1994-01-18,12.035906,12.165047,12.035906,12.113391,1.920322,4016400
1994-01-19,12.061734,12.113391,11.984250,12.113391,1.920322,3444800
1994-01-20,12.087563,12.320016,12.035906,12.216703,1.936700,4457600
1994-01-21,12.268359,12.320016,12.216703,12.320016,1.953077,2992000
1994-01-24,12.294188,12.345843,12.242531,12.268359,1.944889,1572400
1994-01-25,12.216703,12.268359,12.165047,12.216703,1.936700,1973600
1994-01-26,12.216703,12.345843,12.165047,12.190875,1.932606,2435200
1994-01-27,12.216703,12.242531,12.113391,12.190875,1.932606,2227200
1994-01-28,12.242531,12.268359,12.113391,12.165047,1.928511,1614000
1994-01-31,12.216703,12.371672,12.216703,12.268359,1.944889,2062000
1994-02-01,12.242531,12.397500,12.190875,12.371672,1.961267,2528000
1994-02-02,12.397500,12.449156,12.294188,12.397500,1.965362,1665200
1994-02-03,12.371672,12.449156,12.320016,12.397500,1.965362,1479200
1994-02-04,12.371672,12.397500,12.294188,12.294188,1.948983,1427200
1994-02-07,12.216703,12.320016,12.165047,12.190875,1.932606,2916800
1994-02-08,12.190875,12.190875,11.829281,11.932593,1.891661,4908800
1994-02-09,11.880938,12.061734,11.855109,12.010078,1.903945,2147200
1994-02-10,11.932593,11.958422,11.829281,11.829281,1.875282,1875600
1994-02-11,11.880938,12.087563,11.880938,11.932593,1.891661,1533600
1994-02-14,11.932593,12.113391,11.932593,12.010078,1.903945,1950800
1994-02-15,12.010078,12.139218,12.010078,12.139218,1.924417,2069600
1994-02-16,12.113391,12.139218,12.035906,12.113391,1.920322,1248800
1994-02-17,12.087563,12.087563,11.932593,11.984250,1.899849,1600800
1994-02-18,12.035906,12.061734,11.880938,11.880938,1.883471,1824400
1994-02-22,11.880938,11.932593,11.700141,11.777625,1.867092,3106400
1994-02-23,11.700141,11.725968,11.467688,11.519343,1.826149,3726400
1994-02-24,11.493516,11.648484,11.467688,11.571000,1.834337,4146800
1994-02-25,11.571000,11.596828,11.467688,11.493516,1.822054,2496000
1994-02-28,11.519343,11.596828,11.493516,11.493516,1.822054,2168000
1994-03-01,11.519343,11.545172,11.441859,11.493516,1.822054,1504000
1994-03-02,11.416031,11.493516,11.390203,11.467688,1.817960,2192000
1994-03-03,11.467688,11.467688,11.390203,11.390203,1.805677,1743200
1994-03-04,11.390203,11.467688,11.364375,11.390203,1.805677,1318000
1994-03-07,11.416031,11.441859,11.157750,11.209406,1.777014,5220000
1994-03-08,11.209406,11.364375,11.209406,11.312718,1.793392,1968400
1994-03-09,11.261063,11.286891,11.080266,11.131922,1.764731,2136000
1994-03-10,11.183578,11.209406,11.106093,11.209406,1.777014,2209600
1994-03-11,11.183578,11.209406,11.080266,11.106093,1.760636,1401200
1994-03-14,11.261063,11.286891,11.183578,11.235234,1.781109,2682400
1994-03-15,11.235234,11.312718,11.183578,11.286891,1.789298,2730000
1994-03-16,11.261063,11.261063,11.183578,11.261063,1.785203,1250000
1994-03-17,11.261063,11.545172,11.235234,11.519343,1.826149,3321600
1994-03-18,11.571000,11.725968,11.519343,11.700141,1.854810,4912400
1994-03-21,11.725968,11.777625,11.596828,11.622656,1.842526,1545200
1994-03-22,11.622656,11.648484,11.519343,11.519343,1.826149,1742000
1994-03-23,11.519343,11.545172,11.416031,11.519343,1.826149,1117600
1994-03-24,11.519343,11.519343,11.390203,11.519343,1.826149,1984000
1994-03-25,11.519343,11.545172,11.416031,11.545172,1.830242,1488000
1994-03-28,11.493516,11.545172,11.312718,11.519343,1.826149,1433200
1994-03-29,11.493516,11.648484,11.467688,11.622656,1.842526,1985600
1994-03-30,11.571000,11.596828,11.441859,11.441859,1.813864,1924000
1994-03-31,11.467688,11.519343,11.261063,11.493516,1.822054,2873200
1994-04-04,11.157750,11.364375,11.054438,11.080266,1.831434,2602400
1994-04-05,10.951125,11.209406,10.925297,11.209406,1.852779,3326000
1994-04-06,11.183578,11.261063,11.054438,11.106093,1.835703,1273200
1994-04-07,11.106093,11.183578,10.899468,11.106093,1.835703,2088800
1994-04-08,11.080266,11.106093,10.873641,10.951125,1.810088,972000
1994-04-11,11.002781,11.054438,10.925297,10.976954,1.814358,1048400
1994-04-12,10.976954,11.054438,10.809071,10.899468,1.801551,908800
1994-04-13,10.925297,10.976954,10.796156,10.873641,1.797281,1038400
1994-04-14,10.873641,10.925297,10.770329,10.796156,1.784473,991600
1994-04-15,10.796156,10.925297,10.589531,10.641188,1.758859,5170400
1994-04-18,10.744500,10.744500,10.460391,10.563704,1.746052,3264800
1994-04-19,10.486218,10.641188,10.486218,10.537875,1.741783,2709200
1994-04-20,10.589531,10.615359,10.382906,10.434563,1.724707,2168800
1994-04-21,10.408734,10.873641,10.408734,10.718672,1.771667,3330400
1994-04-22,10.770329,10.925297,10.718672,10.770329,1.780206,1594400
1994-04-25,10.744500,10.873641,10.744500,10.847813,1.793012,678000
1994-04-26,10.847813,10.899468,10.744500,10.796156,1.784473,759600
1994-04-28,10.744500,10.847813,10.692843,10.821984,1.788744,1776800
1994-04-29,10.796156,10.821984,10.641188,10.667016,1.763129,838400
1994-05-02,10.641188,10.770329,10.486218,10.770329,1.780206,1732800
1994-05-03,10.770329,10.821984,10.615359,10.718672,1.771667,1144000
1994-05-04,10.692843,10.692843,10.537875,10.692843,1.767398,928000
1994-05-05,10.744500,10.847813,10.692843,10.718672,1.771667,935600
1994-05-06,10.641188,10.641188,10.408734,10.460391,1.728976,1337200
1994-05-09,10.460391,10.589531,10.434563,10.486218,1.733246,984000
1994-05-10,10.589531,10.692843,10.537875,10.589531,1.750322,874800
1994-05-11,10.537875,10.563704,10.305422,10.331250,1.707631,1015200
1994-05-12,10.408734,10.692843,10.357079,10.692843,1.767398,1934400
1994-05-13,10.744500,10.821984,10.589531,10.615359,1.754591,1826000
1994-05-16,10.615359,10.615359,10.382906,10.408734,1.720438,979200
1994-05-17,10.460391,10.563704,10.408734,10.537875,1.741783,2592400
1994-05-18,10.512047,10.589531,10.382906,10.382906,1.716169,2638800
1994-05-19,10.382906,10.537875,10.331250,10.512047,1.737514,1647200
1994-05-20,10.486218,10.718672,10.486218,10.718672,1.771667,1741200
1994-05-23,10.951125,11.106093,10.744500,11.106093,1.835703,3868000
1994-05-24,11.080266,11.080266,10.847813,11.002781,1.818626,4021200
1994-05-25,11.002781,11.002781,10.873641,10.925297,1.805819,1440400
1994-05-26,10.899468,11.106093,10.873641,11.080266,1.831434,1539200
1994-05-27,11.054438,11.312718,11.028609,11.261063,1.861317,1732400
1994-05-31,11.183578,11.416031,11.157750,11.312718,1.869856,1503600
1994-06-01,11.312718,11.312718,11.183578,11.261063,1.861317,1172000
1994-06-02,11.261063,11.416031,11.235234,11.416031,1.886932,1766400
1994-06-03,11.467688,11.751797,11.467688,11.648484,1.925352,2982400
1994-06-06,11.648484,11.700141,11.493516,11.519343,1.904009,2321200
1994-06-07,11.467688,11.674313,11.467688,11.648484,1.925352,1072800
1994-06-08,11.648484,11.777625,11.571000,11.674313,1.929623,1590800
1994-06-09,11.545172,11.571000,11.364375,11.519343,1.904009,1994800
1994-06-10,11.493516,11.648484,11.493516,11.545172,1.908277,1223600
1994-06-13,11.545172,11.596828,11.467688,11.467688,1.895470,956800
1994-06-14,11.467688,11.545172,11.441859,11.441859,1.891200,1669600
1994-06-15,11.338547,11.441859,11.312718,11.364375,1.878393,1461200
1994-06-16,11.312718,11.493516,11.286891,11.364375,1.878393,2507600
1994-06-17,11.390203,11.545172,11.364375,11.467688,1.895470,3022000
1994-06-20,11.416031,11.777625,11.364375,11.674313,1.929623,3432000
1994-06-21,11.622656,11.622656,11.416031,11.416031,1.886932,2204800
1994-06-22,11.416031,11.545172,11.416031,11.441859,1.891200,488000
1994-06-23,11.416031,11.493516,11.390203,11.390203,1.882664,1225600
1994-06-24,11.390203,11.390203,11.286891,11.286891,1.865587,1146800
1994-06-27,11.261063,11.390203,11.235234,11.338547,1.874124,888400
1994-06-28,11.338547,11.441859,11.286891,11.441859,1.891200,1586800
1994-06-29,11.416031,11.441859,11.286891,11.312718,1.869856,1740800
1994-06-30,11.312718,11.390203,11.261063,11.286891,1.865587,1935200
1994-07-01,11.183578,11.261063,11.106093,11.183578,1.928829,1563600
1994-07-05,11.080266,11.131922,10.925297,10.951125,1.888739,1671600
1994-07-06,10.976954,11.235234,10.873641,11.183578,1.928829,1088400
1994-07-07,11.080266,11.157750,10.925297,10.951125,1.888739,4181200
1994-07-08,10.899468,10.976954,10.821984,10.925297,1.884282,3656800
1994-07-11,10.925297,10.925297,10.796156,10.899468,1.879830,2021200
1994-07-12,10.899468,11.002781,10.796156,10.925297,1.884282,1086800
1994-07-13,10.951125,10.951125,10.796156,10.847813,1.870920,1140000
1994-07-14,10.821984,10.847813,10.589531,10.589531,1.826374,3248000
1994-07-15,10.641188,10.796156,10.641188,10.718672,1.848648,1838400
1994-07-18,10.667016,10.796156,10.641188,10.796156,1.862010,1792400
1994-07-19,10.770329,10.770329,10.667016,10.692843,1.844192,1753600
1994-07-20,10.641188,10.667016,10.486218,10.641188,1.835283,2430000
1994-07-21,10.615359,10.641188,10.537875,10.589531,1.826374,1166000
1994-07-22,10.641188,10.641188,10.357079,10.434563,1.799647,2555600
1994-07-25,10.408734,10.537875,10.382906,10.486218,1.808556,731600
1994-07-26,10.460391,10.563704,10.434563,10.512047,1.813011,858400
1994-07-27,10.486218,10.512047,10.382906,10.408734,1.795191,2955200
1994-07-28,10.382906,10.460391,10.202109,10.202109,1.759556,3534400
1994-07-29,10.202109,10.357079,10.202109,10.305422,1.777374,4021200
1994-08-01,10.357079,10.382906,10.253766,10.382906,1.790737,1708400
1994-08-02,10.434563,10.512047,10.331250,10.357079,1.786283,1504000
1994-08-03,10.331250,10.434563,10.305422,10.434563,1.799647,837200
1994-08-04,10.382906,10.486218,10.331250,10.331250,1.781828,1622000
1994-08-05,10.305422,10.460391,10.227938,10.434563,1.799647,1337200
1994-08-08,10.486218,10.486218,10.408734,10.408734,1.795191,524400
1994-08-09,10.408734,10.537875,10.408734,10.512047,1.813011,1608400
1994-08-10,10.512047,10.899468,10.512047,10.796156,1.862010,3633600
1994-08-11,10.847813,10.925297,10.796156,10.873641,1.875374,1813200
1994-08-12,10.847813,11.183578,10.796156,11.151293,1.923261,3065200
1994-08-15,11.054438,11.183578,10.976954,11.157750,1.924375,2590800
1994-08-16,11.157750,11.235234,11.054438,11.209406,1.933284,1557600
1994-08-17,11.235234,11.235234,11.002781,11.106093,1.915464,1965600
1994-08-18,11.080266,11.545172,11.002781,11.441859,1.973374,2376000
1994-08-19,11.441859,11.441859,11.183578,11.338547,1.955557,1441600
1994-08-22,11.235234,11.364375,11.157750,11.364375,1.960011,1255200
1994-08-23,11.312718,11.441859,11.312718,11.364375,1.960011,2008400
1994-08-24,11.338547,11.338547,11.002781,11.338547,1.955557,3521600
1994-08-25,11.312718,11.416031,11.286891,11.338547,1.955557,1773600
1994-08-26,11.364375,11.416031,11.286891,11.390203,1.964465,1117600
1994-08-29,11.441859,11.545172,11.157750,11.157750,1.924375,860800
1994-08-30,11.183578,11.261063,10.976954,11.261063,1.942192,1575200
1994-08-31,11.235234,11.235234,11.131922,11.131922,1.919920,781600
1994-09-01,11.080266,11.157750,11.054438,11.131922,1.919920,1840800
1994-09-02,11.131922,11.131922,11.002781,11.028609,1.902102,1598000
1994-09-06,10.976954,11.080266,10.925297,11.028609,1.902102,1020800
1994-09-07,11.002781,11.028609,10.951125,10.976954,1.893192,842800
1994-09-08,11.235234,11.312718,11.157750,11.312718,1.951102,1940800
1994-09-09,11.261063,11.261063,11.054438,11.157750,1.924375,1947200
1994-09-12,11.209406,11.338547,11.157750,11.183578,1.928829,918000
1994-09-13,11.209406,11.286891,10.976954,11.054438,1.906557,998800
1994-09-14,11.106093,11.519343,11.080266,11.519343,1.986739,2822000
1994-09-15,11.622656,11.700141,11.519343,11.596828,2.000102,2180400
1994-09-16,11.571000,11.571000,11.416031,11.493516,1.982284,1813600
1994-09-19,11.467688,11.648484,11.467688,11.519343,1.986739,1521200
1994-09-20,11.519343,11.519343,11.364375,11.493516,1.982284,2367200
1994-09-21,11.441859,11.441859,11.183578,11.235234,1.937740,1878400
1994-09-22,11.286891,11.364375,11.183578,11.261063,1.942192,2066000
1994-09-23,11.209406,11.235234,11.080266,11.183578,1.928829,1917200
1994-09-26,11.157750,11.183578,11.106093,11.157750,1.924375,1500400
1994-09-27,11.157750,11.338547,11.131922,11.338547,1.955557,1626800
1994-09-28,11.364375,11.777625,11.364375,11.777625,2.031284,2668800
1994-09-29,11.751797,11.751797,11.519343,11.700141,2.017921,1281200
1994-09-30,11.803453,11.958422,11.751797,11.932593,2.058011,3014000
1994-10-03,11.880938,11.932593,11.777625,11.855109,2.128484,1455600
1994-10-04,11.855109,11.958422,11.751797,11.803453,2.119210,1829200
1994-10-05,11.751797,11.880938,11.519343,11.880938,2.133121,1916000
1994-10-06,11.855109,12.061734,11.777625,11.803453,2.119210,1237600
1994-10-07,11.777625,11.803453,11.571000,11.596828,2.082113,1110800
1994-10-10,11.648484,11.674313,11.596828,11.596828,2.082113,304400
1994-10-11,11.622656,11.777625,11.596828,11.725968,2.105297,1185200
1994-10-12,11.725968,11.880938,11.622656,11.880938,2.133121,1194400
1994-10-13,11.880938,11.958422,11.777625,11.803453,2.119210,795600
1994-10-14,11.829281,11.984250,11.751797,11.932593,2.142396,874400
1994-10-17,11.932593,11.932593,11.648484,11.700141,2.100662,504000
1994-10-18,11.700141,11.751797,11.622656,11.725968,2.105297,1174400
1994-10-19,11.725968,11.958422,11.725968,11.829281,2.123848,1000000
1994-10-20,11.803453,11.829281,11.648484,11.674313,2.096023,1087200
1994-10-21,11.519343,11.700141,11.390203,11.493516,2.063564,1712000
1994-10-24,11.519343,11.700141,11.519343,11.622656,2.086749,1598800
1994-10-25,11.622656,11.751797,11.571000,11.725968,2.105297,1657200
1994-10-26,11.777625,11.777625,11.648484,11.674313,2.096023,696800
1994-10-27,11.700141,11.751797,11.571000,11.571000,2.077476,1880400
1994-10-28,11.571000,11.725968,11.571000,11.648484,2.091386,1672400
1994-10-31,11.648484,11.674313,11.571000,11.596828,2.082113,922800
1994-11-01,11.519343,11.777625,11.493516,11.674313,2.096023,1875600
1994-11-02,11.725968,12.035906,11.725968,11.880938,2.133121,1884800
1994-11-03,11.932593,12.010078,11.829281,11.932593,2.142396,1032000
1994-11-04,11.958422,11.958422,11.777625,11.829281,2.123848,1447200
1994-11-07,11.855109,11.880938,11.725968,11.751797,2.109936,922800
1994-11-08,11.751797,11.751797,11.622656,11.622656,2.086749,2723600
1994-11-09,11.622656,11.648484,11.519343,11.571000,2.077476,2457200
1994-11-10,11.596828,11.648484,11.545172,11.622656,2.086749,1748400
1994-11-11,11.545172,11.596828,11.519343,11.571000,2.077476,729600
1994-11-14,11.648484,11.803453,11.596828,11.725968,2.105297,1338800
1994-11-15,11.725968,11.855109,11.674313,11.777625,2.114573,973600
1994-11-16,11.777625,11.855109,11.725968,11.855109,2.128484,1241600
1994-11-17,11.855109,11.880938,11.674313,11.725968,2.105297,1293600
1994-11-18,11.725968,11.880938,11.700141,11.777625,2.114573,1199600
1994-11-21,11.829281,11.855109,11.700141,11.700141,2.100662,518000
1994-11-22,11.622656,11.622656,11.364375,11.364375,2.040376,2206400
1994-11-23,11.209406,11.467688,11.131922,11.416031,2.049652,2123600
1994-11-25,11.390203,11.493516,11.390203,11.390203,2.045015,261600
1994-11-28,11.364375,11.416031,11.235234,11.286891,2.026465,806400
1994-11-29,11.286891,11.312718,11.235234,11.286891,2.026465,930800
1994-11-30,11.338547,11.338547,11.106093,11.106093,1.994004,1347200
1994-12-01,11.054438,11.131922,11.002781,11.106093,1.994004,1204000
1994-12-02,11.106093,11.209406,11.080266,11.209406,2.012554,583600
1994-12-05,11.235234,11.235234,11.131922,11.209406,2.012554,674800
1994-12-06,11.157750,11.209406,11.080266,11.183578,2.007916,1052800
1994-12-07,11.106093,11.235234,11.106093,11.209406,2.012554,681200
1994-12-08,11.209406,11.235234,11.080266,11.106093,1.994004,959200
1994-12-09,11.080266,11.364375,11.080266,11.364375,2.040376,1263600
1994-12-12,11.312718,11.416031,11.261063,11.312718,2.031103,623600
1994-12-13,11.312718,11.545172,11.286891,11.467688,2.058927,1388800
1994-12-14,11.467688,11.984250,11.467688,11.984250,2.151670,1400000
1994-12-15,11.984250,12.190875,11.700141,11.906766,2.137758,5220800
1994-12-16,11.906766,11.932593,11.648484,11.777625,2.114573,3334000
1994-12-19,11.725968,11.855109,11.725968,11.803453,2.119210,2246000
1994-12-20,11.777625,11.984250,11.777625,11.880938,2.133121,1199200
1994-12-21,11.829281,11.906766,11.674313,11.751797,2.109936,1632800
1994-12-22,11.700141,11.932593,11.700141,11.803453,2.119210,2291200
1994-12-23,11.855109,11.906766,11.803453,11.880938,2.133121,683200
1994-12-27,11.880938,11.958422,11.829281,11.855109,2.128484,718000
1994-12-28,11.803453,11.829281,11.700141,11.725968,2.105297,2002400
1994-12-29,11.700141,11.880938,11.700141,11.880938,2.133121,757200
1994-12-30,11.855109,11.880938,11.777625,11.803453,2.119210,802400
1995-01-03,11.777625,11.803453,11.674313,11.777625,2.114573,735600
1995-01-04,11.622656,11.751797,11.622656,11.700141,2.187975,980800
1995-01-05,11.674313,11.725968,11.493516,11.545172,2.158995,1191200
1995-01-06,11.571000,11.648484,11.519343,11.571000,2.163826,1607200
1995-01-09,11.571000,11.674313,11.571000,11.596828,2.168656,881600
1995-01-10,11.571000,11.829281,11.571000,11.725968,2.192804,3048800
1995-01-11,11.777625,11.984250,11.700141,11.984250,2.241104,2143600
1995-01-12,11.932593,12.087563,11.932593,11.958422,2.236275,1680800
1995-01-13,11.984250,11.984250,11.880938,11.958422,2.236275,1322000
1995-01-16,11.958422,12.061734,11.958422,12.035906,2.250765,1276800
1995-01-17,12.061734,12.113391,12.035906,12.113391,2.265253,900400
1995-01-18,12.061734,12.139218,12.035906,12.139218,2.270085,905200
1995-01-19,12.087563,12.113391,11.984250,12.010078,2.245935,1458400
1995-01-20,11.984250,11.984250,11.648484,11.751797,2.197635,2054400
1995-01-23,11.700141,11.700141,11.364375,11.390203,2.130016,10127200
1995-01-24,11.441859,11.519343,11.261063,11.493516,2.149335,2208000
1995-01-25,11.519343,11.700141,11.493516,11.674313,2.183144,1912400
1995-01-26,11.674313,11.777625,11.674313,11.700141,2.187975,1693200
1995-01-27,11.725968,11.777625,11.725968,11.725968,2.192804,1547600
1995-01-30,11.751797,11.751797,11.648484,11.648484,2.178314,1225200
1995-01-31,11.648484,11.725968,11.545172,11.700141,2.187975,2040400
1995-02-01,11.700141,11.777625,11.700141,11.725968,2.192804,2166400
1995-02-02,11.777625,11.855109,11.725968,11.803453,2.207295,1655600
1995-02-03,11.855109,12.113391,11.829281,12.087563,2.260425,2524800
1995-02-06,11.984250,12.345843,11.958422,12.190875,2.279744,5568400
1995-02-07,12.139218,12.423328,12.113391,12.345843,2.308724,2568800
1995-02-08,12.294188,12.320016,12.216703,12.242531,2.289403,1811600
1995-02-09,12.294188,12.320016,12.139218,12.190875,2.279744,1799200
1995-02-10,12.139218,12.294188,12.061734,12.294188,2.299065,3012000
1995-02-13,12.294188,12.449156,12.242531,12.294188,2.299065,2254000
1995-02-14,12.294188,12.474984,12.294188,12.474984,2.332874,1478000
1995-02-15,12.423328,12.449156,12.345843,12.397500,2.318384,1321600
1995-02-16,12.397500,12.423328,12.345843,12.397500,2.318384,696400
1995-02-17,12.397500,12.397500,12.320016,12.320016,2.303894,1304000
1995-02-21,12.345843,12.371672,12.320016,12.345843,2.308724,1284800
1995-02-22,12.294188,12.371672,12.242531,12.242531,2.289403,1239600
1995-02-23,12.320016,12.500813,12.268359,12.449156,2.328044,2726800
1995-02-24,12.449156,12.733266,12.449156,12.681609,2.371513,1732000
1995-02-27,12.681609,12.707438,12.449156,12.449156,2.328044,1100800
1995-02-28,12.474984,12.526641,12.345843,12.526641,2.342533,2154000
1995-03-01,12.500813,12.681609,12.500813,12.655781,2.366684,1207600
1995-03-02,12.604125,12.784922,12.604125,12.733266,2.381175,1130800
1995-03-03,12.681609,12.733266,12.604125,12.604125,2.357024,2970400
1995-03-06,12.604125,12.707438,12.526641,12.707438,2.376343,1192400
1995-03-07,12.604125,12.681609,12.500813,12.604125,2.357024,1495200
1995-03-08,12.604125,12.655781,12.500813,12.500813,2.337704,2117600
1995-03-09,12.449156,12.733266,12.449156,12.655781,2.366684,2299600
1995-03-10,12.681609,13.120687,12.681609,12.991547,2.429474,3330800
1995-03-13,12.991547,13.146516,12.888234,13.094859,2.448793,1840800
1995-03-14,13.120687,13.353141,13.120687,13.172344,2.463284,3568400
1995-03-15,12.965719,13.043203,12.862406,13.043203,2.439134,5313200
1995-03-16,12.939891,12.965719,12.810750,12.836578,2.400493,2297600
1995-03-17,12.836578,12.991547,12.784922,12.991547,2.429474,3094400
1995-03-20,12.991547,13.069032,12.914063,12.914063,2.414984,1385600
1995-03-21,12.836578,12.991547,12.733266,12.759093,2.386004,1669200
1995-03-22,12.759093,12.759093,12.604125,12.759093,2.386004,1481200
1995-03-23,12.733266,12.836578,12.707438,12.810750,2.395664,860400
1995-03-24,12.759093,13.017375,12.759093,12.939891,2.419814,1847600
1995-03-27,12.965719,13.017375,12.888234,13.017375,2.434303,754400
1995-03-28,13.017375,13.017375,12.733266,12.733266,2.381175,1210400
1995-03-29,12.681609,12.681609,12.371672,12.371672,2.313555,2800000
1995-03-30,12.500813,12.578297,12.423328,12.474984,2.332874,1792400
1995-03-31,12.474984,12.474984,12.294188,12.320016,2.303894,1952800
1995-04-03,12.320016,12.500813,12.294188,12.449156,2.328044,1125600
1995-04-04,12.449156,12.604125,12.449156,12.552468,2.439462,1046000
1995-04-05,12.552468,12.707438,12.552468,12.604125,2.544786,1414400
1995-04-06,12.578297,12.629953,12.500813,12.552468,2.534356,1320000
1995-04-07,12.604125,12.629953,12.371672,12.397500,2.503068,1189200
1995-04-10,12.345843,12.655781,12.345843,12.655781,2.555215,1280800
1995-04-11,12.707438,12.759093,12.604125,12.681609,2.560428,1400400
1995-04-12,12.629953,12.784922,12.629953,12.629953,2.550000,679600
1995-04-13,12.681609,12.733266,12.629953,12.681609,2.560428,695200
1995-04-17,12.681609,12.759093,12.371672,12.500813,2.523926,1002400
1995-04-18,12.500813,12.500813,12.242531,12.268359,2.476994,1455600
1995-04-19,12.320016,12.526641,12.320016,12.500813,2.523926,875200
1995-04-20,12.449156,12.500813,12.320016,12.397500,2.503068,1273200
1995-04-21,12.423328,12.578297,12.371672,12.552468,2.534356,1483200
1995-04-24,12.552468,12.733266,12.500813,12.655781,2.555215,1789600
1995-04-25,12.655781,12.707438,12.552468,12.578297,2.539571,1521200
1995-04-26,12.552468,12.733266,12.474984,12.681609,2.560428,2189200
1995-04-27,12.733266,12.862406,12.707438,12.810750,2.586504,3185600
1995-04-28,12.862406,12.862406,12.604125,12.604125,2.544786,1475600
1995-05-01,12.629953,12.655781,12.578297,12.655781,2.555215,1608800
1995-05-02,12.655781,12.681609,12.604125,12.629953,2.550000,1032000
1995-05-03,12.655781,12.888234,12.604125,12.888234,2.602147,1680000
1995-05-04,12.888234,12.991547,12.836578,12.862406,2.596933,1416000
1995-05-05,12.862406,12.862406,12.707438,12.759093,2.576074,1448400
1995-05-08,12.733266,12.733266,12.604125,12.604125,2.544786,1282800
1995-05-09,12.629953,12.681609,12.190875,12.371672,2.497853,5633200
1995-05-10,12.371672,12.397500,12.294188,12.345843,2.492638,2005200
1995-05-11,12.294188,12.552468,12.294188,12.474984,2.518712,4167600
1995-05-12,12.500813,12.604125,12.500813,12.526641,2.529141,894800
1995-05-15,12.474984,12.552468,12.449156,12.552468,2.534356,962800
1995-05-16,12.578297,12.578297,12.449156,12.474984,2.518712,1494400
1995-05-17,12.449156,12.474984,12.397500,12.474984,2.518712,1974800
1995-05-18,12.423328,12.423328,12.113391,12.139218,2.450920,1354800
1995-05-19,11.984250,12.035906,11.829281,11.984250,2.419631,4367200
1995-05-22,12.035906,12.371672,12.035906,12.371672,2.497853,2173600
1995-05-23,12.294188,12.371672,12.242531,12.294188,2.482209,1525600
1995-05-24,12.345843,12.500813,12.345843,12.500813,2.523926,2570000
1995-05-25,12.474984,12.604125,12.423328,12.604125,2.544786,1774800
1995-05-26,12.578297,12.578297,12.500813,12.526641,2.529141,1068000
1995-05-30,12.437500,12.718750,12.437500,12.500000,2.523762,1854800
1995-05-31,12.500000,12.968750,12.500000,12.968750,2.618403,2422800
1995-06-01,12.968750,12.968750,12.812500,12.906250,2.605786,1552400
1995-06-02,12.875000,13.000000,12.750000,12.937500,2.612093,1027200
1995-06-05,12.906250,12.968750,12.875000,12.906250,2.605786,1997600
1995-06-06,12.968750,12.968750,12.906250,12.968750,2.618403,1291200
1995-06-07,12.968750,12.968750,12.906250,12.937500,2.612093,1334000
1995-06-08,13.000000,13.031250,12.937500,12.937500,2.612093,936000
1995-06-09,12.937500,12.968750,12.843750,12.937500,2.612093,1338000
1995-06-12,12.875000,13.031250,12.875000,12.937500,2.612093,1296000
1995-06-13,12.968750,13.000000,12.906250,13.000000,2.624712,936400
1995-06-14,12.968750,13.031250,12.937500,13.031250,2.631021,840800
1995-06-15,13.031250,13.125000,12.875000,12.906250,2.605786,1840800
1995-06-16,12.968750,13.125000,12.937500,13.062500,2.637331,2136000
1995-06-19,13.062500,13.218750,13.062500,13.218750,2.668880,1071200
1995-06-20,13.218750,13.218750,12.906250,12.937500,2.612093,814400
1995-06-21,12.937500,13.125000,12.937500,13.031250,2.631021,867600
1995-06-22,13.031250,13.093750,12.968750,13.062500,2.637331,999600
1995-06-23,13.031250,13.125000,12.968750,13.093750,2.643641,1036000
1995-06-26,13.062500,13.281250,12.937500,13.218750,2.668880,1461200
1995-06-27,13.156250,13.343750,13.000000,13.062500,2.637331,1312800
1995-06-28,12.812500,13.218750,12.687500,12.968750,2.618403,2455200
1995-06-29,12.937500,12.968750,12.750000,12.875000,2.599476,1450000
1995-06-30,12.843750,12.843750,12.750000,12.843750,2.593166,1744400
1995-07-03,12.781250,12.968750,12.750000,12.875000,2.599476,400800
1995-07-05,12.875000,13.031250,12.781250,12.968750,2.717609,1794000
1995-07-06,12.875000,13.000000,12.843750,12.906250,2.806212,1376800
1995-07-07,12.906250,13.000000,12.625000,12.843750,2.792622,2669600
1995-07-10,12.875000,12.906250,12.718750,12.843750,2.792622,2246800
1995-07-11,12.812500,12.968750,12.781250,12.937500,2.813008,2003600
1995-07-12,12.968750,13.250000,12.968750,13.187500,2.867363,1706800
1995-07-13,13.187500,13.250000,13.093750,13.125000,2.853774,1642800
1995-07-14,13.125000,13.125000,12.968750,13.000000,2.826596,1253600
1995-07-17,13.000000,13.000000,12.843750,12.906250,2.806212,1783600
1995-07-18,12.843750,13.187500,12.812500,13.125000,2.853774,1344800
1995-07-19,13.093750,13.187500,13.000000,13.156250,2.860570,2269200
1995-07-20,13.156250,13.187500,13.000000,13.093750,2.846981,2766800
1995-07-21,13.062500,13.125000,13.000000,13.062500,2.840186,1706400
1995-07-24,13.125000,13.187500,13.031250,13.093750,2.846981,810800
1995-07-25,13.093750,13.125000,13.031250,13.062500,2.840186,883600
1995-07-26,13.125000,13.156250,13.062500,13.093750,2.846981,1529200
1995-07-27,13.093750,13.093750,12.968750,13.031250,2.833391,1019200
1995-07-28,13.031250,13.031250,12.875000,12.906250,2.806212,919200
1995-07-31,12.843750,13.093750,12.843750,13.062500,2.840186,1266000
1995-08-01,13.062500,13.125000,12.968750,13.062500,2.840186,1129200
1995-08-02,13.093750,13.187500,12.937500,13.000000,2.826596,1122800
1995-08-03,12.937500,13.312500,12.937500,13.312500,2.894543,1825600
1995-08-04,13.281250,13.375000,13.250000,13.375000,2.908132,1764400
1995-08-07,13.375000,13.593750,13.343750,13.531250,2.942106,1283200
1995-08-08,13.593750,13.593750,13.437500,13.468750,2.928516,1216000
1995-08-09,13.500000,13.531250,13.281250,13.343750,2.901338,1343600
1995-08-10,13.312500,13.437500,13.250000,13.312500,2.894543,980000
1995-08-11,13.250000,13.250000,12.968750,13.156250,2.860570,825200
1995-08-14,13.156250,13.187500,13.031250,13.125000,2.853774,643600
1995-08-15,13.187500,13.187500,13.000000,13.062500,2.840186,710800
1995-08-16,13.000000,13.093750,12.906250,13.093750,2.846981,1108000
1995-08-17,13.156250,13.218750,13.093750,13.125000,2.853774,2442400
1995-08-18,13.125000,13.125000,12.781250,12.875000,2.799418,1330800
1995-08-21,12.875000,12.968750,12.843750,12.875000,2.799418,1621600
1995-08-22,12.875000,12.937500,12.812500,12.843750,2.792622,1352800
1995-08-23,12.781250,13.031250,12.750000,13.000000,2.826596,1590400
1995-08-24,13.000000,13.156250,12.968750,13.031250,2.833391,1656400
1995-08-25,13.031250,13.125000,13.000000,13.093750,2.846981,605600
1995-08-28,13.093750,13.093750,12.843750,13.000000,2.826596,919600
1995-08-29,13.000000,13.000000,12.875000,12.937500,2.813008,540000
1995-08-30,12.968750,13.000000,12.937500,13.000000,2.826596,866800
1995-08-31,12.937500,12.968750,12.906250,12.906250,2.806212,371200
1995-09-01,12.937500,12.968750,12.812500,12.843750,2.792622,778000
1995-09-05,12.812500,12.937500,12.781250,12.906250,2.806212,888800
1995-09-06,12.906250,12.937500,12.781250,12.781250,2.779034,1199200
1995-09-07,12.781250,12.781250,12.687500,12.750000,2.772238,1895600
1995-09-08,12.687500,12.750000,12.593750,12.750000,2.772238,1374000
1995-09-11,12.718750,12.968750,12.687500,12.937500,2.813008,1087600
1995-09-12,12.937500,12.937500,12.843750,12.906250,2.806212,609200
1995-09-13,12.875000,13.156250,12.843750,13.062500,2.840186,1479600
1995-09-14,13.093750,13.156250,12.937500,13.000000,2.826596,1111200
1995-09-15,13.031250,13.062500,12.906250,12.968750,2.819802,1849600
1995-09-18,12.968750,13.281250,12.875000,13.250000,2.880953,2902400
1995-09-19,13.312500,13.625000,13.312500,13.593750,2.955696,2742400
1995-09-20,13.593750,13.593750,13.406250,13.500000,2.935312,2161600
1995-09-21,13.500000,13.718750,13.468750,13.593750,2.955696,1740000
1995-09-22,13.531250,13.531250,13.375000,13.375000,2.908132,2173200
1995-09-25,13.375000,13.375000,13.281250,13.343750,2.901338,643200
1995-09-26,13.562500,13.906250,13.562500,13.812500,3.003258,2271600
1995-09-27,13.750000,14.218750,13.750000,14.187500,3.084794,2804000
1995-09-28,14.156250,14.156250,13.875000,13.937500,3.030436,1480000
1995-09-29,13.937500,14.000000,13.843750,13.937500,3.030436,660400
1995-10-02,14.000000,14.156250,14.000000,14.031250,3.050822,1291600
1995-10-03,14.062500,14.093750,13.968750,14.093750,3.064410,1286800
1995-10-04,14.031250,14.125000,13.875000,14.125000,3.071206,1772000
1995-10-05,13.968750,14.000000,13.812500,13.906250,3.127717,1478800
1995-10-06,13.875000,14.062500,13.750000,13.937500,3.134744,952000
1995-10-09,13.906250,13.968750,13.812500,13.968750,3.141772,1366800
1995-10-10,13.906250,14.187500,13.875000,14.187500,3.190971,2165600
1995-10-11,14.156250,14.500000,14.156250,14.500000,3.261258,2593600
1995-10-12,14.468750,14.531250,14.281250,14.312500,3.219086,944400
1995-10-13,14.312500,14.312500,14.187500,14.218750,3.198001,1741600
1995-10-16,14.250000,14.250000,14.093750,14.125000,3.176915,880000
1995-10-17,14.062500,14.125000,13.937500,14.093750,3.169885,982400
1995-10-18,14.031250,14.062500,13.968750,14.062500,3.162860,814400
1995-10-19,14.062500,14.687500,14.062500,14.531250,3.268286,2002800
1995-10-20,14.531250,14.531250,14.281250,14.343750,3.226116,1516800
1995-10-23,14.375000,14.375000,14.250000,14.281250,3.212058,778000
1995-10-24,14.281250,14.500000,14.281250,14.500000,3.261258,822400
1995-10-25,14.500000,14.625000,14.437500,14.531250,3.268286,874800
1995-10-26,14.500000,14.531250,14.312500,14.375000,3.233144,1084000
1995-10-27,14.312500,14.343750,14.093750,14.250000,3.205030,2293200
1995-10-30,14.312500,14.343750,14.250000,14.281250,3.212058,906000
1995-10-31,14.343750,14.500000,14.343750,14.343750,3.226116,942800
1995-11-01,14.312500,14.406250,14.250000,14.250000,3.205030,1218400
1995-11-02,14.250000,14.281250,14.062500,14.062500,3.162860,630000
1995-11-03,14.093750,14.093750,13.937500,13.968750,3.141772,936800
1995-11-06,13.937500,14.000000,13.812500,14.000000,3.148801,698000
1995-11-07,14.000000,14.000000,13.875000,14.000000,3.148801,653600
1995-11-08,14.031250,14.218750,13.968750,14.062500,3.162860,716000
1995-11-09,14.093750,14.093750,13.875000,13.937500,3.134744,546400
1995-11-10,13.875000,13.968750,13.812500,13.843750,3.113660,936000
1995-11-13,13.843750,13.937500,13.781250,13.875000,3.120686,602800
1995-11-14,13.843750,14.031250,13.781250,13.906250,3.127717,1027600
1995-11-15,13.906250,13.906250,13.812500,13.906250,3.127717,933600
1995-11-16,13.906250,13.937500,13.812500,13.875000,3.120686,827200
1995-11-17,13.906250,13.906250,13.562500,13.687500,3.078516,1198000
1995-11-20,13.718750,13.718750,13.375000,13.375000,3.008231,1152000
1995-11-21,13.406250,13.781250,13.406250,13.750000,3.092572,1919600
1995-11-22,13.687500,13.718750,13.593750,13.656250,3.071486,645600
1995-11-24,13.718750,13.718750,13.687500,13.718750,3.085545,137600
1995-11-27,13.750000,13.812500,13.750000,13.781250,3.099601,1083200
1995-11-28,13.781250,13.781250,13.687500,13.750000,3.092572,902000
1995-11-29,13.750000,13.906250,13.718750,13.875000,3.120686,1318000
1995-11-30,13.875000,14.000000,13.750000,13.781250,3.099601,875200
1995-12-01,13.843750,14.093750,13.843750,14.000000,3.148801,786000
1995-12-04,14.000000,14.125000,13.937500,14.000000,3.148801,1243200
1995-12-05,14.000000,14.343750,13.937500,14.250000,3.205030,1074000
1995-12-06,14.281250,14.468750,14.218750,14.250000,3.205030,1150800
1995-12-07,14.250000,14.250000,14.000000,14.062500,3.162860,719200
1995-12-08,14.031250,14.062500,13.937500,14.000000,3.148801,944400
1995-12-11,13.968750,14.000000,13.781250,13.812500,3.106631,2368000
1995-12-12,13.812500,13.843750,13.625000,13.750000,3.092572,1831600
1995-12-13,13.687500,14.250000,13.687500,14.250000,3.205030,2346400
1995-12-14,14.250000,14.468750,14.250000,14.312500,3.219086,2164400
1995-12-15,14.500000,14.625000,14.375000,14.468750,3.254230,4085200
1995-12-18,14.343750,14.500000,14.218750,14.468750,3.254230,1067200
1995-12-19,14.437500,14.562500,14.375000,14.562500,3.275314,2048800
1995-12-20,14.437500,14.500000,14.281250,14.312500,3.219086,1249200
1995-12-21,14.375000,14.500000,14.281250,14.406250,3.240172,1626400
1995-12-22,14.312500,14.406250,14.281250,14.312500,3.219086,718800
1995-12-26,14.312500,14.312500,14.062500,14.187500,3.190971,558400
1995-12-27,14.218750,14.312500,14.187500,14.281250,3.212058,972000
1995-12-28,14.250000,14.343750,14.250000,14.281250,3.212058,422000
1995-12-29,14.312500,14.437500,14.250000,14.437500,3.247200,606800
1996-01-02,14.437500,14.843750,14.437500,14.718750,3.310459,1786800
1996-01-03,14.656250,14.687500,14.281250,14.406250,3.240172,1455600
1996-01-04,14.468750,14.468750,14.093750,14.125000,3.284058,1417200
1996-01-05,14.125000,14.125000,13.781250,13.843750,3.218667,1702000
1996-01-08,13.750000,13.750000,13.625000,13.750000,3.309220,466800
1996-01-09,13.812500,13.843750,13.531250,13.625000,3.279135,926800
1996-01-10,13.500000,13.531250,13.250000,13.281250,3.196403,1580400
1996-01-11,13.375000,13.406250,13.218750,13.343750,3.211447,2975200
1996-01-12,13.406250,13.562500,13.375000,13.468750,3.241529,1521600
1996-01-15,13.437500,13.593750,13.437500,13.562500,3.264094,1512800
1996-01-16,13.593750,13.750000,13.562500,13.718750,3.301698,1440800
1996-01-17,13.718750,13.843750,13.718750,13.781250,3.316739,1168000
1996-01-18,13.750000,13.781250,13.468750,13.718750,3.301698,994400
1996-01-19,13.687500,13.875000,13.562500,13.750000,3.309220,1956800
1996-01-22,13.750000,13.812500,13.562500,13.781250,3.316739,1600800
1996-01-23,13.718750,13.937500,13.625000,13.750000,3.309220,1163200
1996-01-24,13.781250,14.031250,13.750000,14.031250,3.376909,1242400
1996-01-25,14.000000,14.031250,13.656250,13.750000,3.309220,1580400
1996-01-26,13.718750,13.875000,13.656250,13.718750,3.301698,615200
1996-01-29,13.656250,13.718750,13.593750,13.656250,3.286654,1123600
1996-01-30,13.750000,14.156250,13.718750,14.125000,3.399470,2958000
1996-01-31,14.250000,14.406250,14.187500,14.375000,3.459637,2510000
1996-02-01,14.375000,14.406250,14.125000,14.312500,3.444594,1110400
1996-02-02,14.250000,14.281250,13.781250,13.843750,3.331783,2008000
1996-02-05,13.906250,13.906250,13.781250,13.906250,3.346824,1986400
1996-02-06,14.000000,14.468750,14.000000,14.406250,3.467158,1598000
1996-02-07,14.343750,14.375000,14.187500,14.312500,3.444594,1656800
1996-02-08,14.250000,14.812500,14.218750,14.656250,3.527326,1625200
1996-02-09,14.562500,15.125000,14.531250,14.968750,3.602535,3863200
1996-02-12,14.906250,14.937500,14.656250,14.750000,3.549887,2030400
1996-02-13,14.687500,14.843750,14.562500,14.812500,3.564932,3760000
1996-02-14,14.781250,14.968750,14.781250,14.906250,3.587494,2180000
1996-02-15,14.906250,14.906250,14.718750,14.812500,3.564932,1484000
1996-02-16,14.812500,14.812500,14.562500,14.718750,3.542368,1543600
1996-02-20,14.687500,14.750000,14.343750,14.406250,3.467158,1216000
1996-02-21,14.250000,14.656250,14.218750,14.656250,3.527326,1292400
1996-02-22,14.718750,14.843750,14.687500,14.812500,3.564932,1532800
1996-02-23,14.812500,14.843750,14.437500,14.718750,3.542368,1292000
1996-02-26,14.687500,14.781250,14.468750,14.593750,3.512283,1262000
1996-02-27,14.468750,14.531250,14.312500,14.468750,3.482201,1070800
1996-02-28,14.500000,14.687500,14.187500,14.218750,3.422033,1760400
1996-02-29,14.218750,14.593750,14.187500,14.375000,3.459637,2241600
1996-03-01,14.500000,14.718750,14.406250,14.687500,3.534847,2766800
1996-03-04,14.687500,15.000000,14.687500,14.937500,3.595015,1056400
1996-03-05,14.937500,14.937500,14.687500,14.781250,3.557411,834000
1996-03-06,14.750000,14.875000,14.750000,14.750000,3.549887,1078400
1996-03-07,14.625000,14.843750,14.593750,14.750000,3.549887,1138800
1996-03-08,14.562500,14.687500,14.031250,14.125000,3.399470,1549200
1996-03-11,14.062500,14.406250,14.031250,14.312500,3.444594,1255600
1996-03-12,14.218750,14.281250,14.000000,14.281250,3.437075,1093200
1996-03-13,14.218750,14.656250,14.218750,14.500000,3.489721,2201600
1996-03-14,14.500000,14.562500,14.250000,14.468750,3.482201,1854800
1996-03-15,14.468750,14.625000,14.406250,14.437500,3.474679,2480000
1996-03-18,14.406250,14.812500,14.406250,14.750000,3.549887,2134000
1996-03-19,14.781250,14.968750,14.781250,14.781250,3.557411,1842800
1996-03-20,14.781250,14.843750,14.687500,14.843750,3.572453,926000
1996-03-21,14.906250,14.937500,14.718750,14.781250,3.557411,1084000
1996-03-22,14.625000,14.718750,14.562500,14.687500,3.534847,1446400
1996-03-25,14.718750,14.781250,14.562500,14.656250,3.527326,1184000
1996-03-26,14.625000,14.781250,14.593750,14.750000,3.549887,1117600
1996-03-27,14.625000,14.687500,14.500000,14.593750,3.512283,989600
1996-03-28,14.531250,14.656250,14.468750,14.656250,3.527326,2116800
1996-03-29,14.656250,14.687500,14.593750,14.593750,3.512283,1563600
1996-04-01,14.625000,14.656250,14.562500,14.625000,3.519807,1008800
1996-04-02,14.625000,14.625000,14.531250,14.562500,3.504762,1519200
1996-04-03,14.562500,14.656250,14.531250,14.562500,3.504762,1936400
1996-04-04,14.562500,14.656250,14.562500,14.625000,3.519807,728000
1996-04-08,14.375000,14.375000,14.093750,14.125000,3.519806,879200
1996-04-09,14.125000,14.187500,14.093750,14.125000,3.519806,1500800
1996-04-10,14.156250,14.156250,13.718750,13.812500,3.441934,2835200
1996-04-11,13.812500,13.906250,13.625000,13.781250,3.434147,2431200
1996-04-12,13.781250,13.968750,13.750000,13.906250,3.465294,975600
1996-04-15,13.968750,13.968750,13.625000,13.843750,3.449723,6666400
1996-04-16,13.812500,13.843750,13.625000,13.718750,3.418573,7175600
1996-04-17,13.718750,13.718750,13.593750,13.718750,3.418573,1608800
1996-04-18,13.656250,13.812500,13.625000,13.750000,3.426359,2515200
1996-04-19,13.718750,13.750000,13.656250,13.718750,3.418573,2948000
1996-04-22,13.687500,13.750000,13.562500,13.562500,3.379636,3200000
1996-04-23,13.593750,13.718750,13.500000,13.687500,3.410784,2540800
1996-04-24,13.750000,13.781250,13.406250,13.406250,3.340699,1674400
1996-04-25,13.375000,13.812500,13.375000,13.781250,3.434147,1822800
1996-04-26,13.750000,13.812500,13.718750,13.781250,3.434147,1493200
1996-04-29,13.750000,13.781250,13.625000,13.750000,3.426359,948400
1996-04-30,13.687500,13.906250,13.687500,13.875000,3.457508,2122400
1996-05-01,13.843750,14.312500,13.781250,14.312500,3.566527,1837600
1996-05-02,14.250000,14.250000,13.968750,14.000000,3.488656,3150000
1996-05-03,13.906250,13.968750,13.875000,13.906250,3.465294,1573200
1996-05-06,13.906250,14.000000,13.812500,13.937500,3.473082,916000
1996-05-07,13.937500,13.937500,13.593750,13.718750,3.418573,1276800
1996-05-08,13.656250,14.250000,13.656250,14.250000,3.550956,1785200
1996-05-09,14.187500,14.406250,14.031250,14.187500,3.535377,1575600
1996-05-10,14.187500,14.187500,13.656250,13.906250,3.465294,3280400
1996-05-13,13.875000,13.968750,13.812500,13.906250,3.465294,2612000
1996-05-14,13.906250,14.125000,13.875000,14.125000,3.519806,2511600
1996-05-15,14.062500,14.125000,13.968750,14.093750,3.512016,2400800
1996-05-16,14.031250,14.031250,13.875000,13.906250,3.465294,1294000
1996-05-17,13.968750,14.156250,13.937500,14.125000,3.519806,2198800
1996-05-20,14.156250,14.312500,14.031250,14.281250,3.558740,2043600
1996-05-21,14.281250,14.312500,14.093750,14.218750,3.543166,2049600
1996-05-22,14.312500,14.562500,14.250000,14.562500,3.628825,1285600
1996-05-23,14.437500,14.625000,14.406250,14.437500,3.597677,1005200
1996-05-24,14.406250,14.687500,14.406250,14.562500,3.628825,455600
1996-05-28,14.531250,14.562500,14.406250,14.437500,3.597677,579600
1996-05-29,14.406250,14.437500,14.156250,14.218750,3.543166,1233600
1996-05-30,14.125000,14.406250,14.093750,14.375000,3.582103,1855600
1996-05-31,14.343750,14.406250,14.250000,14.343750,3.574317,1097600
1996-06-03,14.281250,14.437500,14.250000,14.375000,3.582103,940000
1996-06-04,14.406250,14.406250,14.250000,14.312500,3.566527,1006400
1996-06-05,14.312500,14.531250,14.281250,14.531250,3.621039,799600
1996-06-06,14.531250,14.531250,14.375000,14.437500,3.597677,815200
1996-06-07,14.093750,14.343750,14.031250,14.343750,3.574317,1344400
1996-06-10,14.218750,14.218750,13.906250,13.968750,3.480869,4118000
1996-06-11,13.968750,13.968750,13.656250,13.750000,3.426359,3870400
1996-06-12,13.718750,13.781250,13.656250,13.718750,3.418573,2535200
1996-06-13,13.718750,13.906250,13.718750,13.843750,3.449723,1099200
1996-06-14,13.750000,13.750000,13.468750,13.531250,3.371850,2636000
1996-06-17,13.500000,13.625000,13.468750,13.593750,3.387424,1192000
1996-06-18,13.593750,13.718750,13.562500,13.593750,3.387424,1247600
1996-06-19,13.593750,13.718750,13.406250,13.531250,3.371850,3247600
1996-06-20,13.531250,13.625000,13.406250,13.593750,3.387424,1674400
1996-06-21,13.531250,13.531250,13.156250,13.500000,3.364063,3636000
1996-06-24,13.468750,13.500000,13.343750,13.406250,3.340699,2764000
1996-06-25,13.375000,13.531250,13.375000,13.468750,3.356273,3968800
1996-06-26,13.468750,13.593750,13.375000,13.468750,3.356273,3765200
1996-06-27,13.468750,13.687500,13.406250,13.687500,3.410784,2630800
1996-06-28,13.656250,13.750000,13.593750,13.656250,3.402997,2492400
1996-07-01,13.656250,13.656250,13.593750,13.625000,3.395209,1372800
1996-07-02,13.562500,13.718750,13.531250,13.656250,3.402997,1354000
1996-07-03,13.687500,13.687500,13.531250,13.562500,3.379636,562000
1996-07-05,13.406250,13.468750,13.312500,13.343750,3.325126,964000
1996-07-08,13.218750,13.375000,13.218750,13.343750,3.454571,1616000
1996-07-09,13.281250,13.343750,13.234375,13.312500,3.446480,1441600
1996-07-10,13.281250,13.500000,13.218750,13.437500,3.478843,1292800
1996-07-11,13.406250,13.437500,13.250000,13.250000,3.430299,1714000
1996-07-12,13.250000,13.312500,13.156250,13.281250,3.438390,1395600
1996-07-15,13.218750,13.531250,13.218750,13.406250,3.470751,3160400
1996-07-16,13.375000,13.750000,13.343750,13.687500,3.543565,4154000
1996-07-17,13.687500,14.000000,13.531250,13.750000,3.559746,4619200
1996-07-18,13.781250,13.875000,13.687500,13.843750,3.584018,3023200
1996-07-19,13.843750,13.843750,13.656250,13.687500,3.543565,1805200
1996-07-22,13.687500,13.718750,13.531250,13.687500,3.543565,2141600
1996-07-23,13.656250,13.718750,13.593750,13.625000,3.527383,1849200
1996-07-24,13.562500,13.781250,13.562500,13.625000,3.527383,1148400
1996-07-25,13.687500,13.687500,13.375000,13.500000,3.495023,984000
1996-07-26,13.437500,13.500000,13.218750,13.375000,3.462660,1662400
1996-07-29,13.312500,13.312500,13.000000,13.062500,3.381758,1456000
1996-07-30,13.187500,13.468750,13.125000,13.312500,3.446480,1724800
1996-07-31,13.343750,13.593750,13.312500,13.531250,3.503112,2426000
1996-08-01,13.531250,13.968750,13.531250,13.781250,3.567836,2195200
1996-08-02,13.843750,13.875000,13.468750,13.625000,3.527383,1101200
1996-08-05,13.625000,13.750000,13.593750,13.656250,3.535474,994000
1996-08-06,13.625000,13.718750,13.531250,13.718750,3.551656,835600
1996-08-07,13.656250,13.687500,13.500000,13.531250,3.503112,1599200
1996-08-08,13.562500,13.625000,13.562500,13.593750,3.519293,970000
1996-08-09,13.593750,13.750000,13.593750,13.687500,3.543565,2427200
1996-08-12,13.625000,13.875000,13.625000,13.875000,3.592107,1408800
1996-08-13,13.812500,13.937500,13.750000,13.843750,3.584018,1486400
1996-08-14,13.625000,13.875000,13.625000,13.781250,3.567836,1839200
1996-08-15,13.781250,13.937500,13.750000,13.937500,3.608287,2242400
1996-08-16,13.937500,13.968750,13.906250,13.937500,3.608287,1680000
1996-08-19,13.968750,14.031250,13.906250,13.937500,3.608287,1846800
1996-08-20,13.906250,14.031250,13.875000,14.000000,3.624468,1286800
1996-08-21,13.968750,14.062500,13.968750,14.062500,3.640648,2886800
1996-08-22,14.000000,14.062500,13.937500,14.031250,3.632558,1426400
1996-08-23,14.000000,14.062500,13.937500,13.937500,3.608287,1390000
1996-08-26,13.937500,13.968750,13.875000,13.937500,3.608287,834800
1996-08-27,13.937500,13.968750,13.875000,13.968750,3.616377,869200
1996-08-28,13.937500,13.968750,13.906250,13.906250,3.600197,887200
1996-08-29,13.906250,13.906250,13.781250,13.812500,3.575926,1481600
1996-08-30,13.781250,13.781250,13.718750,13.750000,3.559746,546800
1996-09-03,13.687500,13.781250,13.593750,13.750000,3.559746,2155200
1996-09-04,13.718750,13.781250,13.625000,13.781250,3.567836,1780000
1996-09-05,13.625000,13.750000,13.593750,13.750000,3.559746,1612400
1996-09-06,13.718750,13.843750,13.656250,13.718750,3.551656,941600
1996-09-09,13.781250,13.812500,13.687500,13.781250,3.567836,1485600
1996-09-10,13.718750,13.843750,13.687500,13.750000,3.559746,1275600
1996-09-11,13.718750,13.781250,13.687500,13.781250,3.567836,563200
1996-09-12,13.781250,13.812500,13.750000,13.781250,3.567836,1064000
1996-09-13,13.781250,14.250000,13.718750,14.250000,3.689193,1912800
1996-09-16,14.312500,14.343750,14.000000,14.000000,3.624468,1746400
1996-09-17,14.031250,14.156250,13.906250,14.031250,3.632558,1336000
1996-09-18,14.031250,14.062500,13.937500,14.000000,3.624468,1346400
1996-09-19,14.000000,14.156250,13.937500,14.125000,3.656830,660400
1996-09-20,14.218750,14.218750,14.062500,14.125000,3.656830,1073600
1996-09-23,14.062500,14.218750,14.062500,14.218750,3.681101,800000
1996-09-24,14.343750,14.406250,14.281250,14.343750,3.713463,1692000
1996-09-25,14.343750,14.562500,14.343750,14.531250,3.762004,1255200
1996-09-26,14.562500,14.593750,14.531250,14.593750,3.778183,1340800
1996-09-27,14.593750,14.937500,14.562500,14.937500,3.867177,1642000
1996-09-30,14.906250,15.156250,14.906250,15.093750,3.907629,2602800
1996-10-01,15.031250,15.031250,14.812500,14.906250,3.859086,1394000
1996-10-02,14.937500,14.937500,14.750000,14.812500,3.834817,658400
1996-10-03,14.750000,14.937500,14.718750,14.875000,3.850997,1846800
1996-10-04,14.843750,15.000000,14.843750,15.000000,3.883356,737600
1996-10-07,14.968750,15.031250,14.906250,14.906250,3.992160,1033600
1996-10-08,14.812500,14.843750,14.687500,14.687500,4.070096,981200
1996-10-09,14.718750,14.718750,14.500000,14.593750,4.044117,892400
1996-10-10,14.562500,14.593750,14.531250,14.562500,4.035458,492800
1996-10-11,14.562500,14.625000,14.531250,14.593750,4.044117,830000
1996-10-14,14.593750,14.593750,14.531250,14.531250,4.026799,288000
1996-10-15,14.562500,14.687500,14.500000,14.656250,4.061439,958000
1996-10-16,14.625000,14.656250,14.531250,14.625000,4.052777,682800
1996-10-17,14.625000,14.875000,14.625000,14.843750,4.113397,866400
1996-10-18,14.906250,14.906250,14.718750,14.781250,4.096078,658800
1996-10-21,14.843750,14.906250,14.781250,14.812500,4.104738,745600
1996-10-22,14.781250,14.843750,14.718750,14.781250,4.096078,378800
1996-10-23,14.750000,14.812500,14.593750,14.718750,4.078758,473600
1996-10-24,14.625000,14.625000,14.437500,14.500000,4.018139,1350800
1996-10-25,14.468750,14.593750,14.343750,14.406250,3.992160,1796800
1996-10-28,14.406250,14.468750,14.281250,14.281250,3.957521,1923200
1996-10-29,14.343750,14.500000,14.312500,14.437500,4.000819,1104800
1996-10-30,14.500000,14.500000,14.312500,14.343750,3.974841,1195600
1996-10-31,14.281250,14.343750,14.218750,14.281250,3.957521,1490000
1996-11-01,14.312500,14.437500,14.312500,14.312500,3.966181,1004400
1996-11-04,14.343750,14.562500,14.312500,14.500000,4.018139,1136000
1996-11-05,14.250000,14.375000,14.250000,14.375000,3.983500,1420000
1996-11-06,14.375000,14.500000,14.281250,14.500000,4.018139,1060800
1996-11-07,14.437500,14.656250,14.437500,14.562500,4.035458,1070000
1996-11-08,14.468750,14.562500,14.437500,14.562500,4.035458,988400
1996-11-11,14.531250,14.593750,14.500000,14.562500,4.035458,2726000
1996-11-12,14.593750,14.781250,14.593750,14.687500,4.070096,1622800
1996-11-13,14.656250,14.718750,14.625000,14.687500,4.070096,845600
1996-11-14,14.656250,14.781250,14.625000,14.656250,4.061439,2309600
1996-11-15,14.718750,15.062500,14.656250,15.000000,4.156695,3298800
1996-11-18,14.968750,15.031250,14.875000,14.968750,4.148037,1293600
1996-11-19,14.937500,15.125000,14.937500,15.093750,4.182675,1132000
1996-11-20,15.062500,15.125000,14.968750,15.093750,4.182675,1763600
1996-11-21,15.093750,15.093750,14.937500,15.000000,4.156695,1560400
1996-11-22,15.031250,15.125000,15.000000,15.062500,4.174015,1409600
1996-11-25,15.250000,15.500000,15.218750,15.437500,4.277933,2714400
1996-11-26,15.500000,15.875000,15.468750,15.812500,4.381848,2700400
1996-11-27,15.843750,15.968750,15.812500,15.937500,4.416489,1456800
1996-11-29,15.968750,15.968750,15.875000,15.875000,4.399168,389200
1996-12-02,15.812500,16.093750,15.812500,16.093750,4.459787,2242800
1996-12-03,16.031250,16.093750,15.593750,16.000000,4.433807,2350000
1996-12-04,15.937500,15.937500,15.812500,15.843750,4.390508,2214400
1996-12-05,15.812500,16.031250,15.781250,15.875000,4.399168,1447200
1996-12-06,15.906250,15.906250,15.562500,15.593750,4.321231,1065200
1996-12-09,15.593750,15.750000,15.531250,15.718750,4.355871,948000
1996-12-10,15.718750,15.843750,15.656250,15.843750,4.390508,1267600
1996-12-11,15.781250,15.937500,15.687500,15.812500,4.381848,1455200
1996-12-12,15.781250,16.593750,15.687500,16.406250,4.546386,2387600
1996-12-13,16.406250,16.625000,16.125000,16.312500,4.520406,2759200
1996-12-16,16.281250,16.406250,16.218750,16.312500,4.520406,2244000
1996-12-17,16.281250,16.437500,16.000000,16.031250,4.442468,1915600
1996-12-18,16.031250,16.250000,15.937500,15.937500,4.416489,1212400
1996-12-19,16.000000,16.500000,15.968750,16.437500,4.555046,2514400
1996-12-20,16.875000,16.875000,16.593750,16.625000,4.607005,3754000
1996-12-23,16.500000,16.531250,16.375000,16.437500,4.555046,1005600
1996-12-24,16.437500,16.468750,16.375000,16.406250,4.546386,775600
1996-12-26,16.406250,16.500000,16.343750,16.375000,4.537726,1072000
1996-12-27,16.281250,16.343750,16.218750,16.250000,4.503086,718400
1996-12-30,16.312500,16.593750,16.312500,16.343750,4.529066,1026400
1996-12-31,16.312500,16.312500,15.843750,15.906250,4.407828,708000
1997-01-02,15.875000,15.875000,15.562500,15.718750,4.355871,1087200
1997-01-03,15.750000,15.875000,15.718750,15.843750,4.390508,1578000
1997-01-06,15.906250,16.000000,15.843750,15.906250,4.407828,1265600
1997-01-07,15.906250,16.250000,15.875000,16.218750,4.494427,2587600
1997-01-08,16.125000,16.125000,16.000000,16.093750,4.601650,1708800
1997-01-09,16.062500,16.281250,16.000000,16.250000,4.646326,1057600
1997-01-10,16.187500,16.281250,16.125000,16.250000,4.646326,1485600
1997-01-13,16.250000,16.406250,16.187500,16.187500,4.628457,1153600
1997-01-14,16.250000,16.281250,16.187500,16.250000,4.646326,1711200
1997-01-15,16.218750,16.312500,16.156250,16.156250,4.619521,2005200
1997-01-16,16.218750,16.218750,16.062500,16.156250,4.619521,2300800
1997-01-17,16.156250,16.218750,16.156250,16.156250,4.619521,1961200
1997-01-20,16.125000,16.281250,16.062500,16.125000,4.610583,816800
1997-01-21,16.093750,16.468750,16.000000,16.468750,4.708872,2263200
1997-01-22,16.406250,16.750000,16.406250,16.656250,4.762486,2700800
1997-01-23,16.656250,16.906250,16.625000,16.843750,4.816094,3508800
1997-01-24,16.812500,16.843750,16.625000,16.718750,4.780355,2221600
1997-01-27,16.625000,16.625000,16.531250,16.625000,4.753550,1861600
1997-01-28,16.625000,16.718750,16.500000,16.562500,4.735677,890800
1997-01-29,16.593750,16.875000,16.593750,16.843750,4.816094,2810800
1997-01-30,16.843750,16.937500,16.531250,16.875000,4.825032,2141200
1997-01-31,16.906250,17.093750,16.906250,16.937500,4.842901,2336800
1997-02-03,16.906250,16.906250,16.687500,16.843750,4.816094,1143200
1997-02-04,16.781250,17.000000,16.781250,17.000000,4.860772,1340800
1997-02-05,16.781250,16.937500,16.531250,16.625000,4.753550,1632800
1997-02-06,16.593750,16.625000,16.375000,16.531250,4.726742,3242800
1997-02-07,16.468750,16.937500,16.468750,16.937500,4.842901,1798800
1997-02-10,16.968750,17.031250,16.812500,17.031250,4.869706,2462800
1997-02-11,17.062500,17.187500,16.968750,17.156250,4.905448,1938000
1997-02-12,17.000000,17.062500,16.843750,16.968750,4.851837,2236400
1997-02-13,17.031250,17.093750,16.843750,16.968750,4.851837,1351600
1997-02-14,17.031250,17.093750,16.828125,17.031250,4.869706,1357600
1997-02-18,17.062500,17.093750,16.781250,16.937500,4.842901,1510400
1997-02-19,16.875000,16.906250,16.656250,16.656250,4.762486,2048400
1997-02-20,16.625000,16.968750,16.625000,16.906250,4.833966,1683600
1997-02-21,16.937500,17.000000,16.781250,16.937500,4.842901,1200800
1997-02-24,16.781250,16.937500,16.718750,16.906250,4.833966,905200
1997-02-25,16.906250,16.906250,16.687500,16.750000,4.789289,1582000
1997-02-26,16.687500,16.718750,16.500000,16.625000,4.753550,1445600
1997-02-27,16.593750,16.625000,16.375000,16.437500,4.699937,1484000
1997-02-28,16.375000,16.468750,16.312500,16.312500,4.664196,1391600
1997-03-03,16.218750,16.281250,16.156250,16.250000,4.646326,1314800
1997-03-04,16.250000,16.375000,16.187500,16.218750,4.637390,1485200
1997-03-05,16.218750,16.343750,16.187500,16.312500,4.664196,1361600
1997-03-06,16.281250,16.281250,16.156250,16.187500,4.628457,1382800
1997-03-07,16.218750,16.281250,16.187500,16.218750,4.637390,1491200
1997-03-10,16.218750,16.281250,16.093750,16.218750,4.637390,1600800
1997-03-11,16.250000,16.343750,16.093750,16.187500,4.628457,1385200
1997-03-12,16.187500,16.250000,15.687500,15.750000,4.503363,3797200
1997-03-13,15.625000,15.718750,15.531250,15.625000,4.467618,3165600
1997-03-14,15.687500,15.781250,15.468750,15.562500,4.449752,3285600
1997-03-17,15.468750,15.562500,15.406250,15.437500,4.414011,3342400
1997-03-18,15.562500,15.562500,15.375000,15.406250,4.405075,3100800
1997-03-19,15.343750,15.500000,15.343750,15.437500,4.414011,1862400
1997-03-20,15.406250,15.406250,15.218750,15.312500,4.378268,1493600
1997-03-21,15.375000,15.500000,15.312500,15.437500,4.414011,1895200
1997-03-24,15.312500,15.531250,15.312500,15.531250,4.440814,2988800
1997-03-25,15.593750,15.750000,15.562500,15.687500,4.485493,2782000
1997-03-26,15.625000,15.812500,15.593750,15.718750,4.494428,1955200
1997-03-27,15.656250,15.687500,15.437500,15.593750,4.458685,1838400
1997-03-31,15.625000,15.687500,15.500000,15.531250,4.440814,2032400
1997-04-01,15.468750,15.500000,15.281250,15.312500,4.378268,2266800
1997-04-02,15.218750,15.312500,15.156250,15.250000,4.360398,1695200
1997-04-03,15.187500,15.281250,15.062500,15.218750,4.351461,1285600
1997-04-04,15.156250,15.187500,15.000000,15.125000,4.324656,1187200
1997-04-07,15.218750,15.281250,15.093750,15.187500,4.342529,1070000
1997-04-08,15.031250,15.281250,14.937500,15.093750,4.471774,2748800
1997-04-09,15.093750,15.156250,14.937500,15.000000,4.443998,1047200
1997-04-10,14.968750,15.093750,14.968750,15.093750,4.471774,694800
1997-04-11,14.968750,14.968750,14.656250,14.656250,4.342157,1302800
1997-04-14,14.500000,14.750000,14.437500,14.718750,4.360673,4222000
1997-04-15,14.750000,14.781250,14.625000,14.718750,4.360673,1092400
1997-04-16,14.687500,14.843750,14.593750,14.812500,4.388451,1112000
1997-04-17,14.875000,14.906250,14.750000,14.812500,4.388451,883600
1997-04-18,14.812500,14.812500,14.687500,14.781250,4.379190,2183600
1997-04-21,14.656250,14.718750,14.500000,14.625000,4.332899,1425600
1997-04-22,14.625000,14.750000,14.562500,14.750000,4.369930,2257600
1997-04-23,14.750000,14.750000,14.500000,14.625000,4.332899,1840400
1997-04-24,14.625000,14.625000,14.468750,14.625000,4.332899,1778800
1997-04-25,14.562500,14.875000,14.531250,14.750000,4.369930,1740800
1997-04-28,14.656250,14.843750,14.656250,14.750000,4.369930,1116000
1997-04-29,14.843750,15.281250,14.843750,15.281250,4.527325,3608400
1997-04-30,15.218750,15.531250,15.218750,15.500000,4.592133,3097600
1997-05-01,15.468750,15.562500,15.406250,15.500000,4.592133,2620000
1997-05-02,15.500000,15.687500,15.500000,15.687500,4.647683,2055200
1997-05-05,15.687500,15.968750,15.625000,15.968750,4.731009,1958800
1997-05-06,15.968750,15.968750,15.750000,15.906250,4.712490,4067200
1997-05-07,15.843750,15.875000,15.593750,15.593750,4.619907,2338800
1997-05-08,15.468750,15.781250,15.468750,15.750000,4.666199,2516800
1997-05-09,15.718750,15.812500,15.625000,15.781250,4.675458,1017600
1997-05-12,15.781250,16.031250,15.750000,16.000000,4.740265,1543200
1997-05-13,16.000000,16.000000,15.781250,15.875000,4.703230,1012000
1997-05-14,15.937500,15.968750,15.812500,15.937500,4.721749,509600
1997-05-15,15.937500,16.000000,15.812500,15.968750,4.731009,977600
1997-05-16,16.000000,16.000000,15.593750,15.656250,4.638424,1549600
1997-05-19,15.625000,15.750000,15.562500,15.750000,4.666199,1022400
1997-05-20,15.687500,15.812500,15.593750,15.781250,4.675458,924800
1997-05-21,15.875000,16.156250,15.843750,16.093750,4.768041,2143600
1997-05-22,16.093750,16.093750,15.906250,15.937500,4.721749,860800
1997-05-23,15.968750,16.062500,15.968750,16.062500,4.758781,760400
1997-05-27,15.968750,16.031250,15.875000,16.031250,4.749524,685600
1997-05-28,15.968750,16.031250,15.843750,16.031250,4.749524,1156800
1997-05-29,16.062500,16.093750,15.843750,15.968750,4.731009,635600
1997-05-30,15.718750,15.875000,15.718750,15.812500,4.684715,1751200
1997-06-02,15.750000,15.750000,15.468750,15.500000,4.592133,2948000
1997-06-03,15.250000,15.531250,15.218750,15.281250,4.527325,3588400
1997-06-04,15.156250,15.187500,15.078125,15.187500,4.499550,2618800
1997-06-05,15.156250,15.156250,15.000000,15.000000,4.443998,2423600
1997-06-06,15.031250,15.187500,15.031250,15.187500,4.499550,1647200
1997-06-09,15.250000,15.437500,15.187500,15.437500,4.573617,1954000
1997-06-10,15.437500,15.593750,15.406250,15.500000,4.592133,2358000
1997-06-11,15.437500,16.031250,15.437500,15.968750,4.731009,3731200
1997-06-12,15.968750,16.218750,15.937500,16.218750,4.805073,1953600
1997-06-13,16.187500,16.406250,16.062500,16.093750,4.768041,1833200
1997-06-16,16.093750,16.218750,16.031250,16.187500,4.795817,726800
1997-06-17,16.062500,16.281250,16.000000,16.250000,4.814332,1346000
1997-06-18,16.218750,16.218750,16.078125,16.093750,4.768041,560000
1997-06-19,16.125000,16.312500,16.062500,16.312500,4.832848,1534000
1997-06-20,16.375000,16.375000,16.250000,16.312500,4.832848,1571600
1997-06-23,16.250000,16.250000,16.000000,16.031250,4.749524,1610400
1997-06-24,15.968750,16.187500,15.828125,16.187500,4.795817,1880400
1997-06-25,16.125000,16.250000,15.937500,16.156250,4.786558,997200
1997-06-26,16.093750,16.250000,15.890625,16.250000,4.814332,2542000
1997-06-27,16.625000,16.625000,16.375000,16.375000,4.851366,2234400
1997-06-30,16.437500,16.437500,16.140625,16.281250,4.823591,1890400
1997-07-01,16.218750,16.406250,16.171875,16.406250,4.860624,1880000
1997-07-02,16.406250,16.437500,16.343750,16.437500,4.869882,1165600
1997-07-03,17.125000,17.125000,16.937500,17.046875,5.050422,3147600
1997-07-07,17.000000,17.000000,16.843750,16.859375,4.994867,2606000
1997-07-08,16.750000,17.000000,16.750000,16.953125,5.185663,2641200
1997-07-09,16.968750,16.984375,16.843750,16.859375,5.156986,3035600
1997-07-10,16.859375,17.046875,16.859375,16.984375,5.195221,2842800
1997-07-11,17.000000,17.031250,16.875000,16.906250,5.171326,1541200
1997-07-14,16.875000,16.984375,16.812500,16.875000,5.161768,2174800
1997-07-15,16.781250,17.046875,16.750000,17.031250,5.209559,3492800
1997-07-16,17.015625,17.156250,16.968750,17.109375,5.233459,1876400
1997-07-17,17.125000,17.125000,16.812500,16.984375,5.195221,1611600
1997-07-18,16.984375,17.062500,16.781250,16.937500,5.180884,2038800
1997-07-21,16.875000,16.937500,16.843750,16.937500,5.180884,1104000
1997-07-22,16.921875,16.984375,16.828125,16.906250,5.171326,3166000
1997-07-23,16.906250,17.046875,16.906250,17.015625,5.204782,1452400
1997-07-24,16.968750,17.046875,16.859375,16.968750,5.190444,2403600
1997-07-25,16.968750,17.078125,16.921875,17.062500,5.219123,1995200
1997-07-28,17.078125,17.312500,17.078125,17.234375,5.271693,1556800
1997-07-29,17.250000,17.406250,17.156250,17.390625,5.319488,2381200
1997-07-30,17.343750,17.343750,17.093750,17.109375,5.233459,792400
1997-07-31,17.125000,17.281250,17.125000,17.281250,5.286030,1329200
1997-08-01,17.250000,17.546875,17.250000,17.515625,5.357723,2620800
1997-08-04,17.468750,17.750000,17.453125,17.703125,5.415075,1678000
1997-08-05,17.640625,17.765625,17.609375,17.750000,5.429412,1620800
1997-08-06,17.718750,17.875000,17.578125,17.781250,5.438972,1275200
1997-08-07,17.718750,17.718750,17.453125,17.531250,5.362501,1281200
1997-08-08,17.500000,17.515625,17.093750,17.250000,5.276472,1025200
1997-08-11,17.218750,17.468750,17.109375,17.437500,5.333826,853600
1997-08-12,17.468750,17.468750,17.156250,17.156250,5.247796,867200
1997-08-13,17.250000,17.250000,16.984375,17.171875,5.252579,3038800
1997-08-14,17.187500,17.203125,16.875000,17.125000,5.238238,1155200
1997-08-15,17.125000,17.125000,16.687500,16.796875,5.137869,1940800
1997-08-18,16.546875,16.718750,16.484375,16.640625,5.090076,2809600
1997-08-19,16.625000,16.750000,16.500000,16.750000,5.123530,3358000
1997-08-20,16.734375,16.734375,16.562500,16.687500,5.104413,1825600
1997-08-21,16.687500,16.687500,16.437500,16.562500,5.066177,1331600
1997-08-22,16.406250,16.515625,16.250000,16.515625,5.051839,1886000
1997-08-25,16.546875,16.578125,16.421875,16.500000,5.047060,1292000
1997-08-26,16.406250,16.531250,16.312500,16.500000,5.047060,1596000
1997-08-27,16.390625,16.453125,16.296875,16.343750,4.999268,2624400
1997-08-28,16.250000,16.281250,16.140625,16.250000,4.970590,1630400
1997-08-29,16.218750,16.250000,15.984375,16.062500,4.913236,1069200
1997-09-02,16.218750,16.359375,16.156250,16.359375,5.004046,1979200
1997-09-03,16.343750,16.609375,16.343750,16.531250,5.056618,1857600
1997-09-04,16.531250,16.796875,16.515625,16.656250,5.094856,1374400
1997-09-05,16.703125,16.781250,16.484375,16.515625,5.051839,1206000
1997-09-08,16.515625,16.593750,16.421875,16.468750,5.037501,1362800
1997-09-09,16.375000,16.562500,16.359375,16.421875,5.023163,2001600
1997-09-10,16.406250,16.453125,16.296875,16.390625,5.013604,1360400
1997-09-11,16.328125,16.437500,16.281250,16.375000,5.008826,1997600
1997-09-12,16.468750,16.703125,16.265625,16.609375,5.080516,2878400
1997-09-15,16.515625,16.625000,16.500000,16.578125,5.070959,840800
1997-09-16,16.718750,17.093750,16.718750,17.000000,5.200002,1706000
1997-09-17,17.109375,17.156250,16.843750,16.843750,5.152207,1976800
1997-09-18,16.859375,17.062500,16.828125,16.828125,5.147428,1240800
1997-09-19,16.828125,16.984375,16.796875,16.890625,5.166543,1190000
1997-09-22,16.906250,17.125000,16.906250,17.031250,5.209559,1110400
1997-09-23,16.984375,17.140625,16.906250,17.062500,5.219123,1145600
1997-09-24,17.093750,17.203125,17.046875,17.078125,5.223900,1149600
1997-09-25,17.046875,17.078125,16.828125,16.859375,5.156986,1109600
1997-09-26,16.750000,16.968750,16.718750,16.937500,5.180884,822800
1997-09-29,16.828125,17.312500,16.828125,17.265625,5.281254,2170000
1997-09-30,17.265625,17.531250,17.187500,17.234375,5.271693,2754000
1997-10-01,17.281250,17.921875,17.281250,17.656250,5.400737,3975600
1997-10-02,17.781250,17.781250,17.546875,17.656250,5.400737,1222400
1997-10-03,17.718750,17.781250,17.437500,17.515625,5.357723,1401600
1997-10-06,17.578125,17.593750,17.390625,17.453125,5.338603,1003600
1997-10-07,17.390625,17.656250,17.359375,17.640625,5.395957,2434000
1997-10-08,17.625000,17.625000,17.250000,17.437500,5.499043,1200800
1997-10-09,17.375000,17.484375,17.250000,17.406250,5.489184,1102800
1997-10-10,17.390625,17.390625,17.203125,17.250000,5.439911,1168800
1997-10-13,17.281250,17.281250,17.171875,17.234375,5.434985,794000
1997-10-14,17.203125,17.343750,17.171875,17.234375,5.434985,2055600
1997-10-15,17.171875,17.343750,17.156250,17.250000,5.439911,1240800
1997-10-16,17.218750,17.421875,17.125000,17.203125,5.425129,1200800
1997-10-17,17.234375,17.359375,17.203125,17.312500,5.459621,1841600
1997-10-20,17.250000,17.375000,17.156250,17.328125,5.464548,785200
1997-10-21,17.265625,17.500000,17.234375,17.484375,5.513822,1104800
1997-10-22,17.500000,17.500000,17.265625,17.328125,5.464548,687200
1997-10-23,17.218750,17.234375,17.015625,17.203125,5.425129,1262000
1997-10-24,17.296875,17.312500,17.093750,17.140625,5.405421,1975600
1997-10-27,17.000000,17.031250,16.406250,16.421875,5.178755,2858800
1997-10-28,15.937500,16.859375,15.843750,16.765625,5.287160,3236800
1997-10-29,16.734375,16.906250,16.593750,16.656250,5.252667,1120000
1997-10-30,16.625000,16.640625,16.406250,16.484375,5.198467,1796400
1997-10-31,16.562500,16.687500,16.375000,16.500000,5.203395,1578400
1997-11-03,16.625000,16.875000,16.593750,16.859375,5.316726,2530400
1997-11-04,16.875000,16.937500,16.750000,16.890625,5.326579,776800
1997-11-05,16.859375,17.031250,16.750000,16.937500,5.341362,1955600
1997-11-06,16.812500,16.968750,16.812500,16.953125,5.346290,616400
1997-11-07,16.828125,16.921875,16.765625,16.921875,5.336433,843200
1997-11-10,16.921875,16.984375,16.859375,16.906250,5.331509,1614000
1997-11-11,16.890625,17.109375,16.890625,17.109375,5.395564,862000
1997-11-12,17.125000,17.453125,17.062500,17.328125,5.464548,2149200
1997-11-13,17.500000,17.796875,17.406250,17.718750,5.587734,3072000
1997-11-14,17.718750,18.843750,17.718750,18.437500,5.814396,6110400
1997-11-17,18.500000,18.750000,18.218750,18.640625,5.878456,3491200
1997-11-18,18.687500,18.687500,18.390625,18.406250,5.804542,2814800
1997-11-19,18.359375,18.718750,18.187500,18.640625,5.878456,3138000
1997-11-20,18.640625,18.859375,18.640625,18.750000,5.912946,2919600
1997-11-21,18.750000,18.750000,18.421875,18.453125,5.819325,2580400
1997-11-24,18.484375,18.546875,18.421875,18.484375,5.829180,3060400
1997-11-25,18.546875,18.703125,18.546875,18.625000,5.873525,2991200
1997-11-26,18.625000,18.640625,18.406250,18.453125,5.819325,1276800
1997-11-28,18.484375,18.562500,18.453125,18.500000,5.834110,448400
1997-12-01,18.531250,18.671875,18.515625,18.640625,5.878456,1686000
1997-12-02,18.609375,18.984375,18.593750,18.906250,5.962221,1470400
1997-12-03,18.875000,19.187500,18.750000,19.156250,6.041060,2077600
1997-12-04,19.171875,19.171875,18.734375,18.859375,5.947437,1207600
1997-12-05,18.734375,19.093750,18.734375,19.046875,6.006567,724800
1997-12-08,18.875000,19.250000,18.656250,19.171875,6.045989,2196000
1997-12-09,19.140625,19.375000,19.031250,19.312500,6.090332,2156800
1997-12-10,19.296875,19.562500,19.203125,19.234375,6.065698,1565600
1997-12-11,19.203125,19.531250,19.093750,19.515625,6.154390,3401600
1997-12-12,19.515625,19.515625,18.937500,19.031250,6.001638,1842400
1997-12-15,19.187500,19.343750,19.125000,19.125000,6.031204,3520400
1997-12-16,19.187500,19.250000,18.890625,18.968750,5.981932,1443200
1997-12-17,19.000000,19.031250,18.703125,18.765625,5.917874,1302400
1997-12-18,18.703125,18.703125,18.421875,18.468750,5.824253,1473600
1997-12-19,18.000000,18.343750,17.890625,18.093750,5.705992,2371600
1997-12-22,18.312500,18.312500,17.984375,18.031250,5.686283,1343200
1997-12-23,18.000000,18.000000,17.750000,17.812500,5.617298,1206400
1997-12-24,17.812500,17.937500,17.750000,17.843750,5.627155,381200
1997-12-26,17.812500,17.843750,17.718750,17.718750,5.587734,358400
1997-12-29,17.875000,18.015625,17.828125,17.828125,5.622227,432800
1997-12-30,17.859375,18.281250,17.843750,18.265625,5.760196,1150000
1997-12-31,18.250000,18.406250,17.906250,17.906250,5.646863,794400
1998-01-02,17.890625,18.109375,17.843750,18.078125,5.701066,1197600
1998-01-05,18.031250,18.093750,17.718750,17.984375,5.671502,2914400
1998-01-06,18.000000,18.062500,17.937500,18.015625,5.681355,1986400
1998-01-07,17.765625,17.781250,17.625000,17.687500,5.746948,2204400
1998-01-08,17.609375,17.718750,17.593750,17.625000,5.726642,1592400
1998-01-09,17.609375,17.671875,17.406250,17.437500,5.665721,1771600
1998-01-12,17.406250,17.906250,17.390625,17.781250,5.777411,1730800
1998-01-13,17.781250,17.843750,17.656250,17.687500,5.746948,1462800
1998-01-14,17.640625,18.046875,17.640625,17.968750,5.838333,2489200
1998-01-15,17.984375,18.093750,17.953125,17.984375,5.843409,1295600
1998-01-16,18.015625,18.281250,18.015625,18.156250,5.899253,1407600
1998-01-20,18.140625,18.375000,18.093750,18.312500,5.950017,1143600
1998-01-21,18.312500,18.531250,18.171875,18.531250,6.021095,2791200
1998-01-22,18.437500,18.500000,18.343750,18.468750,6.000790,2206400
1998-01-23,18.453125,18.531250,18.125000,18.359375,5.965249,875600
1998-01-26,18.328125,18.343750,18.125000,18.343750,5.960173,1202800
1998-01-27,18.250000,18.593750,18.234375,18.546875,6.026172,1734000
1998-01-28,18.546875,18.625000,18.500000,18.625000,6.051558,1304400
1998-01-29,18.609375,18.812500,18.609375,18.703125,6.076939,1340800
1998-01-30,18.734375,18.734375,18.406250,18.609375,6.046480,1625200
1998-02-02,18.609375,18.718750,18.359375,18.359375,5.965249,3479600
1998-02-03,18.296875,18.390625,18.046875,18.375000,5.970329,2614400
1998-02-04,18.343750,18.468750,18.093750,18.187500,5.909406,1623600
1998-02-05,18.187500,18.265625,17.875000,18.078125,5.873869,2057200
1998-02-06,18.109375,18.250000,18.109375,18.109375,5.884023,1783200
1998-02-09,18.171875,18.296875,17.890625,17.953125,5.833253,3846800
1998-02-10,17.953125,18.187500,17.953125,18.140625,5.894174,1106000
1998-02-11,18.171875,18.500000,18.140625,18.359375,5.965249,1368800
1998-02-12,18.343750,18.578125,18.343750,18.421875,5.985559,1706000
1998-02-13,18.500000,18.625000,18.484375,18.546875,6.026172,1129200
1998-02-17,18.500000,18.750000,18.312500,18.718750,6.082018,1814000
1998-02-18,18.687500,18.859375,18.671875,18.812500,6.112478,696000
1998-02-19,18.781250,18.781250,18.437500,18.578125,6.036324,1249200
1998-02-20,18.562500,18.562500,18.250000,18.312500,5.950017,2259600
1998-02-23,18.093750,18.234375,18.062500,18.203125,5.914483,2682000
1998-02-24,18.156250,18.234375,17.968750,18.078125,5.873869,2651600
1998-02-25,18.000000,18.140625,17.953125,18.109375,5.884023,2286800
1998-02-26,18.109375,18.156250,17.937500,18.000000,5.848485,2280800
1998-02-27,18.000000,18.015625,17.875000,17.984375,5.843409,1362400
1998-03-02,17.921875,17.968750,17.734375,17.828125,5.792640,1658800
1998-03-03,17.796875,17.968750,17.718750,17.828125,5.792640,2528800
1998-03-04,17.890625,17.968750,17.671875,17.812500,5.787562,2208400
1998-03-05,17.687500,17.812500,17.687500,17.718750,5.757101,1391600
1998-03-06,17.718750,17.984375,17.718750,17.890625,5.812946,2062800
1998-03-09,17.859375,17.906250,17.781250,17.796875,5.782487,1125200
1998-03-10,17.812500,18.156250,17.796875,18.015625,5.853560,2889200
1998-03-11,18.015625,18.546875,18.000000,18.390625,5.975406,6446400
1998-03-12,18.343750,18.531250,18.312500,18.312500,5.950017,2538800
1998-03-13,18.343750,18.375000,18.078125,18.093750,5.878944,1575600
1998-03-16,18.093750,18.343750,18.093750,18.250000,5.929713,2459600
1998-03-17,18.265625,18.828125,18.265625,18.750000,6.092171,3078000
1998-03-18,18.687500,18.906250,18.687500,18.734375,6.087095,1996400
1998-03-19,18.718750,18.812500,18.718750,18.781250,6.102327,2230800
1998-03-20,18.796875,19.015625,18.750000,18.937500,6.153094,1520400
1998-03-23,18.843750,18.859375,18.703125,18.734375,6.087095,2503200
1998-03-24,18.718750,18.828125,18.687500,18.796875,6.107402,1530000
1998-03-25,18.828125,18.953125,18.750000,18.875000,6.132787,1291200
1998-03-26,18.843750,18.843750,18.703125,18.703125,6.076939,1079200
1998-03-27,18.718750,18.843750,18.703125,18.734375,6.087095,1413600
1998-03-30,18.671875,18.796875,18.609375,18.718750,6.082018,1344400
1998-03-31,18.687500,19.000000,18.687500,19.000000,6.173401,1884000
1998-04-01,18.937500,18.937500,18.687500,18.906250,6.142939,1231200
1998-04-02,18.921875,18.968750,18.734375,18.968750,6.163249,1404800
1998-04-03,18.937500,18.937500,18.718750,18.750000,6.092171,1584800
1998-04-06,18.812500,18.859375,18.718750,18.734375,6.087095,1518800
1998-04-07,18.593750,18.765625,18.593750,18.734375,6.264313,2702000
1998-04-08,18.718750,18.734375,18.640625,18.640625,6.232966,1763200
1998-04-09,18.656250,18.796875,18.625000,18.625000,6.227742,2984000
1998-04-13,18.609375,18.609375,18.265625,18.328125,6.128471,4618000
1998-04-14,18.250000,18.328125,18.062500,18.109375,6.055329,3147200
1998-04-15,18.093750,18.093750,17.843750,17.890625,5.982183,5025200
1998-04-16,17.875000,17.937500,17.718750,17.921875,5.992633,3183200
1998-04-17,17.984375,18.062500,17.890625,18.031250,6.029207,1468000
1998-04-20,18.000000,18.000000,17.812500,17.906250,5.987409,2428800
1998-04-21,17.906250,17.968750,17.812500,17.921875,5.992633,2682000
1998-04-22,17.890625,17.937500,17.578125,17.593750,5.882915,2867600
1998-04-23,17.500000,17.531250,17.375000,17.500000,5.851569,3557200
1998-04-24,17.484375,17.562500,17.265625,17.296875,5.783649,2904800
1998-04-27,17.125000,17.171875,16.875000,16.875000,5.642586,3582800
1998-04-28,17.031250,17.031250,16.609375,16.687500,5.579889,3789200
1998-04-29,16.750000,16.812500,16.718750,16.765625,5.606013,5346400
1998-04-30,16.890625,17.031250,16.859375,16.890625,5.647808,6440400
1998-05-01,16.906250,17.046875,16.828125,17.000000,5.684382,3107600
1998-05-04,17.000000,17.218750,17.000000,17.171875,5.741855,3344400
1998-05-05,17.125000,17.140625,17.062500,17.109375,5.720955,4216400
1998-05-06,17.078125,17.234375,16.921875,16.921875,5.658257,4062000
1998-05-07,16.921875,16.921875,16.765625,16.843750,5.632136,2856800
1998-05-08,17.218750,17.281250,17.109375,17.125000,5.726178,4144800
1998-05-11,17.093750,17.125000,16.953125,17.031250,5.694830,2108000
1998-05-12,17.093750,17.109375,17.000000,17.062500,5.705281,1309600
1998-05-13,17.093750,17.281250,17.046875,17.156250,5.736627,2804000
1998-05-14,17.093750,17.390625,17.062500,17.093750,5.715730,1577600
1998-05-15,16.968750,17.031250,16.890625,16.921875,5.658257,3162800
1998-05-18,16.875000,17.078125,16.875000,17.078125,5.710503,2868400
1998-05-19,17.062500,17.171875,17.062500,17.156250,5.736627,2229200
1998-05-20,17.218750,17.296875,17.109375,17.265625,5.773201,2872800
1998-05-21,17.359375,17.421875,17.234375,17.281250,5.778425,2568000
1998-05-22,17.437500,17.453125,17.265625,17.375000,5.809770,4308000
1998-05-26,17.500000,17.531250,17.218750,17.234375,5.762752,2618400
1998-05-27,17.234375,17.234375,16.968750,17.156250,5.736627,3807200
1998-05-28,17.250000,17.359375,17.156250,17.234375,5.762752,5310000
1998-05-29,17.296875,17.375000,17.015625,17.062500,5.705281,3741600
1998-06-01,17.125000,17.390625,17.062500,17.312500,5.788875,2002400
1998-06-02,17.375000,17.484375,17.359375,17.390625,5.814998,1627600
1998-06-03,17.359375,17.640625,17.359375,17.515625,5.856794,1686400
1998-06-04,17.515625,17.609375,17.421875,17.421875,5.825447,1728000
1998-06-05,17.625000,17.781250,17.500000,17.718750,5.924713,1934800
1998-06-08,18.062500,18.062500,17.593750,17.593750,5.882915,1181200
1998-06-09,17.609375,17.859375,17.562500,17.765625,5.940386,794400
1998-06-10,17.750000,17.781250,17.578125,17.625000,5.893367,1068800
1998-06-11,17.562500,17.609375,17.437500,17.578125,5.877692,1804000
1998-06-12,17.625000,17.640625,17.343750,17.625000,5.893367,1793600
1998-06-15,17.375000,17.484375,17.296875,17.296875,5.783649,2372400
1998-06-16,17.281250,17.484375,17.203125,17.406250,5.820221,1556400
1998-06-17,17.500000,17.718750,17.453125,17.687500,5.914264,1801200
1998-06-18,17.734375,17.750000,17.515625,17.718750,5.924713,1042800
1998-06-19,17.718750,17.765625,17.390625,17.531250,5.862015,1986800
1998-06-22,17.531250,17.625000,17.531250,17.578125,5.877692,752800
1998-06-23,17.609375,17.671875,17.500000,17.640625,5.898592,804000
1998-06-24,17.656250,17.718750,17.515625,17.593750,5.882915,1008400
1998-06-25,17.562500,17.625000,17.375000,17.468750,5.841120,828000
1998-06-26,17.500000,17.625000,17.468750,17.562500,5.872467,1836800
1998-06-29,17.281250,17.281250,16.859375,17.109375,5.720955,4784800
1998-06-30,17.062500,17.125000,16.859375,17.062500,5.705281,3247600
1998-07-01,17.187500,17.187500,16.859375,16.921875,5.658257,2287200
1998-07-02,16.984375,17.000000,16.843750,16.984375,5.679156,1687600
1998-07-06,17.000000,17.187500,17.000000,17.125000,5.726178,1064000
1998-07-07,17.187500,17.234375,17.078125,17.203125,5.752301,1759200
1998-07-08,17.078125,17.265625,17.000000,17.218750,5.940542,4852000
1998-07-09,17.093750,17.125000,17.000000,17.031250,5.875855,7489200
1998-07-10,17.062500,17.281250,17.015625,17.265625,5.956718,2996000
1998-07-13,17.250000,17.343750,17.046875,17.343750,5.983673,3046400
1998-07-14,17.156250,17.234375,17.109375,17.203125,5.935152,3336400
1998-07-15,17.125000,17.125000,16.921875,16.953125,5.848903,1735200
1998-07-16,16.953125,16.984375,16.859375,16.859375,5.816558,1744400
1998-07-17,16.859375,16.875000,16.656250,16.656250,5.746479,1708800
1998-07-20,16.468750,16.546875,16.437500,16.546875,5.708743,2048800
1998-07-21,16.546875,16.640625,16.484375,16.546875,5.708743,2142000
1998-07-22,16.546875,16.546875,16.343750,16.515625,5.697959,4978000
1998-07-23,16.500000,16.500000,16.281250,16.296875,5.622492,5128800
1998-07-24,16.281250,16.312500,16.062500,16.062500,5.541634,1762000
1998-07-27,15.875000,16.031250,15.828125,15.843750,5.466161,4427600
1998-07-28,15.812500,15.812500,15.515625,15.750000,5.433817,3947200
1998-07-29,15.843750,15.875000,15.500000,15.625000,5.390692,3366800
1998-07-30,15.625000,15.968750,15.625000,15.890625,5.482336,2514400
1998-07-31,15.625000,15.703125,15.484375,15.484375,5.342176,3209200
1998-08-03,15.500000,15.578125,15.375000,15.453125,5.331395,2238800
1998-08-04,15.484375,15.500000,15.234375,15.234375,5.255927,2025200
1998-08-05,15.000000,15.531250,15.000000,15.234375,5.255927,2492000
1998-08-06,15.203125,15.625000,15.203125,15.562500,5.369131,1928400
1998-08-07,15.562500,15.562500,15.406250,15.531250,5.358347,1760800
1998-08-10,15.500000,15.500000,15.281250,15.328125,5.288270,1590800
1998-08-11,15.265625,15.265625,14.796875,15.031250,5.185848,3282400
1998-08-12,15.078125,15.203125,15.015625,15.093750,5.207408,1131600
1998-08-13,15.093750,15.296875,15.046875,15.234375,5.255927,1176800
1998-08-14,15.343750,15.359375,14.937500,15.140625,5.223580,1562400
1998-08-17,15.156250,15.468750,15.125000,15.468750,5.336786,1901600
1998-08-18,15.468750,15.812500,15.453125,15.796875,5.449991,2461200
1998-08-19,15.812500,15.843750,15.671875,15.734375,5.428429,2262800
1998-08-20,15.703125,15.859375,15.593750,15.812500,5.455381,1776800
1998-08-21,15.656250,15.796875,15.562500,15.750000,5.433817,1311600
1998-08-24,15.734375,16.125000,15.718750,16.109375,5.557806,2646000
1998-08-25,16.156250,16.375000,16.156250,16.218750,5.595538,3146800
1998-08-26,16.156250,16.218750,16.000000,16.046875,5.536241,1236400
1998-08-27,16.218750,16.453125,16.078125,16.109375,5.557806,2547200
1998-08-28,16.125000,16.734375,16.109375,16.515625,5.697959,2632000
1998-08-31,16.296875,16.781250,16.250000,16.359375,5.644055,4017200
1998-09-01,16.375000,16.875000,16.250000,16.781250,5.789604,4190400
1998-09-02,16.781250,16.921875,16.578125,16.625000,5.735698,2266000
1998-09-03,16.375000,16.687500,16.375000,16.500000,5.692573,2070000
1998-09-04,16.468750,16.500000,16.125000,16.296875,5.622492,1194000
1998-09-08,16.500000,16.578125,16.218750,16.515625,5.697959,2117200
1998-09-09,16.156250,16.437500,16.156250,16.265625,5.611711,1452800
1998-09-10,16.031250,16.484375,16.015625,16.484375,5.687183,3010000
1998-09-11,16.453125,16.562500,16.281250,16.359375,5.644055,2007600
1998-09-14,16.359375,16.546875,16.359375,16.500000,5.692573,1995200
1998-09-15,16.250000,16.546875,16.250000,16.437500,5.671009,1200800
1998-09-16,16.625000,16.937500,16.625000,16.843750,5.811165,4664800
1998-09-17,16.843750,17.234375,16.781250,17.109375,5.902810,3540400
1998-09-18,17.468750,17.484375,17.265625,17.390625,5.999844,3630000
1998-09-21,17.125000,17.359375,17.093750,17.218750,5.940542,6449600
1998-09-22,17.343750,17.437500,17.218750,17.234375,5.945936,1864400
1998-09-23,17.296875,17.625000,17.281250,17.578125,6.064531,3848800
1998-09-24,17.375000,17.875000,17.375000,17.796875,6.140000,3436800
1998-09-25,17.734375,17.843750,17.687500,17.781250,6.134609,2815200
1998-09-28,17.765625,18.000000,17.625000,17.781250,6.134609,1883200
1998-09-29,17.781250,17.921875,17.562500,17.875000,6.166952,1877200
1998-09-30,17.687500,17.750000,17.453125,17.500000,6.037576,2144000
1998-10-01,17.437500,17.750000,17.406250,17.421875,6.010622,2814400
1998-10-02,17.375000,17.718750,17.375000,17.718750,6.113046,3423200
1998-10-05,17.593750,17.640625,17.375000,17.593750,6.069921,3341600
1998-10-06,17.750000,17.921875,17.578125,17.796875,6.140000,2983200
1998-10-07,17.531250,17.937500,17.500000,17.781250,6.322910,1977600
1998-10-08,17.796875,18.093750,17.625000,17.875000,6.356243,2298000
1998-10-09,17.812500,17.843750,17.406250,17.484375,6.217340,2060800
1998-10-12,17.500000,17.750000,17.484375,17.515625,6.228456,1470400
1998-10-13,17.453125,17.750000,17.390625,17.484375,6.217340,1343600
1998-10-14,17.343750,17.859375,17.171875,17.203125,6.117329,2893600
1998-10-15,17.140625,17.640625,17.078125,17.609375,6.261790,2038000
1998-10-16,17.406250,17.421875,17.187500,17.250000,6.133999,2704400
1998-10-19,17.312500,17.609375,17.312500,17.406250,6.189561,2702800
1998-10-20,17.437500,17.609375,17.312500,17.328125,6.161779,1398400
1998-10-21,17.468750,17.609375,17.281250,17.406250,6.189561,1595200
1998-10-22,17.515625,17.859375,17.187500,17.687500,6.289570,1636800
1998-10-23,17.843750,17.953125,17.687500,17.890625,6.361802,1116000
1998-10-26,17.921875,17.921875,17.546875,17.562500,6.245121,810000
1998-10-27,17.812500,17.859375,17.671875,17.734375,6.306242,1045600
1998-10-28,17.796875,17.984375,17.765625,17.843750,6.345133,1369600
1998-10-29,17.843750,18.078125,17.640625,17.984375,6.395141,1379600
1998-10-30,18.109375,18.437500,18.109375,18.375000,6.534042,2051600
1998-11-02,18.375000,18.812500,18.187500,18.500000,6.578493,2647200
1998-11-03,18.531250,18.531250,18.312500,18.437500,6.556267,991200
1998-11-04,18.500000,18.500000,18.187500,18.234375,6.484038,1588800
1998-11-05,18.265625,18.406250,18.125000,18.250000,6.489591,1366000
1998-11-06,18.156250,18.609375,18.140625,18.578125,6.606269,986000
1998-11-09,18.375000,18.515625,18.203125,18.406250,6.545153,753600
1998-11-10,18.406250,18.562500,18.062500,18.359375,6.528486,1206400
1998-11-11,17.968750,18.359375,17.968750,18.281250,6.500703,1052800
1998-11-12,18.328125,18.390625,18.125000,18.203125,6.472927,1266400
1998-11-13,18.265625,18.375000,18.140625,18.187500,6.467367,948000
1998-11-16,18.125000,18.281250,18.109375,18.156250,6.456255,1328400
1998-11-17,18.125000,18.421875,18.031250,18.062500,6.422918,2810800
1998-11-18,18.000000,18.093750,17.890625,17.953125,6.384026,2800400
1998-11-19,18.031250,18.203125,18.015625,18.156250,6.456255,937600
1998-11-20,18.312500,18.390625,18.218750,18.265625,6.495152,1273600
1998-11-23,18.296875,18.593750,18.187500,18.546875,6.595160,700400
1998-11-24,18.546875,18.703125,18.546875,18.609375,6.617384,1128000
1998-11-25,18.609375,18.968750,18.562500,18.750000,6.667390,1202400
1998-11-27,18.812500,18.843750,18.734375,18.750000,6.667390,477200
1998-11-30,18.718750,19.031250,18.718750,18.875000,6.711842,1788400
1998-12-01,18.890625,19.359375,18.843750,19.015625,6.761846,3164800
1998-12-02,18.968750,19.125000,18.953125,19.015625,6.761846,1430400
1998-12-03,19.031250,19.437500,19.000000,19.125000,6.800740,1539200
1998-12-04,19.093750,19.468750,19.078125,19.468750,6.922976,1554800
1998-12-07,19.406250,19.453125,19.156250,19.296875,6.861855,1104000
1998-12-08,19.156250,19.421875,19.125000,19.421875,6.906302,900000
1998-12-09,19.375000,19.375000,19.109375,19.187500,6.822962,1653200
1998-12-10,19.125000,19.125000,18.531250,18.750000,6.667390,1748800
1998-12-11,18.687500,18.703125,18.421875,18.500000,6.578493,1003200
1998-12-14,18.515625,18.734375,18.375000,18.625000,6.622940,1537200
1998-12-15,18.375000,19.062500,18.328125,18.859375,6.706282,2311600
1998-12-16,19.125000,19.187500,18.703125,18.734375,6.661835,4193600
1998-12-17,18.796875,19.125000,18.796875,19.093750,6.789624,1058400
1998-12-18,18.906250,19.031250,18.656250,18.656250,6.634053,1213600
1998-12-21,18.656250,19.156250,18.640625,19.093750,6.789624,1478000
1998-12-22,19.187500,19.312500,19.062500,19.265625,6.850744,922800
1998-12-23,19.234375,19.484375,19.125000,19.468750,6.922976,865200
1998-12-24,19.406250,19.437500,19.250000,19.250000,6.845189,317600
1998-12-28,19.265625,19.265625,19.046875,19.187500,6.822962,428000
1998-12-29,19.125000,19.921875,19.125000,19.781250,7.034093,1635600
1998-12-30,19.593750,19.640625,19.437500,19.515625,6.939640,742800
1998-12-31,19.484375,19.687500,19.421875,19.437500,6.911861,720400
1999-01-04,19.437500,19.843750,19.437500,19.671875,6.995203,1469600
1999-01-05,19.562500,20.000000,19.546875,19.953125,7.095212,1026000
1999-01-06,19.906250,20.140625,19.734375,19.843750,7.256338,3048800
1999-01-07,19.906250,19.953125,19.593750,19.921875,7.284909,2079600
1999-01-08,19.859375,20.343750,19.671875,20.343750,7.439174,2132400
1999-01-11,20.250000,20.265625,20.015625,20.093750,7.347758,2028000
1999-01-12,20.062500,20.296875,20.062500,20.187500,7.382041,1492000
1999-01-13,20.078125,20.375000,19.796875,20.156250,7.370612,2325600
1999-01-14,20.156250,20.453125,20.093750,20.453125,7.479171,1395600
1999-01-15,21.000000,21.171875,20.578125,20.687500,7.564876,2545600
1999-01-19,20.703125,20.812500,20.468750,20.640625,7.547737,2434000
1999-01-20,20.500000,20.671875,20.359375,20.359375,7.444889,2884400
1999-01-21,20.375000,20.437500,20.062500,20.156250,7.370612,1904800
1999-01-22,20.031250,20.093750,19.812500,19.859375,7.262049,1559600
1999-01-25,19.609375,20.125000,19.609375,20.109375,7.353471,2417600
1999-01-26,20.062500,20.281250,20.000000,20.093750,7.347758,1685200
1999-01-27,20.109375,20.562500,20.062500,20.562500,7.519167,5456800
1999-01-28,20.656250,21.125000,20.640625,21.062500,7.702004,2389200
1999-01-29,21.000000,21.156250,20.718750,20.984375,7.673432,1882000
1999-02-01,21.125000,21.125000,20.781250,20.828125,7.616302,1141600
1999-02-02,20.828125,21.000000,20.390625,20.937500,7.656293,1240400
1999-02-03,20.890625,20.984375,20.468750,20.546875,7.513455,1468400
1999-02-04,20.515625,20.609375,20.265625,20.312500,7.427747,2011200
1999-02-05,20.312500,20.500000,20.218750,20.343750,7.439174,1774000
1999-02-08,20.281250,20.437500,20.218750,20.390625,7.456317,1662800
1999-02-09,20.406250,20.484375,20.187500,20.234375,7.399179,2313600
1999-02-10,20.234375,20.484375,20.234375,20.437500,7.473459,1186800
1999-02-11,20.484375,20.515625,20.343750,20.484375,7.490601,2645600
1999-02-12,20.500000,20.609375,20.265625,20.515625,7.502027,1608800
1999-02-16,20.531250,20.781250,20.359375,20.656250,7.553448,1388800
1999-02-17,20.250000,20.593750,20.250000,20.406250,7.462029,1932400
1999-02-18,20.453125,20.578125,20.375000,20.515625,7.502027,838800
1999-02-19,20.453125,20.859375,20.437500,20.656250,7.553448,1662400
1999-02-22,20.750000,20.859375,20.562500,20.625000,7.542023,2673200
1999-02-23,20.843750,20.843750,20.343750,20.343750,7.439174,1781600
1999-02-24,20.343750,20.671875,20.312500,20.406250,7.462029,2238400
1999-02-25,20.250000,20.312500,20.093750,20.234375,7.399179,3842000
1999-02-26,20.265625,20.375000,20.000000,20.156250,7.370612,2173600
1999-03-01,20.109375,20.375000,19.828125,20.281250,7.416321,3754000
1999-03-02,20.343750,20.343750,20.000000,20.015625,7.319191,1274000
1999-03-03,20.015625,20.187500,19.890625,20.000000,7.313477,1641200
1999-03-04,19.953125,20.125000,19.906250,20.015625,7.319191,1075600
1999-03-05,20.203125,20.312500,20.031250,20.218750,7.393464,1275600
1999-03-08,20.093750,20.093750,19.812500,19.968750,7.302045,1222000
1999-03-09,19.843750,19.921875,19.765625,19.906250,7.279194,2168800
1999-03-10,19.937500,19.937500,19.734375,19.812500,7.244914,1384400
1999-03-11,19.687500,19.750000,19.500000,19.656250,7.187773,3007200
1999-03-12,19.718750,19.750000,19.578125,19.640625,7.182059,2259200
1999-03-15,19.312500,19.593750,19.281250,19.453125,7.113499,3666800
1999-03-16,19.468750,19.468750,19.109375,19.109375,6.987797,1730000
1999-03-17,19.203125,19.328125,18.906250,19.187500,7.016367,3757600
1999-03-18,19.187500,19.187500,18.796875,19.000000,6.947805,2657200
1999-03-19,19.000000,19.125000,18.500000,18.500000,6.764968,3346400
1999-03-22,18.515625,18.843750,18.515625,18.671875,6.827815,2524400
1999-03-23,18.734375,18.796875,18.609375,18.703125,6.839242,2930000
1999-03-24,18.765625,19.187500,18.687500,18.968750,6.936373,2359200
1999-03-25,19.031250,19.078125,18.875000,18.968750,6.936373,2890800
1999-03-26,19.000000,19.031250,18.531250,18.578125,6.793530,2576400
1999-03-29,18.765625,19.234375,18.734375,19.140625,6.999225,1556800
1999-03-30,19.078125,19.093750,18.828125,19.093750,6.982080,1870000
1999-03-31,19.156250,19.171875,18.734375,18.890625,6.907808,1534400
1999-04-01,18.890625,19.218750,18.890625,19.031250,6.959230,1721600
1999-04-05,19.093750,19.406250,19.078125,19.390625,7.090643,1457200
1999-04-06,19.250000,19.484375,18.984375,19.000000,6.947805,3441200
1999-04-07,18.890625,19.125000,18.796875,18.828125,7.090194,2961200
1999-04-08,18.968750,19.156250,18.875000,18.937500,7.131380,1710400
1999-04-09,18.906250,19.031250,18.765625,18.953125,7.137265,1533200
1999-04-12,18.953125,19.046875,18.781250,18.875000,7.107844,1142800
1999-04-13,18.812500,19.062500,18.812500,19.031250,7.166684,1513200
1999-04-14,19.093750,19.218750,19.031250,19.125000,7.201989,2155600
1999-04-15,19.109375,19.625000,19.046875,19.562500,7.366742,3048400
1999-04-16,19.812500,19.906250,19.593750,19.796875,7.455002,1550800
1999-04-19,19.859375,20.125000,19.812500,20.093750,7.566796,2321200
1999-04-20,20.031250,20.046875,19.437500,19.500000,7.343205,4128000
1999-04-21,19.750000,19.968750,19.625000,19.906250,7.496190,3215600
1999-04-22,19.718750,19.937500,19.625000,19.750000,7.437348,1552000
1999-04-23,19.750000,19.906250,19.671875,19.875000,7.484420,946400
1999-04-26,19.812500,19.812500,19.375000,19.421875,7.313785,1228400
1999-04-27,19.281250,19.312500,19.031250,19.218750,7.237292,2182400
1999-04-28,19.218750,19.218750,18.875000,19.015625,7.160802,2038800
1999-04-29,19.031250,19.031250,18.593750,18.609375,7.007821,2107600
1999-04-30,18.625000,18.656250,18.125000,18.281250,6.884254,2490400
1999-05-03,18.343750,18.734375,18.312500,18.625000,7.013702,2570000
1999-05-04,18.562500,18.593750,18.359375,18.437500,6.943095,3010000
1999-05-05,18.468750,18.734375,18.468750,18.531250,6.978399,2886400
1999-05-06,18.468750,18.812500,18.468750,18.609375,7.007821,3097200
1999-05-07,18.671875,18.968750,18.671875,18.781250,7.072542,1585200
1999-05-10,19.000000,19.078125,18.703125,18.875000,7.107844,1749600
1999-05-11,18.812500,19.437500,18.812500,19.343750,7.284364,2417200
1999-05-12,19.281250,19.468750,19.203125,19.437500,7.319670,1208400
1999-05-13,19.312500,19.703125,19.312500,19.515625,7.349088,1084000
1999-05-14,19.468750,19.703125,19.437500,19.500000,7.343205,799200
1999-05-17,19.625000,19.640625,19.359375,19.515625,7.349088,992400
1999-05-18,19.500000,19.703125,19.406250,19.531250,7.354975,1352400
1999-05-19,19.781250,19.953125,19.593750,19.843750,7.472650,1269200
1999-05-20,19.781250,19.796875,19.375000,19.375000,7.296135,1201200
1999-05-21,19.375000,19.531250,19.312500,19.421875,7.313785,898400
1999-05-24,19.421875,19.859375,19.406250,19.406250,7.307904,973200
1999-05-25,19.812500,19.968750,19.609375,19.640625,7.396159,1696400
1999-05-26,19.609375,20.250000,19.609375,19.703125,7.419697,2657200
1999-05-27,19.671875,19.906250,19.531250,19.656250,7.402041,2167600
1999-05-28,19.531250,20.187500,19.531250,20.093750,7.566796,2540800
1999-06-01,20.187500,20.187500,19.968750,20.031250,7.543262,2191600
1999-06-02,20.000000,20.375000,19.953125,20.265625,7.631518,1647600
1999-06-03,20.171875,20.250000,20.054688,20.125000,7.578563,680000
1999-06-04,20.156250,20.171875,19.968750,20.125000,7.578563,796000
1999-06-07,20.125000,20.187500,19.953125,20.140625,7.584448,708000
1999-06-08,20.000000,20.062500,19.921875,20.062500,7.555027,675200
1999-06-09,20.000000,20.171875,19.968750,20.062500,7.555027,1025600
1999-06-10,20.015625,20.093750,19.656250,19.890625,7.490304,1312800
1999-06-11,19.906250,20.062500,19.906250,19.937500,7.507954,1090800
1999-06-14,19.953125,20.375000,19.953125,19.968750,7.519723,1050400
1999-06-15,19.968750,20.187500,19.875000,20.015625,7.537374,893200
1999-06-16,20.000000,20.234375,19.921875,20.109375,7.572680,980400
1999-06-17,20.000000,20.156250,19.921875,20.078125,7.560910,632800
1999-06-18,19.968750,20.031250,19.859375,19.890625,7.490304,1558400
1999-06-21,19.921875,19.921875,19.750000,19.906250,7.496190,681600
1999-06-22,19.859375,20.125000,19.812500,19.921875,7.502073,1191200
1999-06-23,19.937500,19.953125,19.687500,19.890625,7.490304,496000
1999-06-24,19.937500,20.062500,19.937500,20.015625,7.537374,989200
1999-06-25,19.968750,20.234375,19.921875,20.000000,7.531491,851600
1999-06-28,20.156250,20.234375,19.859375,19.937500,7.507954,1019200
1999-06-29,20.093750,20.218750,19.796875,19.812500,7.460886,1834400
1999-06-30,19.937500,20.125000,19.796875,20.093750,7.566796,1312000
1999-07-01,20.093750,20.156250,19.953125,20.109375,7.572680,1432400
1999-07-02,20.125000,20.406250,20.125000,20.281250,7.637403,928000
1999-07-06,20.250000,20.468750,20.046875,20.359375,7.666823,1624800
1999-07-07,20.250000,20.625000,20.234375,20.531250,7.946211,2156000
1999-07-08,20.562500,20.812500,20.484375,20.500000,7.934114,2590400
1999-07-09,20.500000,20.718750,20.453125,20.593750,7.970399,2709200
1999-07-12,20.656250,20.656250,20.312500,20.562500,7.958309,1579200
1999-07-13,20.500000,20.671875,20.453125,20.562500,7.958309,948800
1999-07-14,20.578125,20.859375,20.515625,20.796875,8.049016,1417200
1999-07-15,20.828125,21.000000,20.828125,20.921875,8.097397,889600
1999-07-16,20.937500,21.125000,20.859375,21.031250,8.139725,1334800
1999-07-19,21.078125,21.156250,20.937500,21.046875,8.145773,1215200
1999-07-20,21.109375,21.343750,21.078125,21.156250,8.188106,1357200
1999-07-21,21.156250,21.390625,21.156250,21.218750,8.212296,863200
1999-07-22,21.187500,21.187500,21.031250,21.062500,8.151821,949200
1999-07-23,21.000000,21.140625,21.000000,21.062500,8.151821,1736000
1999-07-26,21.031250,21.109375,21.000000,21.031250,8.139725,1318400
1999-07-27,21.093750,21.406250,21.046875,21.265625,8.230438,3322000
1999-07-28,21.203125,21.406250,21.062500,21.156250,8.188106,1471200
1999-07-29,21.109375,21.109375,20.906250,21.031250,8.139725,1967600
1999-07-30,21.046875,21.046875,20.656250,20.703125,8.012733,2236800
1999-08-02,20.671875,20.875000,20.625000,20.781250,8.042969,921200
1999-08-03,20.843750,20.906250,20.703125,20.781250,8.042969,832400
1999-08-04,20.781250,20.812500,20.500000,20.546875,7.952260,1311600
1999-08-05,20.312500,20.687500,20.156250,20.562500,7.958309,2209600
1999-08-06,20.578125,20.578125,20.328125,20.500000,7.934114,992800
1999-08-09,20.500000,20.703125,20.437500,20.562500,7.958309,1066400
1999-08-10,20.546875,20.734375,20.515625,20.703125,8.012733,1420000
1999-08-11,20.703125,20.734375,20.593750,20.625000,7.982497,834400
1999-08-12,20.593750,20.734375,20.531250,20.546875,7.952260,1173600
1999-08-13,20.546875,20.890625,20.500000,20.828125,8.061113,1382400
1999-08-16,20.812500,20.843750,20.640625,20.734375,8.024826,678000
1999-08-17,20.765625,20.937500,20.750000,20.937500,8.103443,902000
1999-08-18,20.890625,20.906250,20.718750,20.734375,8.024826,1003600
1999-08-19,20.671875,20.781250,20.593750,20.750000,8.030875,841200
1999-08-20,20.796875,20.828125,20.718750,20.796875,8.049016,424400
1999-08-23,20.765625,20.937500,20.687500,20.890625,8.085300,750000
1999-08-24,20.921875,21.046875,20.906250,21.031250,8.139725,1372000
1999-08-25,21.031250,21.234375,20.890625,21.203125,8.206246,1659200
1999-08-26,21.203125,21.453125,21.140625,21.234375,8.218337,1442400
1999-08-27,21.250000,21.562500,21.250000,21.468750,8.309054,1569600
1999-08-30,21.406250,21.468750,21.171875,21.187500,8.200199,1166800
1999-08-31,21.125000,21.140625,20.843750,20.937500,8.103443,1865200
1999-09-01,20.812500,21.046875,20.718750,21.000000,8.127632,1303200
1999-09-02,20.984375,20.984375,20.750000,20.875000,8.079254,1630400
1999-09-03,21.031250,21.296875,21.031250,21.281250,8.236484,1349200
1999-09-07,21.187500,21.203125,20.781250,21.031250,8.139725,1343600
1999-09-08,20.921875,21.015625,20.859375,20.890625,8.085300,1360400
1999-09-09,20.890625,20.937500,20.781250,20.937500,8.103443,875600
1999-09-10,20.875000,20.984375,20.687500,20.828125,8.061113,607200
1999-09-13,20.828125,20.953125,20.812500,20.859375,8.073211,1496800
1999-09-14,20.859375,20.859375,20.562500,20.640625,7.988542,1703200
1999-09-15,20.640625,21.015625,20.640625,20.890625,8.085300,1604400
1999-09-16,20.781250,21.078125,20.687500,20.984375,8.121585,1203200
1999-09-17,20.656250,20.984375,20.656250,20.750000,8.030875,1678800
1999-09-20,20.765625,21.234375,20.765625,21.000000,8.127632,822400
1999-09-21,20.968750,20.968750,20.593750,20.765625,8.036922,1168400
1999-09-22,20.734375,20.734375,20.390625,20.578125,7.964351,978400
1999-09-23,20.640625,20.640625,20.218750,20.296875,7.855500,1008000
1999-09-24,20.265625,20.546875,20.265625,20.546875,7.952260,929200
1999-09-27,20.515625,20.796875,20.312500,20.640625,7.988542,1650000
1999-09-28,20.609375,20.640625,20.093750,20.218750,7.825265,1942800
1999-09-29,20.234375,20.453125,20.171875,20.218750,7.825265,1601600
1999-09-30,20.250000,20.406250,20.109375,20.281250,7.849454,1651600
1999-10-01,20.187500,20.234375,19.812500,20.187500,7.813173,1603600
1999-10-04,20.187500,20.484375,20.125000,20.312500,7.861547,1445200
1999-10-05,20.265625,20.531250,20.125000,20.343750,7.873641,1354000
1999-10-06,20.234375,20.671875,20.187500,20.562500,8.179442,1547600
1999-10-07,20.671875,20.875000,20.468750,20.734375,8.247808,1617200
1999-10-08,20.984375,21.031250,20.718750,20.921875,8.322397,1301200
1999-10-11,20.906250,20.906250,20.734375,20.734375,8.247808,706000
1999-10-12,20.703125,20.703125,20.421875,20.515625,8.160794,1104000
1999-10-13,20.531250,20.593750,20.250000,20.250000,8.055135,1186000
1999-10-14,20.250000,20.437500,20.187500,20.328125,8.086211,2540400
1999-10-15,20.500000,20.500000,19.968750,20.078125,7.986763,2243600
1999-10-18,20.078125,20.281250,19.968750,20.281250,8.067563,1739200
1999-10-19,20.421875,20.562500,20.328125,20.562500,8.179442,1953200
1999-10-20,20.656250,21.296875,20.640625,21.125000,8.403191,4798800
1999-10-21,21.281250,21.375000,21.140625,21.281250,8.465346,2051200
1999-10-22,21.312500,21.343750,21.046875,21.187500,8.428055,1660000
1999-10-25,21.125000,21.343750,20.968750,21.171875,8.421838,1171200
1999-10-26,21.156250,21.156250,20.828125,20.984375,8.347257,3304400
1999-10-27,21.171875,21.625000,21.171875,21.484375,8.546146,2424400
1999-10-28,21.484375,21.968750,21.453125,21.625000,8.602088,2696400
1999-10-29,21.718750,21.937500,21.593750,21.796875,8.670454,1676800
1999-11-01,21.750000,21.750000,21.390625,21.468750,8.539929,2508000
1999-11-02,21.484375,21.515625,21.015625,21.062500,8.378335,2560400
1999-11-03,21.203125,21.406250,21.062500,21.156250,8.415623,2075600
1999-11-04,21.156250,21.156250,20.718750,20.828125,8.285100,3023600
1999-11-05,20.750000,20.781250,20.593750,20.671875,8.222946,1214800
1999-11-08,20.796875,20.921875,20.734375,20.843750,8.291318,1158800
1999-11-09,21.000000,21.000000,20.406250,20.593750,8.191872,1014200
1999-11-10,20.718750,20.812500,20.375000,20.625000,8.204304,1483400
1999-11-11,20.562500,20.781250,20.375000,20.531250,8.167008,755200
1999-11-12,20.937500,20.937500,20.406250,20.437500,8.129718,1158200
1999-11-15,20.312500,20.531250,20.125000,20.250000,8.055135,938000
1999-11-16,20.250000,20.500000,20.187500,20.375000,8.104856,885200
1999-11-17,20.343750,20.468750,20.156250,20.156250,8.017839,1362400
1999-11-18,20.156250,20.250000,19.250000,19.531250,7.769223,4080600
1999-11-19,19.625000,19.843750,19.437500,19.593750,7.794088,1307000
1999-11-22,19.406250,19.500000,19.250000,19.351563,7.697745,3269600
1999-11-23,19.500000,19.500000,19.031250,19.218750,7.644919,1204600
1999-11-24,19.000000,19.156250,18.843750,19.031250,7.570330,1472800
1999-11-26,18.968750,19.125000,18.687500,18.937500,7.533041,534200
1999-11-29,18.687500,19.031250,18.656250,19.000000,7.557907,2597600
1999-11-30,18.750000,19.031250,18.718750,18.843750,7.495747,1754800
1999-12-01,18.718750,19.093750,18.593750,18.843750,7.495747,1827200
1999-12-02,18.781250,19.031250,18.687500,18.875000,7.508180,1794200
1999-12-03,18.875000,19.281250,18.875000,18.968750,7.545470,2421600
1999-12-06,18.375000,18.968750,18.343750,18.687500,7.433594,2266600
1999-12-07,18.531250,18.750000,18.500000,18.500000,7.359014,3417800
1999-12-08,18.531250,18.562500,17.812500,17.937500,7.135256,2646200
1999-12-09,17.937500,18.062500,17.562500,17.656250,7.023380,1911600
1999-12-10,17.531250,17.625000,17.343750,17.406250,6.923933,1826200
1999-12-13,17.593750,17.593750,16.968750,17.062500,6.787195,2343200
1999-12-14,16.812500,17.093750,16.593750,16.812500,6.687750,2607800
1999-12-15,16.937500,17.406250,16.562500,17.343750,6.899073,3953800
1999-12-16,16.593750,16.812500,16.250000,16.375000,6.513719,4295000
1999-12-17,16.375000,17.312500,16.375000,16.843750,6.700178,6777600
1999-12-20,17.281250,17.406250,16.843750,16.937500,6.737471,3143600
1999-12-21,16.906250,17.125000,16.781250,16.843750,6.700178,3283800
1999-12-22,16.562500,16.843750,16.500000,16.531250,6.575871,3071200
1999-12-23,16.812500,17.062500,16.781250,16.937500,6.737471,2365200
1999-12-27,16.968750,17.312500,16.937500,17.218750,6.849348,2412000
1999-12-28,17.156250,17.375000,17.093750,17.093750,6.799625,1903600
1999-12-29,17.500000,17.562500,17.312500,17.312500,6.886640,1796800
1999-12-30,17.312500,17.875000,17.312500,17.656250,7.023380,1802000
1999-12-31,17.593750,18.156250,17.593750,17.875000,7.110391,1529000
2000-01-03,17.687500,17.750000,17.031250,17.218750,6.849348,2078200
2000-01-04,17.031250,17.218750,16.781250,16.906250,6.725043,1546800
2000-01-05,16.593750,17.093750,16.593750,16.812500,6.687750,2018800
2000-01-06,16.781250,17.000000,16.468750,16.781250,6.786320,3292600
2000-01-07,17.218750,17.281250,16.750000,16.812500,6.798957,4529000
2000-01-10,16.812500,16.906250,16.437500,16.468750,6.659945,1466200
2000-01-11,16.500000,16.781250,16.468750,16.687500,6.748408,1852400
2000-01-12,16.625000,16.968750,16.593750,16.656250,6.735773,2186800
2000-01-13,16.500000,16.937500,16.437500,16.718750,6.761046,1377600
2000-01-14,16.468750,16.687500,16.218750,16.343750,6.609397,1515000
2000-01-18,16.000000,16.625000,15.906250,16.500000,6.672584,1883200
2000-01-19,16.437500,16.656250,16.156250,16.343750,6.609397,2575400
2000-01-20,16.187500,16.343750,15.906250,16.062500,6.495658,1936600
2000-01-21,16.062500,16.125000,15.656250,15.750000,6.369287,2287200
2000-01-24,15.750000,16.000000,15.500000,15.593750,6.306098,1962800
2000-01-25,15.375000,15.656250,15.093750,15.093750,6.103897,1157200
2000-01-26,15.718750,15.781250,15.281250,15.500000,6.268185,1387600
2000-01-27,15.625000,15.781250,15.156250,15.187500,6.141808,1320800
2000-01-28,15.437500,15.468750,15.000000,15.125000,6.116536,1486000
2000-01-31,15.062500,15.656250,15.031250,15.593750,6.306098,1343000
2000-02-01,15.781250,15.812500,15.000000,15.125000,6.116536,3256000
2000-02-02,15.125000,15.406250,14.750000,15.062500,6.091259,2574800
2000-02-03,15.062500,15.343750,14.687500,15.312500,6.192362,1993800
2000-02-04,15.250000,15.281250,15.000000,15.187500,6.141808,1435000
2000-02-07,15.437500,15.562500,14.750000,15.281250,6.179721,2410400
2000-02-08,15.468750,15.500000,15.281250,15.406250,6.230270,2358400
2000-02-09,15.406250,15.468750,15.218750,15.250000,6.167083,3026800
2000-02-10,15.187500,15.250000,14.875000,15.031250,6.078619,3784000
2000-02-11,15.218750,15.343750,15.062500,15.218750,6.154450,1827400
2000-02-14,15.250000,15.500000,15.250000,15.500000,6.268185,2413200
2000-02-15,15.625000,16.218750,15.625000,16.218750,6.558845,2802800
2000-02-16,16.031250,16.125000,15.781250,16.031250,6.483020,1733600
2000-02-17,16.062500,16.281250,15.875000,16.187500,6.546209,1963200
2000-02-18,16.062500,16.187500,15.843750,16.031250,6.483020,1428200
2000-02-22,16.031250,16.781250,16.031250,16.718750,6.761046,2340200
2000-02-23,16.593750,16.906250,16.437500,16.718750,6.761046,3129800
2000-02-24,16.687500,16.687500,16.312500,16.562500,6.697858,3046800
2000-02-25,16.468750,16.562500,16.343750,16.500000,6.672584,3363400
2000-02-28,16.468750,16.562500,16.406250,16.468750,6.659945,2061600
2000-02-29,16.468750,16.625000,16.375000,16.468750,6.659945,2434200
2000-03-01,16.531250,16.906250,16.468750,16.593750,6.710498,2863000
2000-03-02,16.406250,16.437500,15.750000,16.093750,6.508296,3190000
2000-03-03,16.093750,16.375000,15.937500,16.187500,6.546209,1816000
2000-03-06,16.375000,16.375000,15.781250,15.875000,6.419832,2628200
2000-03-07,16.000000,16.000000,15.250000,15.500000,6.268185,4915000
2000-03-08,15.375000,15.843750,15.156250,15.687500,6.344010,3692400
2000-03-09,15.625000,15.937500,15.531250,15.781250,6.381920,2849600
2000-03-10,15.656250,15.812500,15.437500,15.687500,6.344010,2442000
2000-03-13,15.312500,15.718750,15.218750,15.500000,6.268185,2415200
2000-03-14,15.343750,15.625000,15.281250,15.312500,6.192362,1482600
2000-03-15,15.312500,16.468750,15.187500,16.375000,6.622031,2458600
2000-03-16,16.500000,17.843750,16.437500,17.593750,7.114893,3379000
2000-03-17,17.562500,17.750000,17.250000,17.250000,6.975883,2796800
2000-03-20,17.281250,17.718750,17.250000,17.406250,7.039072,2264800
2000-03-21,17.531250,17.531250,17.062500,17.375000,7.026435,2813200
2000-03-22,17.250000,17.593750,17.156250,17.343750,7.013796,2231200
2000-03-23,17.531250,17.531250,17.125000,17.468750,7.064346,2803600
2000-03-24,17.593750,17.687500,17.125000,17.125000,6.925333,1110000
2000-03-27,17.000000,17.250000,17.000000,17.062500,6.900061,1555800
2000-03-28,17.062500,17.375000,17.062500,17.156250,6.937969,1606400
2000-03-29,17.000000,17.625000,17.000000,17.406250,7.039072,3034000
2000-03-30,17.312500,17.937500,17.312500,17.937500,7.253910,3481400
2000-03-31,18.000000,18.343750,17.843750,18.093750,7.317096,1984000
2000-04-03,18.031250,18.187500,17.781250,17.906250,7.241270,1694800
2000-04-04,17.906250,18.875000,17.906250,18.500000,7.481386,3389600
2000-04-05,18.437500,18.718750,18.156250,18.250000,7.380280,1213600
2000-04-06,18.156250,18.281250,17.906250,18.031250,7.403377,1085400
2000-04-07,17.906250,18.000000,17.593750,17.687500,7.262237,1171000
2000-04-10,17.562500,17.906250,17.468750,17.531250,7.198082,1897600
2000-04-11,17.593750,17.937500,17.531250,17.812500,7.313561,2166000
2000-04-12,17.937500,18.468750,17.875000,18.250000,7.493193,2660000
2000-04-13,18.125000,18.750000,18.062500,18.531250,7.608666,2170200
2000-04-14,18.156250,18.593750,18.031250,18.093750,7.429039,2070000
2000-04-17,18.125000,18.406250,17.968750,18.343750,7.531687,1872400
2000-04-18,18.343750,18.343750,17.968750,18.062500,7.416209,1279200
2000-04-19,18.000000,18.218750,17.906250,18.031250,7.403377,1668400
2000-04-20,18.156250,18.156250,17.937500,18.093750,7.429039,1063000
2000-04-24,18.031250,18.500000,18.031250,18.406250,7.557347,1983800
2000-04-25,18.531250,19.218750,18.281250,19.000000,7.801136,3317600
2000-04-26,18.875000,19.000000,18.687500,18.875000,7.749812,1852200
2000-04-27,18.625000,18.812500,18.500000,18.562500,7.621505,2190600
2000-04-28,18.375000,18.468750,18.156250,18.187500,7.467529,2052000
2000-05-01,18.218750,18.437500,18.000000,18.218750,7.480364,2169400
2000-05-02,18.343750,18.375000,18.031250,18.125000,7.441870,1843000
2000-05-03,19.000000,19.093750,18.625000,18.937500,7.775472,4516200
2000-05-04,18.812500,19.281250,18.750000,19.031250,7.813962,2272200
2000-05-05,18.968750,19.187500,18.968750,19.031250,7.813962,1119600
2000-05-08,19.062500,19.281250,19.000000,19.093750,7.839625,1733400
2000-05-09,18.906250,19.375000,18.906250,19.125000,7.852458,952600
2000-05-10,19.062500,19.312500,19.062500,19.125000,7.852458,629400
2000-05-11,19.125000,19.406250,19.062500,19.218750,7.890950,912000
2000-05-12,19.250000,19.343750,19.031250,19.218750,7.890950,1050200
2000-05-15,19.000000,19.437500,19.000000,19.250000,7.903780,1832000
2000-05-16,19.375000,19.531250,19.156250,19.343750,7.942273,1772400
2000-05-17,19.375000,19.718750,19.281250,19.531250,8.019254,1623800
2000-05-18,19.343750,19.593750,19.343750,19.437500,7.980764,1017600
2000-05-19,19.250000,19.937500,19.250000,19.906250,8.173226,2183000
2000-05-22,19.500000,19.937500,19.281250,19.812500,8.134735,2488600
2000-05-23,19.500000,19.843750,19.500000,19.812500,8.134735,1795000
2000-05-24,19.875000,20.125000,19.843750,20.031250,8.224548,2616200
2000-05-25,19.875000,20.125000,19.812500,19.906250,8.173226,2362000
2000-05-26,19.750000,20.687500,19.750000,20.500000,8.417009,2536200
2000-05-30,20.437500,20.875000,20.187500,20.312500,8.340028,1916000
2000-05-31,20.312500,20.312500,19.656250,19.843750,8.147562,1656200
2000-06-01,20.000000,20.250000,19.687500,19.812500,8.134735,1787000
2000-06-02,19.875000,20.031250,19.750000,19.781250,8.121902,1470600
2000-06-05,19.656250,19.781250,19.281250,19.375000,7.955101,1116600
2000-06-06,19.250000,19.937500,19.000000,19.875000,8.160396,2308000
2000-06-07,19.875000,20.218750,19.843750,20.000000,8.211720,1451600
2000-06-08,19.656250,19.718750,19.375000,19.718750,8.096241,1579800
2000-06-09,19.593750,19.781250,19.437500,19.468750,7.993592,1411200
2000-06-12,19.375000,19.968750,19.375000,19.812500,8.134735,1274400
2000-06-13,19.656250,20.375000,19.656250,20.000000,8.211720,1749400
2000-06-14,20.187500,20.281250,19.937500,20.125000,8.263039,1380400
2000-06-15,20.000000,20.093750,19.781250,20.000000,8.211720,1756200
2000-06-16,19.781250,19.812500,19.250000,19.343750,7.942273,3054800
2000-06-19,19.500000,19.531250,19.281250,19.312500,7.929441,1907400
2000-06-20,19.187500,19.281250,19.093750,19.093750,7.839625,1605400
2000-06-21,19.031250,19.281250,18.843750,18.906250,7.762641,1348600
2000-06-22,18.937500,19.031250,18.531250,18.968750,7.788302,2088800
2000-06-23,19.093750,19.187500,18.843750,18.937500,7.775472,1188200
2000-06-26,19.125000,19.250000,18.937500,19.156250,7.865286,1600800
2000-06-27,19.375000,19.500000,19.187500,19.312500,7.929441,1616200
2000-06-28,19.156250,19.593750,19.031250,19.328125,7.935855,1921600
2000-06-29,19.312500,19.468750,19.187500,19.312500,7.929441,1074000
2000-06-30,19.187500,19.437500,19.093750,19.125000,7.852458,1893000
2000-07-03,19.218750,19.250000,18.875000,19.093750,7.839625,572800
2000-07-05,19.125000,19.500000,19.093750,19.343750,7.942273,2534000
2000-07-06,19.156250,19.343750,19.000000,19.125000,7.965702,1074000
2000-07-07,19.125000,19.125000,18.906250,18.968750,7.900621,970800
2000-07-10,18.968750,18.968750,18.406250,18.500000,7.705387,2311600
2000-07-11,18.531250,18.562500,18.093750,18.406250,7.666336,2965600
2000-07-12,18.281250,18.562500,18.156250,18.375000,7.653320,1925200
2000-07-13,18.312500,18.718750,18.312500,18.500000,7.705387,3793600
2000-07-14,18.562500,18.718750,18.093750,18.156250,7.562210,2983200
2000-07-17,17.718750,17.906250,16.656250,17.500000,7.288876,9258400
2000-07-18,16.812500,17.656250,16.812500,17.437500,7.262843,6483800
2000-07-19,17.437500,17.656250,17.375000,17.500000,7.288876,4858000
2000-07-20,17.562500,17.687500,17.437500,17.625000,7.340940,3034800
2000-07-21,17.625000,17.750000,17.500000,17.656250,7.353954,3300600
2000-07-24,17.468750,17.625000,17.406250,17.437500,7.262843,3454600
2000-07-25,17.468750,17.593750,17.343750,17.500000,7.288876,3143800
2000-07-26,17.375000,17.468750,17.218750,17.328125,7.217288,3930000
2000-07-27,17.500000,17.593750,17.312500,17.375000,7.236812,1802200
2000-07-28,17.125000,17.468750,17.125000,17.406250,7.249830,1503600
2000-07-31,17.406250,17.437500,17.156250,17.187500,7.158716,1890600
2000-08-01,17.250000,17.468750,17.250000,17.312500,7.210779,2415400
2000-08-02,17.375000,17.562500,17.343750,17.437500,7.262843,2438600
2000-08-03,17.468750,17.625000,17.468750,17.593750,7.327923,1708400
2000-08-04,17.468750,17.468750,17.250000,17.375000,7.236812,3559800
2000-08-07,17.156250,17.421875,17.156250,17.375000,7.236812,1167600
2000-08-08,17.062500,17.375000,17.062500,17.281250,7.197765,1311600
2000-08-09,17.312500,17.343750,17.062500,17.125000,7.132685,1932000
2000-08-10,17.250000,17.593750,17.218750,17.406250,7.249830,2224600
2000-08-11,17.437500,17.625000,17.343750,17.406250,7.249830,1569000
2000-08-14,17.343750,17.437500,17.250000,17.375000,7.236812,684800
2000-08-15,17.500000,17.500000,17.218750,17.250000,7.184748,1412000
2000-08-16,17.312500,17.312500,16.875000,16.937500,7.054591,2076000
2000-08-17,16.875000,17.000000,16.562500,16.718750,6.963480,3111200
2000-08-18,16.468750,16.718750,16.468750,16.593750,6.911418,2348400
2000-08-21,16.562500,16.671875,16.468750,16.468750,6.859352,670400
2000-08-22,16.468750,16.500000,16.218750,16.250000,6.768242,1732400
2000-08-23,16.125000,16.718750,16.093750,16.593750,6.911418,2364200
2000-08-24,16.562500,16.656250,16.406250,16.406250,6.833322,952600
2000-08-25,16.406250,16.406250,16.062500,16.156250,6.729196,1366000
2000-08-28,16.187500,16.562500,16.125000,16.375000,6.820303,1489200
2000-08-29,16.562500,16.562500,16.062500,16.125000,6.716177,1660600
2000-08-30,16.125000,16.125000,15.937500,16.031250,6.677129,1821400
2000-08-31,15.937500,16.156250,15.781250,16.070313,6.693401,1386000
2000-09-01,16.031250,16.093750,15.906250,15.937500,6.638083,1046400
2000-09-05,15.750000,16.031250,15.750000,15.843750,6.599036,1085400
2000-09-06,15.906250,15.968750,15.687500,15.937500,6.638083,844600
2000-09-07,15.937500,16.031250,15.875000,16.000000,6.664114,907400
2000-09-08,15.968750,16.312500,15.843750,16.093750,6.703161,1359000
2000-09-11,16.156250,16.156250,15.750000,15.875000,6.612049,1466000
2000-09-12,16.062500,16.343750,15.781250,16.250000,6.768242,1962200
2000-09-13,16.375000,16.531250,16.281250,16.406250,6.833322,1943400
2000-09-14,16.406250,16.531250,16.093750,16.218750,6.755225,1795000
2000-09-15,16.187500,16.656250,16.156250,16.406250,6.833322,3106400
2000-09-18,16.437500,16.468750,16.281250,16.281250,6.781255,876400
2000-09-19,16.281250,16.437500,16.250000,16.312500,6.794273,834200
2000-09-20,16.312500,16.562500,16.218750,16.468750,6.859352,1564200
2000-09-21,16.625000,17.000000,16.625000,16.781250,6.989511,2533200
2000-09-22,16.968750,17.437500,16.968750,17.218750,7.171735,3026400
2000-09-25,17.343750,17.468750,16.937500,17.000000,7.080623,1627400
2000-09-26,17.125000,17.437500,17.062500,17.406250,7.249830,4990600
2000-09-27,17.625000,17.875000,17.437500,17.750000,7.393000,2907000
2000-09-28,18.000000,18.187500,17.875000,17.906250,7.458081,1655200
2000-09-29,18.000000,18.218750,17.593750,17.750000,7.393000,2148800
2000-10-02,17.687500,17.875000,17.500000,17.812500,7.419034,1365000
2000-10-03,17.843750,18.031250,17.750000,17.875000,7.445065,1702200
2000-10-04,17.812500,18.406250,17.812500,18.187500,7.575222,1871000
2000-10-05,18.093750,18.625000,18.062500,18.500000,7.823682,2340600
2000-10-06,18.500000,18.843750,18.500000,18.718750,7.916189,2414800
2000-10-09,18.718750,18.812500,18.531250,18.562500,7.850111,1427200
2000-10-10,18.687500,18.843750,18.531250,18.781250,7.942620,3311000
2000-10-11,18.656250,18.968750,18.656250,18.843750,7.969049,1010800
2000-10-12,18.750000,18.906250,18.593750,18.812500,7.955832,1137400
2000-10-13,18.812500,18.843750,18.562500,18.656250,7.889759,1293400
2000-10-16,18.593750,18.906250,18.593750,18.656250,7.889759,2892000
2000-10-17,18.625000,18.812500,18.437500,18.437500,7.797248,1797000
2000-10-18,18.312500,18.656250,18.250000,18.500000,7.823682,3414400
2000-10-19,18.375000,19.156250,18.281250,18.906250,7.995482,4020400
2000-10-20,18.906250,18.968750,18.781250,18.843750,7.969049,1185000
2000-10-23,18.781250,19.250000,18.781250,19.093750,8.074775,2023200
2000-10-24,19.125000,19.375000,19.125000,19.281250,8.154072,1616800
2000-10-25,19.375000,19.687500,19.312500,19.562500,8.273013,1366000
2000-10-26,19.531250,19.843750,19.031250,19.625000,8.299443,5047600
2000-10-27,19.500000,19.812500,19.500000,19.812500,8.378740,1012600
2000-10-30,19.937500,20.562500,19.875000,20.500000,8.669480,3065600
2000-10-31,20.312500,20.968750,20.312500,20.875000,8.828070,4605200
2000-11-01,20.906250,20.968750,20.343750,20.562500,8.695913,4409200
2000-11-02,20.750000,20.843750,20.250000,20.250000,8.563759,3866400
2000-11-03,20.500000,20.750000,20.031250,20.156250,8.524108,4316000
2000-11-06,20.156250,20.750000,19.968750,20.375000,8.616619,2377400
2000-11-07,20.375000,20.406250,20.156250,20.156250,8.524108,1065000
2000-11-08,20.031250,20.656250,19.968750,20.468750,8.656265,2402200
2000-11-09,20.593750,20.906250,20.187500,20.375000,8.616619,2605200
2000-11-10,20.500000,20.656250,20.375000,20.500000,8.669480,2047800
2000-11-13,20.437500,20.593750,20.250000,20.312500,8.590191,1605800
2000-11-14,20.093750,20.343750,20.062500,20.125000,8.510891,1481600
2000-11-15,20.156250,20.281250,19.906250,20.187500,8.537326,1948600
2000-11-16,20.312500,20.375000,20.062500,20.156250,8.524108,1560200
2000-11-17,20.156250,20.187500,19.843750,20.031250,8.471247,1381800
2000-11-20,20.125000,20.562500,20.093750,20.187500,8.537326,1179400
2000-11-21,20.218750,21.000000,19.906250,20.968750,8.867718,4140000
2000-11-22,21.156250,21.718750,20.875000,21.031250,8.894150,3383000
2000-11-24,21.031250,21.093750,20.593750,20.625000,8.722344,923600
2000-11-27,20.687500,20.875000,20.500000,20.687500,8.748775,927600
2000-11-28,20.375000,20.718750,20.250000,20.406250,8.629834,3587400
2000-11-29,20.531250,21.031250,20.312500,20.843750,8.814852,2514400
2000-11-30,20.531250,21.156250,20.531250,20.562500,8.695913,2620600
2000-12-01,20.562500,20.562500,20.156250,20.375000,8.616619,1552200
2000-12-04,20.750000,20.781250,20.250000,20.437500,8.643055,3014200
2000-12-05,20.437500,20.437500,20.062500,20.156250,8.524108,1198800
2000-12-06,20.062500,20.187500,19.687500,19.750000,8.352304,1796400
2000-12-07,19.625000,20.250000,19.562500,20.000000,8.458033,3334200
2000-12-08,20.000000,20.500000,19.687500,20.375000,8.616619,3158600
2000-12-11,20.156250,20.156250,19.406250,19.593750,8.286228,4543200
2000-12-12,19.500000,19.718750,19.375000,19.656250,8.312654,1962200
2000-12-13,19.656250,20.093750,19.656250,19.843750,8.391951,3689800
2000-12-14,20.125000,20.156250,19.843750,19.968750,8.444816,966200
2000-12-15,19.656250,20.218750,19.656250,19.812500,8.378740,2000000
2000-12-18,19.812500,20.656250,19.812500,20.562500,8.695913,2447400
2000-12-19,20.750000,20.937500,20.375000,20.437500,8.643055,2294600
2000-12-20,20.437500,20.843750,20.312500,20.843750,8.814852,2344800
2000-12-21,20.937500,20.968750,20.531250,20.843750,8.814852,2331600
2000-12-22,20.875000,21.312500,20.812500,21.250000,8.986660,2556600
2000-12-26,21.250000,21.906250,21.250000,21.875000,9.250972,2508400
2000-12-27,22.000000,22.312500,21.875000,22.062500,9.330264,2123400
2000-12-28,22.250000,22.312500,21.968750,22.156250,9.369917,1115600
2000-12-29,22.156250,22.656250,22.125000,22.281250,9.422776,1941800
2001-01-02,22.000000,22.406250,21.906250,22.000000,9.303837,1526600
2001-01-03,22.125000,22.187500,21.375000,21.593750,9.132033,3075200
2001-01-04,21.406250,21.437500,20.562500,20.937500,8.854504,4826200
2001-01-05,20.843750,21.468750,20.718750,21.406250,9.052739,2169800
2001-01-08,21.093750,21.593750,21.093750,21.531250,9.224100,1483400
2001-01-09,21.562500,21.593750,21.125000,21.531250,9.224100,1705200
2001-01-10,21.562500,21.562500,21.156250,21.343750,9.143773,1269000
2001-01-11,21.343750,21.343750,20.750000,20.750000,8.889407,2589800
2001-01-12,20.656250,20.718750,20.187500,20.500000,8.782302,2136200
2001-01-16,20.500000,21.062500,20.500000,21.000000,8.996510,2326200
2001-01-17,20.750000,20.843750,20.562500,20.625000,8.835855,2105600
2001-01-18,20.562500,20.718750,20.437500,20.562500,8.809083,1421400
2001-01-19,20.250000,20.281250,20.062500,20.281250,8.688595,2370400
2001-01-22,20.187500,20.375000,20.125000,20.343750,8.715368,1182000
2001-01-23,20.406250,20.562500,20.156250,20.375000,8.728756,2030400
2001-01-24,20.375000,20.562500,20.062500,20.187500,8.648431,3001200
2001-01-25,20.187500,20.437500,20.031250,20.250000,8.675206,2590400
2001-01-26,20.375000,20.593750,20.093750,20.281250,8.688595,1883600
2001-01-29,20.155001,20.379999,19.969999,20.155001,8.634505,1329400
2001-01-30,20.155001,20.465000,19.995001,20.370001,8.726615,2027200
2001-01-31,20.375000,21.184999,20.285000,20.950001,8.975090,2748000
2001-02-01,21.075001,21.075001,20.750000,20.980000,8.987940,1290000
2001-02-02,20.995001,20.995001,20.680000,20.754999,8.891548,862400
2001-02-05,20.924999,21.209999,20.780001,21.065001,9.024351,1167800
2001-02-06,21.190001,21.975000,21.004999,21.674999,9.285683,2846200
2001-02-07,21.549999,22.400000,21.510000,22.125000,9.478465,2913800
2001-02-08,22.125000,22.495001,22.000000,22.105000,9.469895,2703000
2001-02-09,21.875000,22.225000,21.575001,21.600000,9.253551,2066800
2001-02-12,21.600000,21.799999,21.450001,21.735001,9.311390,1415800
2001-02-13,21.860001,22.395000,21.605000,22.155001,9.491315,2688400
2001-02-14,21.959999,22.040001,21.650000,21.870001,9.369220,2403800
2001-02-15,21.805000,22.084999,21.580000,21.975000,9.414204,1832000
2001-02-16,21.990000,22.200001,21.865000,22.115000,9.474177,1137600
2001-02-20,22.000000,22.700001,21.950001,22.305000,9.555573,2429000
2001-02-21,22.485001,22.490000,22.025000,22.145000,9.487033,1679400
2001-02-22,22.000000,22.145000,21.510000,21.700001,9.296397,1713200
2001-02-23,21.575001,21.879999,21.410000,21.735001,9.311390,1948600
2001-02-26,21.750000,22.100000,21.650000,21.969999,9.412058,1668600
2001-02-27,22.000000,22.094999,21.600000,22.040001,9.442052,2358800
2001-02-28,22.040001,22.450001,22.040001,22.424999,9.606983,2425600
2001-03-01,22.424999,22.549999,22.309999,22.525000,9.649824,2396200
2001-03-02,22.650000,22.910000,22.485001,22.815001,9.774069,1926400
2001-03-05,22.750000,23.174999,22.450001,23.065001,9.881166,2130600
2001-03-06,22.915001,22.915001,22.434999,22.605000,9.684101,1770000
2001-03-07,22.334999,22.600000,22.105000,22.549999,9.660541,1779600
2001-03-08,22.250000,22.549999,22.129999,22.400000,9.596276,1774800
2001-03-09,22.450001,22.500000,22.260000,22.295000,9.551295,1262400
2001-03-12,22.125000,22.420000,21.975000,22.240000,9.527732,2045200
2001-03-13,22.115000,22.125000,21.850000,22.070000,9.454906,1350200
2001-03-14,21.920000,21.950001,21.340000,21.650000,9.274969,1902600
2001-03-15,21.650000,21.650000,21.125000,21.590000,9.249266,2179200
2001-03-16,21.125000,21.625000,21.125000,21.500000,9.210712,3246400
2001-03-19,21.375000,21.615000,21.260000,21.330000,9.137881,1290600
2001-03-20,21.440001,21.690001,21.195000,21.375000,9.157157,1778800
2001-03-21,21.525000,21.660000,21.174999,21.500000,9.210712,2130200
2001-03-22,21.500000,21.504999,20.715000,20.969999,8.983657,2170200
2001-03-23,20.820000,21.200001,20.375000,20.905001,8.955810,1485200
2001-03-26,21.100000,21.100000,20.510000,20.879999,8.945102,1778600
2001-03-27,21.030001,21.450001,21.030001,21.344999,9.144305,1920800
2001-03-28,21.344999,21.725000,21.174999,21.424999,9.178585,1692800
2001-03-29,21.475000,21.665001,21.035000,21.430000,9.180727,1682000
2001-03-30,21.580000,21.750000,21.430000,21.504999,9.212853,2863200
2001-04-02,21.650000,21.715000,21.245001,21.400000,9.167871,1699000
2001-04-03,21.325001,21.340000,20.975000,21.245001,9.101469,1418800
2001-04-04,21.320000,21.500000,21.000000,21.250000,9.103610,2863600
2001-04-05,21.250000,21.250000,20.655001,20.785000,8.904404,2792200
2001-04-06,20.600000,20.900000,20.250000,20.350000,8.834935,2740800
2001-04-09,20.549999,20.625000,20.270000,20.424999,8.867502,2149800
2001-04-10,20.299999,20.500000,20.115000,20.254999,8.793696,1880200
2001-04-11,20.379999,20.379999,19.975000,20.075001,8.715548,1614000
2001-04-12,20.125000,20.325001,20.030001,20.250000,8.791522,1444000
2001-04-16,20.100000,20.465000,20.055000,20.155001,8.750280,1156600
2001-04-17,20.100000,20.400000,20.040001,20.200001,8.769814,1845800
2001-04-18,20.325001,20.325001,19.635000,19.940001,8.656934,2089000
2001-04-19,19.825001,19.990000,19.639999,19.855000,8.620034,1565800
2001-04-20,19.500000,19.549999,18.950001,19.065001,8.277059,4783200
2001-04-23,18.950001,19.180000,18.934999,18.990000,8.244493,3267800
2001-04-24,18.799999,18.990000,18.629999,18.770000,8.148979,4171400
2001-04-25,18.799999,19.240000,18.750000,18.825001,8.172861,5468400
2001-04-26,18.915001,19.625000,18.900000,19.400000,8.422494,4134800
2001-04-27,19.275000,19.700001,19.200001,19.495001,8.463738,2321200
2001-04-30,20.000000,20.010000,19.549999,19.705000,8.554911,4400400
2001-05-01,19.875000,19.900000,19.665001,19.895000,8.637397,3165200
2001-05-02,20.250000,20.405001,20.000000,20.195000,8.767643,4155000
2001-05-03,20.125000,20.125000,19.825001,19.990000,8.678644,1491000
2001-05-04,19.995001,20.340000,19.950001,20.340000,8.830598,2282600
2001-05-07,20.215000,20.385000,20.040001,20.270000,8.800204,1591800
2001-05-08,20.285000,20.549999,20.250000,20.480000,8.891377,1705800
2001-05-09,20.424999,20.500000,20.000000,20.299999,8.813229,2971400
2001-05-10,20.174999,20.235001,19.940001,20.000000,8.682987,3197000
2001-05-11,20.075001,20.150000,19.834999,19.915001,8.646082,1229400
2001-05-14,20.000000,20.090000,19.940001,20.030001,8.696011,2519000
2001-05-15,20.125000,20.125000,19.930000,19.990000,8.678644,1483200
2001-05-16,19.975000,20.344999,19.950001,20.299999,8.813229,2084600
2001-05-17,20.325001,20.325001,19.875000,19.975000,8.672135,1802200
2001-05-18,19.985001,20.100000,19.920000,20.070000,8.713375,1587600
2001-05-21,20.025000,20.450001,19.975000,20.445000,8.876182,3068200
2001-05-22,20.320000,20.924999,20.135000,20.735001,9.002085,3527400
2001-05-23,20.775000,21.049999,20.725000,20.879999,9.065042,2773200
2001-05-24,21.000000,21.549999,20.975000,21.219999,9.212646,2667600
2001-05-25,21.094999,21.275000,21.065001,21.100000,9.160549,2158400
2001-05-29,21.025000,21.275000,21.025000,21.275000,9.236524,1576400
2001-05-30,21.200001,21.525000,21.174999,21.200001,9.203966,1631600
2001-05-31,21.084999,21.330000,21.084999,21.180000,9.195280,1778400
2001-06-01,21.245001,21.385000,21.200001,21.325001,9.258236,1089400
2001-06-04,21.375000,21.445000,21.275000,21.400000,9.290796,1006000
2001-06-05,21.475000,21.590000,21.340000,21.475000,9.323352,1137000
2001-06-06,21.600000,21.610001,21.350000,21.455000,9.314674,1734600
2001-06-07,21.475000,21.610001,21.410000,21.555000,9.358086,1898600
2001-06-08,21.500000,21.650000,21.370001,21.459999,9.316842,725200
2001-06-11,21.360001,21.545000,21.275000,21.400000,9.290796,1814800
2001-06-12,21.525000,21.525000,21.285000,21.420000,9.299475,1468000
2001-06-13,21.625000,21.625000,21.355000,21.355000,9.271255,1593600
2001-06-14,21.375000,21.570000,21.355000,21.410000,9.295138,1459000
2001-06-15,21.309999,21.690001,21.309999,21.420000,9.299475,2005400
2001-06-18,21.424999,21.530001,21.350000,21.350000,9.269090,1029000
2001-06-19,21.325001,21.465000,21.200001,21.434999,9.305987,1158400
2001-06-20,21.434999,21.700001,21.434999,21.500000,9.334208,1893800
2001-06-21,21.559999,21.750000,21.500000,21.500000,9.334208,1568400
2001-06-22,21.549999,21.700001,21.495001,21.549999,9.355917,1144400
2001-06-25,21.450001,21.650000,21.225000,21.264999,9.232184,1540600
2001-06-26,21.209999,21.365000,21.150000,21.150000,9.182257,1740200
2001-06-27,21.225000,21.475000,21.105000,21.400000,9.290796,1679000
2001-06-28,21.450001,21.780001,21.325001,21.625000,9.388478,2457600
2001-06-29,21.700001,21.950001,21.465000,21.889999,9.503530,2744400
2001-07-02,22.000000,22.025000,21.655001,21.875000,9.497015,2923800
2001-07-03,21.950001,21.959999,21.715000,21.885000,9.501354,1002800
2001-07-05,21.760000,21.950001,21.760000,21.865000,9.492670,1537000
2001-07-06,21.850000,21.934999,21.719999,21.775000,9.574013,1552000
2001-07-09,21.775000,21.940001,21.650000,21.754999,9.565221,1196400
2001-07-10,21.700001,21.945000,21.700001,21.790001,9.580607,838800
2001-07-11,21.900000,22.080000,21.860001,22.035000,9.688329,1476200
2001-07-12,22.010000,22.025000,21.670000,21.844999,9.604792,1393200
2001-07-13,21.870001,21.879999,21.575001,21.725000,9.552027,1244200
2001-07-16,21.750000,21.850000,21.650000,21.750000,9.563021,1134600
2001-07-17,21.825001,22.014999,21.725000,21.995001,9.670748,1318400
2001-07-18,21.950001,22.165001,21.889999,22.049999,9.694923,1165000
2001-07-19,22.004999,22.174999,21.915001,21.990000,9.668546,1541600
2001-07-20,22.075001,22.275000,21.995001,22.125000,9.727901,1317800
2001-07-23,22.250000,22.365000,22.020000,22.115000,9.723504,1262400
2001-07-24,22.090000,22.315001,22.010000,22.150000,9.738890,1592200
2001-07-25,22.250000,22.605000,22.075001,22.600000,9.936749,2408200
2001-07-26,22.525000,22.525000,22.174999,22.230000,9.774071,1747800
2001-07-27,22.230000,22.230000,21.750000,21.850000,9.606988,1848000
2001-07-30,21.850000,21.900000,21.555000,21.695000,9.538836,2038800
2001-07-31,21.695000,22.100000,21.450001,21.990000,9.668546,2334400
2001-08-01,22.070000,22.080000,21.709999,21.825001,9.595997,1544600
2001-08-02,21.850000,22.035000,21.559999,22.020000,9.681737,1299200
2001-08-03,22.035000,22.125000,21.625000,21.705000,9.543235,1510200
2001-08-06,21.650000,21.775000,21.455000,21.469999,9.439909,1057000
2001-08-07,21.500000,21.674999,21.299999,21.584999,9.490476,1296400
2001-08-08,21.459999,21.674999,21.450001,21.455000,9.433316,1041600
2001-08-09,21.500000,22.250000,21.430000,22.075001,9.705920,1930600
2001-08-10,21.975000,22.305000,21.975000,22.250000,9.782862,1563200
2001-08-13,22.275000,22.375000,21.900000,21.900000,9.628975,1938200
2001-08-14,21.900000,21.985001,21.754999,21.934999,9.644363,1469000
2001-08-15,22.059999,22.225000,21.915001,22.100000,9.716911,1094000
2001-08-16,22.025000,22.150000,21.750000,22.049999,9.694923,927800
2001-08-17,21.940001,22.200001,21.915001,22.150000,9.738890,929200
2001-08-20,22.225000,22.325001,22.125000,22.225000,9.771870,1093800
2001-08-21,22.325001,22.650000,22.295000,22.500000,9.892780,2154000
2001-08-22,22.415001,22.600000,22.275000,22.535000,9.908171,2934400
2001-08-23,22.650000,22.680000,22.400000,22.525000,9.903772,1240800
2001-08-24,22.424999,22.625000,22.295000,22.424999,9.859806,2058600
2001-08-27,22.305000,22.615000,22.275000,22.350000,9.826835,1086200
2001-08-28,22.375000,22.434999,22.219999,22.264999,9.789455,2016200
2001-08-29,22.184999,22.245001,22.004999,22.025000,9.683937,686000
2001-08-30,22.025000,22.450001,21.924999,22.010000,9.677340,1343400
2001-08-31,22.075001,22.320000,21.850000,22.170000,9.747691,1161000
2001-09-04,22.225000,22.480000,22.150000,22.370001,9.835626,1462200
2001-09-05,22.400000,22.575001,22.155001,22.455000,9.872995,1500000
2001-09-06,22.330000,22.735001,22.205000,22.555000,9.916965,1821200
2001-09-07,22.725000,22.725000,22.549999,22.625000,9.947743,4116400
2001-09-10,22.549999,22.870001,22.549999,22.865000,10.053267,3524400
2001-09-17,22.950001,22.950001,22.325001,22.520000,9.901573,5545400
2001-09-18,22.700001,23.295000,22.290001,23.200001,10.200557,4873400
2001-09-19,23.075001,23.170000,22.780001,23.014999,10.119216,3299600
2001-09-20,22.900000,23.025000,22.600000,22.850000,10.046666,3872600
2001-09-21,22.275000,22.280001,21.629999,21.700001,9.541043,6609200
2001-09-24,21.825001,22.365000,21.825001,22.325001,9.815834,3383200
2001-09-25,22.125000,22.490000,22.100000,22.350000,9.826835,3906600
2001-09-26,22.525000,22.650000,22.174999,22.309999,9.809241,2515800
2001-09-27,22.309999,22.625000,22.125000,22.605000,9.938948,3628800
2001-09-28,22.825001,22.825001,22.445000,22.750000,10.002701,2099400
2001-10-01,22.629999,22.629999,22.094999,22.299999,9.804846,2358000
2001-10-02,22.200001,22.299999,21.950001,22.049999,9.694923,3222600
2001-10-03,22.000000,22.080000,21.600000,21.715000,9.547638,4027600
2001-10-04,21.799999,21.809999,21.420000,21.584999,9.490476,3761400
2001-10-05,21.525000,21.950001,21.525000,21.740000,9.681976,2653400
2001-10-08,21.490000,21.725000,21.424999,21.475000,9.563956,4255400
2001-10-09,21.594999,21.600000,21.340000,21.465000,9.559504,1932800
2001-10-10,21.549999,21.764999,21.500000,21.700001,9.664164,3045600
2001-10-11,21.820000,21.844999,21.525000,21.600000,9.619627,3757800
2001-10-12,21.625000,21.635000,21.299999,21.375000,9.519422,2824200
2001-10-15,21.375000,21.535000,21.250000,21.475000,9.563956,2832000
2001-10-16,21.424999,21.504999,21.375000,21.490000,9.570637,2404800
2001-10-17,21.500000,21.815001,21.400000,21.500000,9.575095,2811200
2001-10-18,21.424999,21.570000,21.420000,21.490000,9.570637,3184400
2001-10-19,21.440001,21.559999,21.400000,21.495001,9.572865,1801600
2001-10-22,21.650000,21.775000,21.400000,21.575001,9.608500,3440800
2001-10-23,21.750000,21.825001,21.459999,21.600000,9.619627,4135000
2001-10-24,22.150000,22.299999,21.865000,21.930000,9.766594,10038000
2001-10-25,21.840000,22.200001,21.684999,22.200001,9.886838,5581800
2001-10-26,22.200001,22.450001,21.990000,22.415001,9.982589,2441600
2001-10-29,22.475000,22.480000,22.205000,22.455000,10.000405,3211800
2001-10-30,22.455000,22.635000,22.260000,22.495001,10.018218,2633800
2001-10-31,22.900000,23.125000,22.650000,22.959999,10.225307,8487000
2001-11-01,22.959999,23.719999,22.959999,23.500000,10.465798,33023400
2001-11-02,23.650000,24.645000,23.650000,24.480000,10.902242,17799600
2001-11-05,24.625000,25.375000,24.575001,25.100000,11.178364,15675200
2001-11-06,25.014999,25.170000,24.910000,25.120001,11.187273,7787600
2001-11-07,25.049999,25.580000,24.985001,25.395000,11.309742,6606800
2001-11-08,25.510000,25.575001,24.754999,24.805000,11.046985,8163200
2001-11-09,24.655001,25.000000,24.200001,24.375000,10.855484,12946400
2001-11-12,24.375000,25.000000,24.350000,24.565001,10.940094,5112800
2001-11-13,24.875000,24.875000,24.504999,24.730000,11.013581,3303600
2001-11-14,24.785000,25.110001,24.615000,25.004999,11.136053,3277800
2001-11-15,24.754999,25.150000,24.715000,24.750000,11.022490,3713400
2001-11-16,24.870001,24.990000,24.170000,24.235001,10.793130,3796600
2001-11-19,24.235001,24.235001,23.915001,23.995001,10.686253,5011400
2001-11-20,23.975000,24.150000,23.900000,24.000000,10.688477,2878200
2001-11-21,24.000000,24.235001,23.879999,24.115000,10.739692,2282000
2001-11-23,24.110001,24.340000,24.004999,24.295000,10.819850,763200
2001-11-26,24.225000,24.355000,24.160000,24.275000,10.810948,1745400
2001-11-27,24.250000,24.280001,23.950001,23.950001,10.666209,2395000
2001-11-28,23.950001,24.350000,23.900000,24.260000,10.804270,1767600
2001-11-29,24.250000,24.475000,24.184999,24.424999,10.877745,2525800
2001-11-30,24.424999,24.850000,24.410000,24.674999,10.989087,2751400
2001-12-03,24.674999,25.250000,24.555000,25.184999,11.216217,3578600
2001-12-04,25.184999,25.250000,24.924999,25.205000,11.225123,2503800
2001-12-05,25.205000,25.305000,24.855000,25.010000,11.138281,3163000
2001-12-06,24.860001,24.924999,24.525000,24.530001,10.924514,2040800
2001-12-07,24.549999,24.775000,24.500000,24.545000,10.931196,1852600
2001-12-10,24.500000,24.750000,24.375000,24.434999,10.882204,1196600
2001-12-11,24.434999,24.620001,24.309999,24.375000,10.855484,1260000
2001-12-12,24.370001,24.440001,24.000000,24.170000,10.764184,3686800
2001-12-13,24.170000,24.725000,24.165001,24.584999,10.949006,2142800
2001-12-14,24.475000,24.950001,24.420000,24.775000,11.033625,2376200
2001-12-17,24.780001,24.965000,24.635000,24.750000,11.022490,2353200
2001-12-18,24.990000,25.195000,24.700001,25.195000,11.220671,1967200
2001-12-19,25.195000,25.900000,24.955000,25.674999,11.434441,5526600
2001-12-20,25.500000,25.650000,25.340000,25.645000,11.421081,4805600
2001-12-21,25.650000,25.950001,25.645000,25.950001,11.556915,3242000
2001-12-24,25.799999,26.000000,25.754999,25.870001,11.521283,1268400
2001-12-26,25.875000,26.245001,25.875000,26.184999,11.661570,1851400
2001-12-27,26.190001,26.430000,25.955000,26.430000,11.770679,2608000
2001-12-28,26.365000,26.400000,26.075001,26.180000,11.659345,1723400
2001-12-31,26.080000,26.150000,25.885000,26.004999,11.581407,1486000
2002-01-02,25.865000,25.865000,25.084999,25.475000,11.345369,4681600
2002-01-03,25.480000,25.549999,25.275000,25.485001,11.349825,1482200
2002-01-04,25.485001,25.485001,24.879999,25.055000,11.158323,2218000
2002-01-07,25.049999,25.065001,24.610001,24.674999,10.989087,3660200
2002-01-08,24.635000,24.719999,24.445000,24.670000,11.110687,2207800
2002-01-09,24.670000,24.860001,24.225000,24.285000,10.937295,3888200
2002-01-10,24.334999,24.565001,24.190001,24.240000,10.917029,2128400
2002-01-11,24.120001,24.475000,24.065001,24.240000,10.917029,1530200
2002-01-14,24.240000,24.700001,24.135000,24.465000,11.018361,2465600
2002-01-15,24.465000,24.799999,24.299999,24.750000,11.146720,2116200
2002-01-16,24.750000,24.910000,24.580000,24.584999,11.072405,1482200
2002-01-17,24.584999,24.740000,24.280001,24.690001,11.119693,1976800
2002-01-18,24.775000,25.075001,24.660000,24.975000,11.248054,2439800
2002-01-22,24.924999,25.035000,24.830000,24.959999,11.241298,1459200
2002-01-23,24.875000,24.924999,24.600000,24.725000,11.135463,1323400
2002-01-24,24.650000,24.700001,24.049999,24.340000,10.962066,3501200
2002-01-25,24.340000,24.400000,24.035000,24.230000,10.912525,1751400
2002-01-28,24.235001,24.299999,24.025000,24.135000,10.869740,2176600
2002-01-29,24.000000,24.120001,23.815001,24.025000,10.820200,2526400
2002-01-30,24.025000,24.719999,24.000000,24.684999,11.117444,3138200
2002-01-31,24.575001,24.900000,24.424999,24.775000,11.157979,2139200
2002-02-01,24.850000,24.889999,24.245001,24.415001,10.995842,2794200
2002-02-04,24.500000,24.750000,24.219999,24.334999,10.959814,1994000
2002-02-05,24.525000,24.650000,24.209999,24.355000,10.968821,1445400
2002-02-06,22.250000,22.375000,21.610001,21.775000,9.806856,21753200
2002-02-07,21.825001,22.615000,21.825001,22.450001,10.110861,9231200
2002-02-08,22.674999,23.075001,22.350000,23.000000,10.358567,4554600
2002-02-11,23.025000,23.180000,22.825001,23.105000,10.405854,3691800
2002-02-12,23.150000,23.375000,23.075001,23.315001,10.500434,3416600
2002-02-13,23.375000,23.540001,22.895000,22.985001,10.351810,3310000
2002-02-14,23.075001,23.424999,22.799999,23.424999,10.549970,2455000
2002-02-15,23.325001,23.740000,23.320000,23.434999,10.554478,2194800
2002-02-19,23.400000,23.725000,23.250000,23.299999,10.493678,3725400
2002-02-20,23.299999,23.790001,22.975000,23.750000,10.696342,4478800
2002-02-21,23.549999,23.690001,23.070000,23.139999,10.421619,4084200
2002-02-22,23.225000,23.725000,23.025000,23.635000,10.644554,1795000
2002-02-25,23.600000,23.830000,23.540001,23.764999,10.703102,3288800
2002-02-26,23.975000,24.000000,23.695000,23.879999,10.754896,3310600
2002-02-27,23.549999,23.750000,23.500000,23.680000,10.664823,5176600
2002-02-28,23.625000,23.674999,23.094999,23.115000,10.410358,6001600
2002-03-01,23.115000,23.115000,22.600000,22.969999,10.345053,6628600
2002-03-04,22.969999,22.969999,21.900000,22.000000,9.908194,8957800
2002-03-05,22.000000,22.504999,22.000000,22.504999,10.135632,5970600
2002-03-06,22.650000,22.895000,22.525000,22.719999,10.232456,2564400
2002-03-07,22.719999,22.785000,22.500000,22.695000,10.221203,3598400
2002-03-08,22.924999,23.070000,22.775000,23.000000,10.358567,5448400
2002-03-11,23.200001,23.469999,23.105000,23.135000,10.419369,3274600
2002-03-12,23.325001,23.415001,23.049999,23.400000,10.538719,2847200
2002-03-13,23.450001,23.575001,23.325001,23.430000,10.552228,2606200
2002-03-14,23.475000,23.785000,23.475000,23.684999,10.667069,1604000
2002-03-15,23.950001,24.145000,23.719999,24.135000,10.869740,3072400
2002-03-18,24.135000,24.135000,23.535000,24.014999,10.815693,2660400
2002-03-19,24.020000,24.504999,23.895000,24.000000,10.808940,3539800
2002-03-20,23.850000,24.094999,23.440001,23.615000,10.635541,4426400
2002-03-21,23.650000,24.115000,23.299999,24.000000,10.808940,3353200
2002-03-22,24.135000,24.295000,24.045000,24.145000,10.874247,1942600
2002-03-25,24.000000,24.495001,24.000000,24.264999,10.928290,1837600
2002-03-26,24.375000,24.725000,24.375000,24.570000,11.065653,2899600
2002-03-27,24.575001,24.700001,24.325001,24.440001,11.007100,1563000
2002-03-28,24.400000,24.680000,24.305000,24.424999,11.000346,1382000
2002-04-01,24.424999,24.424999,24.100000,24.125000,10.865231,2626600
2002-04-02,24.125000,24.280001,24.045000,24.139999,10.871989,2580600
2002-04-03,24.145000,24.459999,24.040001,24.084999,10.847219,1668600
2002-04-04,24.150000,24.625000,24.120001,24.594999,11.076913,1315400
2002-04-05,24.625000,24.674999,24.290001,24.590000,11.074658,1211000
2002-04-08,24.450001,24.625000,24.400000,24.605000,11.206744,1056200
2002-04-09,24.610001,24.840000,24.299999,24.825001,11.306944,2386800
2002-04-10,24.705000,24.975000,24.650000,24.920000,11.350216,1855400
2002-04-11,24.879999,25.070000,24.790001,24.900000,11.341110,2271600
2002-04-12,24.950001,25.150000,24.799999,25.090000,11.427642,1721600
2002-04-15,25.150000,25.200001,24.520000,24.580000,11.195357,1784800
2002-04-16,24.750000,25.070000,24.655001,25.000000,11.386657,3360000
2002-04-17,25.000000,25.000000,24.395000,24.504999,11.161195,3150600
2002-04-18,24.325001,24.680000,24.120001,24.650000,11.227241,2289200
2002-04-19,24.735001,24.950001,24.480000,24.900000,11.341110,1739800
2002-04-22,24.775000,25.059999,24.705000,24.950001,11.363878,1964600
2002-04-23,25.049999,25.100000,24.889999,25.014999,11.393486,1115400
2002-04-24,25.025000,25.155001,24.500000,24.535000,11.174859,2343600
2002-04-25,24.500000,24.590000,22.420000,22.650000,10.316309,17126400
2002-04-26,21.150000,21.580000,20.799999,21.465000,9.776579,32945200
2002-04-29,21.775000,21.924999,21.465000,21.510000,9.797074,9409200
2002-04-30,21.650000,22.150000,21.584999,22.025000,10.031641,6764800
2002-05-01,22.125000,22.309999,21.975000,22.275000,10.145510,3788200
2002-05-02,22.440001,22.795000,22.299999,22.790001,10.380071,3617800
2002-05-03,23.000000,23.049999,22.500000,22.584999,10.286703,6723200
2002-05-06,22.584999,22.625000,22.245001,22.315001,10.163731,3371000
2002-05-07,22.350000,22.400000,22.000000,22.000000,10.020254,4160800
2002-05-08,22.205000,22.205000,21.990000,22.145000,10.086300,2577000
2002-05-09,22.250000,22.450001,22.090000,22.205000,10.113624,1688000
2002-05-10,22.299999,22.504999,22.100000,22.219999,10.120456,3655000
2002-05-13,22.299999,22.315001,21.990000,22.209999,10.115902,1647000
2002-05-14,22.450001,22.469999,22.145000,22.299999,10.156894,1505200
2002-05-15,22.299999,22.385000,22.014999,22.059999,10.047580,1868400
2002-05-16,22.225000,22.455000,22.180000,22.340000,10.175114,1309200
2002-05-17,22.340000,22.350000,22.090000,22.250000,10.134122,1116000
2002-05-20,22.275000,22.275000,22.000000,22.049999,10.043028,1419200
2002-05-21,22.049999,22.250000,22.049999,22.180000,10.102241,1641600
2002-05-22,22.250000,22.660000,22.250000,22.620001,10.302646,1845400
2002-05-23,22.620001,22.645000,22.375000,22.530001,10.261651,1654000
2002-05-24,22.625000,22.645000,22.420000,22.549999,10.270763,1802600
2002-05-28,22.475000,22.480000,22.240000,22.325001,10.168281,1251000
2002-05-29,22.330000,22.500000,22.264999,22.500000,10.247990,1125600
2002-05-30,22.480000,22.549999,22.254999,22.465000,10.232045,1411600
2002-05-31,22.375000,22.930000,22.344999,22.750000,10.361855,1771000
2002-06-03,22.690001,22.815001,22.379999,22.495001,10.245712,1629000
2002-06-04,22.325001,22.600000,22.155001,22.325001,10.168281,2048200
2002-06-05,22.325001,22.620001,22.125000,22.590000,10.288979,1273400
2002-06-06,22.575001,22.580000,22.080000,22.254999,10.136398,1360200
2002-06-07,22.075001,22.365000,21.975000,22.160000,10.093132,3208600
2002-06-10,22.184999,22.184999,21.950001,22.045000,10.040751,1406400
2002-06-11,22.045000,22.219999,21.745001,21.860001,9.956490,1964400
2002-06-12,21.860001,21.965000,21.750000,21.805000,9.931437,2386600
2002-06-13,21.750000,21.900000,21.674999,21.735001,9.899555,2287400
2002-06-14,21.475000,21.570000,21.375000,21.455000,9.772025,4054400
2002-06-17,21.500000,21.875000,21.500000,21.799999,9.929158,1841600
2002-06-18,21.900000,21.950001,21.725000,21.900000,9.974711,2476000
2002-06-19,21.750000,21.995001,21.700001,21.945000,9.995203,1923000
2002-06-20,21.924999,22.084999,21.625000,21.750000,9.906387,4437400
2002-06-21,21.549999,21.730000,21.525000,21.639999,9.856287,3423200
2002-06-24,21.500000,21.594999,21.090000,21.475000,9.781133,3482400
2002-06-25,21.525000,21.650000,21.129999,21.424999,9.758363,5962800
2002-06-26,21.674999,22.225000,21.355000,22.180000,10.102241,4316400
2002-06-27,22.309999,22.645000,22.280001,22.600000,10.293535,3887000
2002-06-28,22.549999,22.559999,22.040001,22.040001,10.038475,5897600
2002-07-01,22.225000,22.290001,21.940001,22.025000,10.031641,3256600
2002-07-02,21.875000,22.150000,21.865000,21.955000,9.999761,2630600
2002-07-03,22.025000,22.084999,21.424999,21.705000,9.885889,1718400
2002-07-05,21.850000,22.125000,21.584999,22.125000,10.077190,824400
2002-07-08,21.920000,22.209999,21.905001,22.165001,10.222468,2029200
2002-07-09,22.165001,22.295000,21.674999,21.770000,10.040295,2663600
2002-07-10,21.725000,21.924999,21.565001,21.674999,9.996476,3302000
2002-07-11,21.625000,21.754999,21.500000,21.600000,9.961887,2808400
2002-07-12,21.540001,21.540001,20.975000,21.080000,9.722066,1747400
2002-07-15,21.035000,21.719999,20.895000,21.680000,9.998780,3923400
2002-07-16,21.480000,21.549999,21.035000,21.129999,9.745125,3689800
2002-07-17,21.200001,21.735001,21.135000,21.400000,9.869650,2518600
2002-07-18,21.225000,21.360001,20.025000,20.115000,9.277007,3781000
2002-07-19,20.115000,20.275000,19.424999,19.495001,8.991064,5439000
2002-07-22,19.495001,19.965000,19.040001,19.200001,8.855012,4363600
2002-07-23,19.105000,19.485001,18.900000,19.264999,8.884988,4188000
2002-07-24,19.075001,19.985001,18.690001,19.950001,9.200911,3719600
2002-07-25,19.955000,20.065001,19.605000,19.850000,9.154791,5728200
2002-07-26,20.000000,20.000000,19.674999,19.924999,9.189382,2761200
2002-07-29,20.150000,20.184999,19.950001,20.135000,9.286234,2908400
2002-07-30,20.190001,20.420000,20.020000,20.235001,9.332355,3748600
2002-07-31,20.320000,20.725000,20.245001,20.725000,9.558340,2630000
2002-08-01,20.719999,20.924999,20.525000,20.575001,9.489163,1717000
2002-08-02,20.674999,21.000000,20.330000,20.580000,9.491467,2006200
2002-08-05,20.674999,20.820000,20.465000,20.520000,9.463796,2273800
2002-08-06,20.520000,20.934999,20.325001,20.325001,9.373858,1884200
2002-08-07,20.424999,20.850000,20.254999,20.850000,9.615988,2133000
2002-08-08,20.700001,21.415001,20.625000,21.370001,9.855814,1915200
2002-08-09,21.250000,21.540001,21.174999,21.430000,9.883484,1171800
2002-08-12,21.230000,21.385000,21.070000,21.305000,9.825833,958800
2002-08-13,21.150000,21.580000,21.075001,21.184999,9.770489,1521000
2002-08-14,21.225000,21.700001,20.915001,21.700001,10.008007,1438000
2002-08-15,21.700001,21.740000,21.209999,21.424999,9.881180,1177200
2002-08-16,21.424999,21.615000,21.150000,21.195000,9.775099,1606400
2002-08-19,21.299999,21.400000,20.865000,21.055000,9.710535,1990600
2002-08-20,20.950001,20.950001,20.600000,20.715000,9.553723,1604000
2002-08-21,20.750000,20.850000,20.525000,20.705000,9.549115,1985600
2002-08-22,20.705000,20.910000,20.525000,20.760000,9.574480,1928800
2002-08-23,20.764999,20.900000,20.725000,20.860001,9.620601,1492000
2002-08-26,20.834999,21.174999,20.674999,21.129999,9.745125,1865000
2002-08-27,21.305000,21.570000,21.049999,21.350000,9.846588,1715400
2002-08-28,21.350000,21.424999,21.014999,21.365000,9.853506,1629600
2002-08-29,21.165001,21.174999,20.700001,20.799999,9.592924,1349600
2002-08-30,20.790001,21.350000,20.549999,21.045000,9.705923,1010000
2002-09-03,21.045000,21.045000,20.500000,20.555000,9.479939,1628000
2002-09-04,20.625000,20.799999,20.450001,20.690001,9.542193,1758000
2002-09-05,20.100000,20.670000,19.924999,20.670000,9.532973,3901400
2002-09-06,20.735001,20.875000,20.350000,20.790001,9.588317,2320600
2002-09-09,20.795000,21.180000,20.750000,21.065001,9.715144,1837800
2002-09-10,21.174999,21.200001,20.750000,20.980000,9.675943,2017600
2002-09-11,21.200001,21.209999,20.950001,21.020000,9.694397,1036800
2002-09-12,20.900000,20.955000,20.740000,20.780001,9.583705,1158400
2002-09-13,20.780001,21.195000,20.780001,21.125000,9.742818,1731400
2002-09-16,21.075001,21.420000,21.004999,21.375000,9.858118,1246600
2002-09-17,21.475000,21.475000,20.959999,21.100000,9.731289,2034400
2002-09-18,21.150000,21.565001,20.950001,21.490000,9.911153,2757000
2002-09-19,21.299999,21.684999,21.065001,21.395000,9.867341,1944600
2002-09-20,21.500000,21.860001,21.440001,21.820000,10.063349,3145200
2002-09-23,21.674999,21.905001,21.475000,21.570000,9.948052,2146000
2002-09-24,21.575001,22.330000,21.500000,22.200001,10.238608,3882400
2002-09-25,22.350000,22.415001,21.625000,21.865000,10.084105,4866400
2002-09-26,22.000000,22.594999,21.959999,22.590000,10.418470,3148000
2002-09-27,22.500000,22.500000,22.049999,22.100000,10.192487,2276600
2002-09-30,22.025000,22.305000,21.815001,22.209999,10.243218,2600200
2002-10-01,22.270000,22.855000,22.235001,22.764999,10.499183,2334000
2002-10-02,22.760000,22.910000,21.625000,22.115000,10.199402,3198200
2002-10-03,22.389999,22.775000,22.360001,22.570000,10.409253,2590600
2002-10-04,22.690001,22.900000,22.245001,22.299999,10.284725,2204400
2002-10-07,22.250000,22.450001,21.924999,21.985001,10.139450,2751600
2002-10-08,22.049999,22.495001,21.975000,22.105000,10.323928,3790400
2002-10-09,22.110001,22.110001,21.100000,21.500000,10.041369,5979600
2002-10-10,21.500000,21.674999,21.120001,21.200001,9.901258,2828600
2002-10-11,21.200001,21.200001,20.655001,20.750000,9.691092,5056200
2002-10-14,20.750000,21.465000,20.750000,21.415001,10.001668,3419600
2002-10-15,21.575001,21.600000,21.100000,21.405001,9.997005,1937000
2002-10-16,21.405001,21.670000,21.025000,21.325001,9.959639,1421400
2002-10-17,21.150000,21.254999,20.700001,21.200001,9.901258,4466200
2002-10-18,21.000000,21.100000,20.500000,20.844999,9.735456,3299600
2002-10-21,21.045000,21.924999,20.860001,21.924999,10.239865,3011400
2002-10-22,20.924999,21.150000,20.525000,20.625000,9.632715,19254600
2002-10-23,20.375000,20.740000,20.280001,20.719999,9.677077,16407400
2002-10-24,20.809999,20.825001,20.305000,20.504999,9.576663,6037400
2002-10-25,20.500000,20.650000,20.200001,20.299999,9.480920,5065200
2002-10-28,20.285000,20.350000,20.000000,20.070000,9.373500,5551600
2002-10-29,20.200001,20.465000,20.010000,20.465000,9.557984,6905400
2002-10-30,20.555000,20.594999,20.200001,20.415001,9.534633,3554600
2002-10-31,20.549999,20.815001,20.075001,20.660000,9.649057,4113400
2002-11-01,20.625000,20.969999,20.510000,20.875000,9.749467,4273400
2002-11-04,20.950001,21.174999,20.825001,20.959999,9.789165,4135600
2002-11-05,21.025000,21.299999,21.025000,21.295000,9.945626,3080000
2002-11-06,21.295000,21.320000,21.004999,21.155001,9.880244,2093000
2002-11-07,21.174999,21.325001,21.070000,21.150000,9.877911,2285000
2002-11-08,21.150000,21.424999,20.875000,20.924999,9.772820,3557800
2002-11-11,20.924999,21.325001,20.865000,21.230000,9.915269,4565400
2002-11-12,21.475000,21.620001,21.295000,21.475000,10.029689,7042800
2002-11-13,21.525000,21.875000,21.420000,21.639999,10.106759,3821400
2002-11-14,21.760000,22.000000,21.549999,21.990000,10.270219,3639200
2002-11-15,21.875000,22.375000,21.775000,22.209999,10.372965,3934200
2002-11-18,22.299999,22.320000,21.825001,21.985001,10.267886,2855200
2002-11-19,21.900000,22.545000,21.900000,22.514999,10.515418,3640400
2002-11-20,22.514999,22.740000,22.405001,22.740000,10.620503,4126600
2002-11-21,22.740000,22.900000,22.555000,22.735001,10.618164,4820000
2002-11-22,22.735001,23.120001,22.629999,22.980000,10.732594,4647600
2002-11-25,22.980000,23.010000,22.299999,22.455000,10.487395,3108400
2002-11-26,22.455000,22.495001,22.184999,22.379999,10.452365,2156000
2002-11-27,22.504999,22.504999,22.200001,22.299999,10.415004,2291800
2002-11-29,22.299999,22.360001,22.165001,22.309999,10.419672,1774800
2002-12-02,22.410000,22.434999,21.850000,21.924999,10.239865,3051400
2002-12-03,21.850000,22.225000,21.830000,21.980000,10.265553,2309800
2002-12-04,22.084999,22.340000,22.049999,22.219999,10.377641,1403800
2002-12-05,22.219999,22.299999,21.934999,22.100000,10.321595,1529600
2002-12-06,22.010000,22.275000,21.885000,22.045000,10.295903,2142600
2002-12-09,22.150000,22.400000,21.850000,21.950001,10.251538,2264600
2002-12-10,21.950001,22.225000,21.850000,22.170000,10.354294,2031400
2002-12-11,22.174999,22.174999,21.705000,21.985001,10.267886,1762200
2002-12-12,21.900000,22.115000,21.594999,21.594999,10.085736,2461000
2002-12-13,21.594999,21.975000,21.500000,21.745001,10.155793,3964400
2002-12-16,21.900000,22.100000,21.760000,22.010000,10.279561,2044800
2002-12-17,22.014999,22.575001,22.000000,22.445000,10.482724,4624800
2002-12-18,22.625000,22.990000,22.355000,22.990000,10.737262,6784200
2002-12-19,23.000000,23.120001,22.865000,23.105000,10.790971,3969400
2002-12-20,23.174999,23.500000,23.174999,23.330000,10.896058,3996600
2002-12-23,23.450001,23.625000,23.309999,23.475000,10.963780,3126000
2002-12-24,23.590000,23.590000,23.370001,23.440001,10.947431,454000
2002-12-26,23.450001,23.615000,23.295000,23.350000,10.905395,1890600
2002-12-27,23.450001,23.465000,23.125000,23.180000,10.825998,1237800
2002-12-30,23.180000,23.480000,23.180000,23.434999,10.945094,2697800
2002-12-31,23.485001,23.535000,23.160000,23.475000,10.963780,1624600
2003-01-02,23.475000,23.875000,23.475000,23.825001,11.127240,3840000
2003-01-03,23.815001,23.820000,23.555000,23.750000,11.092212,2343600
2003-01-06,23.750000,23.834999,23.570000,23.760000,11.096885,3836000
2003-01-07,23.750000,23.750000,23.295000,23.395000,10.926411,3297800
2003-01-08,23.254999,23.475000,23.150000,23.245001,10.985488,2654800
2003-01-09,23.150000,23.605000,23.150000,23.504999,11.108358,3988800
2003-01-10,23.504999,23.740000,23.405001,23.625000,11.165073,3504200
2003-01-13,23.725000,24.000000,23.680000,23.990000,11.337570,4741400
2003-01-14,23.900000,24.000000,23.750000,24.000000,11.342298,2333000
2003-01-15,24.000000,24.000000,23.875000,23.955000,11.321024,3351400
2003-01-16,23.985001,24.090000,23.750000,23.920000,11.304487,2238800
2003-01-17,23.875000,24.030001,23.730000,23.775000,11.235961,1984800
2003-01-21,23.735001,23.910000,23.469999,23.500000,11.105998,2045800
2003-01-22,23.500000,23.725000,23.365000,23.400000,11.058742,3441200
2003-01-23,23.490000,23.525000,23.275000,23.285000,11.004387,2339400
2003-01-24,23.299999,23.434999,22.985001,23.000000,10.869699,2090000
2003-01-27,22.775000,22.895000,22.410000,22.735001,10.744461,4343600
2003-01-28,22.735001,22.980000,22.655001,22.875000,10.810624,2260000
2003-01-29,22.525000,22.549999,22.250000,22.350000,10.562516,8316000
2003-01-30,22.350000,22.424999,22.070000,22.080000,10.434910,4149000
2003-01-31,22.000000,22.465000,21.969999,22.465000,10.616865,4374600
2003-02-03,22.500000,22.520000,22.309999,22.510000,10.638125,2491400
2003-02-04,22.389999,22.475000,22.145000,22.270000,10.524707,3991200
2003-02-05,22.275000,22.584999,22.219999,22.309999,10.543604,2486600
2003-02-06,22.209999,22.295000,22.004999,22.100000,10.444361,3094400
2003-02-07,22.215000,22.285000,22.030001,22.205000,10.493989,1722200
2003-02-10,22.299999,22.490000,22.135000,22.410000,10.590870,1983000
2003-02-11,22.469999,22.540001,22.110001,22.125000,10.456183,3317800
2003-02-12,22.150000,22.350000,22.004999,22.049999,10.420732,2221400
2003-02-13,22.049999,22.254999,21.830000,22.075001,10.432549,2698200
2003-02-14,22.424999,22.715000,22.379999,22.635000,10.697203,4711800
2003-02-18,22.639999,22.850000,22.500000,22.575001,10.668846,3267800
2003-02-19,22.610001,22.625000,22.415001,22.545000,10.654669,2655600
2003-02-20,22.549999,22.549999,21.875000,21.875000,10.338035,5311200
2003-02-21,21.879999,22.084999,21.770000,22.030001,10.411284,3443000
2003-02-24,21.900000,21.945000,21.680000,21.719999,10.264775,2480400
2003-02-25,21.600000,22.000000,21.415001,21.990000,10.392376,4153000
2003-02-26,21.950001,21.950001,21.450001,21.799999,10.302590,5745800
2003-02-27,21.875000,21.889999,21.434999,21.549999,10.184437,5194800
2003-02-28,21.520000,21.725000,21.305000,21.434999,10.130087,3421600
2003-03-03,21.660000,21.725000,21.530001,21.600000,10.208071,3630600
2003-03-04,21.690001,21.690001,21.025000,21.075001,9.959951,3451200
2003-03-05,21.000000,21.145000,20.785000,21.145000,9.993032,3402800
2003-03-06,21.200001,21.280001,20.875000,20.975000,9.912696,3287600
2003-03-07,20.799999,21.155001,20.715000,21.100000,9.971766,3421400
2003-03-10,21.025000,21.174999,20.870001,20.915001,9.884338,3015200
2003-03-11,20.990000,21.445000,20.950001,21.135000,9.988311,3016200
2003-03-12,21.115000,21.395000,21.070000,21.350000,10.089915,3281200
2003-03-13,21.500000,21.690001,21.440001,21.670000,10.241151,2449200
2003-03-14,21.725000,21.790001,21.555000,21.690001,10.250603,3194600
2003-03-17,21.684999,22.420000,21.680000,22.295000,10.536520,3701000
2003-03-18,22.410000,22.490000,22.000000,22.440001,10.605047,4760000
2003-03-19,22.424999,22.615000,22.155001,22.465000,10.616865,5804600
2003-03-20,22.465000,22.570000,22.340000,22.549999,10.657035,3197800
2003-03-21,22.950001,23.365000,22.875000,23.360001,11.039842,7487000
2003-03-24,23.209999,23.215000,22.860001,23.010000,10.874428,4869200
2003-03-25,22.985001,23.450001,22.985001,23.340000,11.030384,3617200
2003-03-26,23.299999,23.424999,23.094999,23.165001,10.947678,3359200
2003-03-27,23.100000,23.395000,22.469999,23.184999,10.957127,3360400
2003-03-28,23.184999,23.195000,22.760000,23.025000,10.881512,2448800
2003-03-31,22.875000,22.969999,22.584999,22.775000,10.763367,2829400
2003-04-01,22.799999,22.900000,22.525000,22.879999,10.812986,2819600
2003-04-02,23.025000,23.325001,22.879999,23.235001,10.980763,2740000
2003-04-03,23.235001,23.235001,22.625000,22.910000,10.827163,5328200
2003-04-04,22.910000,23.049999,22.754999,22.924999,10.834256,2512600
2003-04-07,23.100000,23.250000,22.790001,22.840000,10.794086,2974000
2003-04-08,22.665001,23.000000,22.639999,22.900000,10.954336,2219800
2003-04-09,22.975000,23.150000,22.635000,22.834999,10.923243,4125400
2003-04-10,22.950001,22.975000,22.500000,22.665001,10.841918,3278600
2003-04-11,22.875000,22.950001,22.565001,22.650000,10.834744,2975600
2003-04-14,22.799999,23.055000,22.770000,23.040001,11.021306,2361000
2003-04-15,22.975000,22.995001,22.565001,22.795000,10.904109,2559400
2003-04-16,22.850000,22.870001,22.400000,22.475000,10.751033,2498000
2003-04-17,22.500000,22.844999,22.500000,22.815001,10.913673,2350000
2003-04-21,22.850000,22.895000,22.615000,22.700001,10.858665,1897600
2003-04-22,22.655001,22.910000,22.514999,22.825001,10.918461,3283000
2003-04-23,22.700001,22.799999,22.600000,22.719999,10.868230,2613200
2003-04-24,22.719999,22.719999,22.410000,22.559999,10.791691,3479400
2003-04-25,22.575001,22.790001,22.469999,22.525000,10.774950,3522800
2003-04-28,22.715000,22.725000,22.549999,22.629999,10.825179,2074600
2003-04-29,22.575001,22.799999,22.475000,22.650000,10.834744,3565200
2003-04-30,22.525000,22.750000,22.415001,22.555000,10.789300,3709000
2003-05-01,22.610001,22.620001,22.010000,22.400000,10.715157,3774800
2003-05-02,22.225000,22.320000,22.049999,22.260000,10.648189,4113000
2003-05-05,22.325001,22.375000,22.025000,22.125000,10.583611,3322200
2003-05-06,22.165001,22.600000,22.075001,22.290001,10.662540,4303400
2003-05-07,22.225000,22.400000,22.195000,22.350000,10.691240,3119400
2003-05-08,21.674999,22.520000,21.674999,22.379999,10.705589,5150200
2003-05-09,22.400000,22.764999,22.375000,22.764999,10.889754,3192000
2003-05-12,22.740000,23.040001,22.645000,22.980000,10.992607,2339800
2003-05-13,22.965000,22.980000,22.709999,22.805000,10.908887,2441800
2003-05-14,22.924999,23.000000,22.745001,22.860001,10.935198,2722000
2003-05-15,22.900000,22.959999,22.600000,22.715000,10.865836,2868200
2003-05-16,22.600000,22.700001,22.424999,22.424999,10.727118,2879200
2003-05-19,22.430000,22.580000,22.395000,22.459999,10.743857,1933600
2003-05-20,22.500000,22.750000,22.424999,22.645000,10.832355,2424200
2003-05-21,22.594999,22.875000,22.455000,22.754999,10.884972,2274200
2003-05-22,22.674999,23.215000,22.660000,23.135000,11.066745,3037800
2003-05-23,23.125000,23.379999,22.775000,23.280001,11.136106,3004800
2003-05-27,23.230000,23.325001,23.075001,23.174999,11.085882,2892600
2003-05-28,23.100000,23.200001,22.965000,23.059999,11.030871,2543600
2003-05-29,22.565001,23.100000,22.565001,23.040001,11.021306,2963000
2003-05-30,23.100000,23.389999,22.969999,23.389999,11.188725,3719000
2003-06-02,23.450001,23.575001,23.375000,23.530001,11.255700,2672400
2003-06-03,23.600000,23.745001,23.540001,23.715000,11.344193,2180600
2003-06-04,23.735001,23.950001,23.650000,23.775000,11.372894,2422600
2003-06-05,23.715000,23.950001,23.700001,23.920000,11.442257,2291000
2003-06-06,24.000000,24.090000,23.855000,24.004999,11.482916,3953400
2003-06-09,23.825001,23.990000,23.780001,23.834999,11.401593,2682800
2003-06-10,23.799999,23.834999,23.610001,23.725000,11.348979,2888400
2003-06-11,23.750000,23.975000,23.660000,23.975000,11.468566,1943800
2003-06-12,23.975000,24.110001,23.700001,24.110001,11.533145,2767800
2003-06-13,24.000000,24.410000,24.000000,24.350000,11.647950,2894800
2003-06-16,24.379999,24.830000,24.379999,24.830000,11.877562,3213200
2003-06-17,24.745001,24.830000,24.540001,24.725000,11.827331,2606600
2003-06-18,24.475000,24.750000,24.450001,24.584999,11.760361,3345600
2003-06-19,24.375000,24.415001,23.985001,24.040001,11.499659,6081000
2003-06-20,24.045000,24.065001,23.700001,23.750000,11.360939,8022000
2003-06-23,23.700001,24.065001,23.605000,24.045000,11.502050,4480000
2003-06-24,24.045000,24.150000,23.750000,23.815001,11.392030,3325600
2003-06-25,23.815001,24.245001,23.450001,23.900000,11.432691,5785200
2003-06-26,24.049999,24.309999,23.709999,23.865000,11.415949,2518800
2003-06-27,23.825001,24.025000,23.580000,23.754999,11.363324,2629200
2003-06-30,23.850000,23.875000,23.520000,23.705000,11.339413,3616200
2003-07-01,23.705000,23.985001,23.375000,23.900000,11.432691,2516000
2003-07-02,24.014999,24.014999,23.700001,23.799999,11.384851,2714800
2003-07-03,23.825001,23.855000,23.555000,23.709999,11.341801,969200
2003-07-07,23.674999,23.889999,23.645000,23.850000,11.408772,3146000
2003-07-08,23.750000,23.809999,23.410000,23.549999,11.396672,5458400
2003-07-09,23.600000,23.825001,23.475000,23.549999,11.396672,3752800
2003-07-10,23.549999,23.830000,23.410000,23.795000,11.515238,3256200
2003-07-11,23.799999,24.389999,23.750000,24.315001,11.766882,4193200
2003-07-14,24.330000,24.400000,24.049999,24.070000,11.648319,4674800
2003-07-15,24.219999,24.219999,23.920000,24.129999,11.677354,2362800
2003-07-16,24.150000,24.174999,23.830000,24.055000,11.641056,3602400
2003-07-17,23.799999,23.924999,23.700001,23.775000,11.505557,5685600
2003-07-18,23.900000,23.900000,23.594999,23.730000,11.483782,2446800
2003-07-21,23.730000,23.730000,23.270000,23.340000,11.295050,3800200
2003-07-22,23.375000,23.610001,23.299999,23.535000,11.389413,2966200
2003-07-23,23.450001,23.684999,23.424999,23.635000,11.437811,2177800
2003-07-24,23.625000,23.735001,23.375000,23.379999,11.314404,1975400
2003-07-25,23.379999,23.700001,23.370001,23.665001,11.452322,1474800
2003-07-28,23.625000,23.695000,23.430000,23.520000,11.382158,2220600
2003-07-29,23.520000,23.520000,23.025000,23.075001,11.166803,3321600
2003-07-30,23.075001,23.184999,22.950001,23.155001,11.205516,3332000
2003-07-31,23.280001,23.280001,22.905001,22.934999,11.099051,3103000
2003-08-01,23.049999,23.049999,22.750000,22.830000,11.048242,3155200
2003-08-04,22.830000,22.885000,22.655001,22.840000,11.053080,2046600
2003-08-05,22.840000,22.930000,22.660000,22.695000,10.982910,2274600
2003-08-06,22.750000,22.920000,22.670000,22.750000,11.009526,1776800
2003-08-07,22.820000,22.865000,22.555000,22.850000,11.057918,1758800
2003-08-08,22.850000,23.150000,22.830000,23.065001,11.161963,1809600
2003-08-11,23.040001,23.150000,23.040001,23.084999,11.171644,1310400
2003-08-12,23.125000,23.200001,22.910000,23.174999,11.215200,1575600
2003-08-13,23.209999,23.245001,22.840000,23.155001,11.205516,2827400
2003-08-14,23.135000,23.355000,23.070000,23.350000,11.299888,1496400
2003-08-15,23.350000,23.375000,23.125000,23.365000,11.307147,704400
2003-08-18,23.375000,23.434999,23.219999,23.250000,11.251495,1024600
2003-08-19,23.240000,23.240000,22.764999,23.059999,11.159546,3290000
2003-08-20,23.000000,23.235001,22.950001,23.070000,11.164383,1368600
2003-08-21,23.150000,23.219999,23.004999,23.150000,11.203102,1672400
2003-08-22,23.160000,23.295000,23.090000,23.125000,11.191002,1665800
2003-08-25,23.190001,23.250000,23.045000,23.139999,11.198259,1556600
2003-08-26,23.030001,23.160000,22.790001,23.135000,11.195838,2472400
2003-08-27,23.135000,23.135000,22.945000,23.135000,11.195838,1406400
2003-08-28,23.135000,23.230000,22.945000,23.219999,11.236974,1561000
2003-08-29,23.219999,23.250000,22.950001,23.180000,11.217619,1393200
2003-09-02,23.170000,23.434999,22.965000,23.385000,11.316825,2269400
2003-09-03,23.325001,23.465000,23.145000,23.465000,11.355537,3493400
2003-09-04,23.500000,23.570000,23.299999,23.434999,11.341021,2854200
2003-09-05,23.360001,23.450001,23.254999,23.315001,11.282944,2960000
2003-09-08,23.350000,23.450001,23.299999,23.400000,11.324086,2311800
2003-09-09,23.475000,23.665001,23.299999,23.625000,11.432973,2951200
2003-09-10,23.625000,23.790001,23.485001,23.514999,11.379731,3143600
2003-09-11,23.625000,23.625000,23.500000,23.620001,11.430548,2343600
2003-09-12,23.620001,23.629999,23.424999,23.605000,11.423291,1782800
2003-09-15,23.629999,23.645000,23.455000,23.549999,11.396672,2099000
2003-09-16,23.575001,23.865000,23.424999,23.865000,11.549111,3385400
2003-09-17,23.740000,23.860001,23.575001,23.635000,11.437811,2122800
2003-09-18,23.575001,23.754999,23.555000,23.680000,11.459581,1882000
2003-09-19,23.674999,23.719999,23.500000,23.570000,11.406350,2551000
2003-09-22,23.459999,23.525000,23.385000,23.469999,11.357957,1892200
2003-09-23,23.475000,23.754999,23.475000,23.750000,11.493460,2455800
2003-09-24,23.750000,23.844999,23.575001,23.700001,11.469263,1978600
2003-09-25,23.700001,23.830000,23.629999,23.629999,11.435387,1795000
2003-09-26,23.629999,23.725000,23.455000,23.455000,11.350697,1609000
2003-09-29,23.504999,23.504999,23.174999,23.280001,11.266011,4624600
2003-09-30,23.299999,23.580000,23.250000,23.535000,11.389413,2844600
2003-10-01,23.520000,23.799999,23.495001,23.799999,11.517653,3404600
2003-10-02,23.750000,23.754999,23.400000,23.600000,11.420871,3562600
2003-10-03,23.775000,23.795000,23.475000,23.525000,11.384577,2195400
2003-10-06,23.525000,23.580000,23.225000,23.395000,11.321663,2499200
2003-10-07,23.285000,23.315001,23.080000,23.250000,11.251495,3810200
2003-10-08,23.049999,23.209999,22.910000,23.049999,11.288222,3143800
2003-10-09,23.049999,23.049999,22.549999,22.674999,11.104575,6994600
2003-10-10,22.709999,22.719999,22.365000,22.620001,11.077639,4624000
2003-10-13,22.620001,22.690001,22.465000,22.485001,11.011527,1981000
2003-10-14,22.540001,22.540001,22.045000,22.434999,10.987040,5236600
2003-10-15,22.440001,22.500000,22.235001,22.405001,10.972347,3175800
2003-10-16,22.000000,22.504999,21.875000,22.365000,10.952760,5807400
2003-10-17,22.365000,22.465000,22.260000,22.365000,10.952760,3494000
2003-10-20,22.350000,22.355000,21.980000,22.160000,10.852367,3322200
2003-10-21,22.160000,22.355000,22.125000,22.250000,10.896438,3136200
2003-10-22,22.240000,22.260000,22.094999,22.235001,10.889092,2442000
2003-10-23,22.235001,22.280001,22.014999,22.120001,10.832777,3181200
2003-10-24,22.105000,22.105000,21.950001,21.995001,10.771555,2155200
2003-10-27,22.200001,22.200001,22.004999,22.055000,10.800942,1858600
2003-10-28,22.434999,22.600000,22.370001,22.600000,11.067842,5107600
2003-10-29,22.514999,22.950001,22.400000,22.504999,11.021319,2875600
2003-10-30,22.530001,22.680000,22.500000,22.625000,11.080088,2408000
2003-10-31,22.625000,22.650000,22.385000,22.424999,10.982140,3194400
2003-11-03,22.575001,22.645000,22.490000,22.575001,11.055598,2396800
2003-11-04,22.610001,22.650000,22.320000,22.385000,10.962553,2683200
2003-11-05,22.275000,22.445000,22.014999,22.150000,10.847466,6031000
2003-11-06,22.200001,22.235001,21.975000,22.105000,10.825427,3341000
2003-11-07,22.165001,22.330000,22.065001,22.139999,10.842571,2405600
2003-11-10,22.184999,22.235001,21.934999,22.010000,10.778906,2629600
2003-11-11,22.010000,22.065001,21.900000,21.930000,10.739729,3014000
2003-11-12,21.980000,22.200001,21.879999,22.125000,10.835224,2707400
2003-11-13,22.160000,22.510000,22.125000,22.510000,11.023768,2961400
2003-11-14,22.500000,22.639999,22.350000,22.379999,10.960103,2296000
2003-11-17,22.450001,22.670000,22.440001,22.660000,11.097230,2781400
2003-11-18,22.660000,22.670000,22.250000,22.254999,10.898887,2624800
2003-11-19,22.190001,22.415001,22.160000,22.379999,10.960103,1526800
2003-11-20,22.299999,22.375000,22.135000,22.135000,10.840125,1820000
2003-11-21,22.350000,22.350000,22.155001,22.215000,10.879299,1892600
2003-11-24,22.340000,22.540001,22.299999,22.455000,10.996834,1549200
2003-11-25,22.450001,22.639999,22.350000,22.535000,11.036010,2064800
2003-11-26,22.600000,22.674999,22.504999,22.645000,11.089882,1182800
2003-11-28,22.525000,22.545000,22.450001,22.504999,11.021319,904200
2003-12-01,22.500000,22.695000,22.495001,22.695000,11.114372,1889600
2003-12-02,22.695000,22.740000,22.575001,22.725000,11.129062,2576400
2003-12-03,22.760000,23.004999,22.719999,22.955000,11.241695,2675200
2003-12-04,22.875000,22.950001,22.799999,22.915001,11.222109,1244600
2003-12-05,22.875000,23.075001,22.830000,22.950001,11.239254,1551200
2003-12-08,22.875000,23.090000,22.775000,23.030001,11.278425,1592000
2003-12-09,23.115000,23.115000,22.920000,22.950001,11.239254,1900200
2003-12-10,22.950001,23.025000,22.795000,22.940001,11.234358,1344200
2003-12-11,22.940001,23.070000,22.940001,23.030001,11.278425,1334600
2003-12-12,22.975000,23.000000,22.799999,22.900000,11.214764,2353200
2003-12-15,23.000000,23.225000,22.879999,23.115000,11.320052,2879000
2003-12-16,23.115000,23.600000,23.075001,23.540001,11.528190,4172800
2003-12-17,23.450001,23.709999,22.440001,22.674999,11.104575,11024400
2003-12-18,22.700001,23.045000,22.504999,22.615000,11.075187,8681800
2003-12-19,22.615000,22.625000,22.389999,22.510000,11.023768,6658800
2003-12-22,22.510000,22.785000,22.504999,22.600000,11.067842,4850400
2003-12-23,22.590000,22.690001,22.170000,22.174999,10.859704,4925400
2003-12-24,22.250000,22.700001,22.250000,22.520000,11.028666,2211200
2003-12-26,22.495001,22.620001,22.450001,22.570000,11.053148,927800
2003-12-29,22.625000,22.709999,22.465000,22.709999,11.121716,3066400
2003-12-30,22.600000,22.850000,22.580000,22.780001,11.155996,2926200
2003-12-31,22.834999,22.915001,22.549999,22.650000,11.092334,2929200
2004-01-02,22.750000,22.900000,22.475000,22.504999,11.021319,2471800
2004-01-05,22.799999,22.950001,22.600000,22.875000,11.202518,4638600
2004-01-06,22.775000,22.860001,22.670000,22.750000,11.141305,2636400
2004-01-07,22.750000,22.770000,22.565001,22.680000,11.107026,3856800
2004-01-08,22.635000,22.799999,22.625000,22.725000,11.265661,2250800
2004-01-09,22.700001,22.855000,22.670000,22.799999,11.302838,3268600
2004-01-12,22.690001,22.875000,22.620001,22.750000,11.278050,3313400
2004-01-13,22.750000,22.780001,22.475000,22.540001,11.173942,2207800
2004-01-14,22.540001,22.719999,22.480000,22.650000,11.228478,1691200
2004-01-15,22.650000,22.674999,22.500000,22.575001,11.191298,2525200
2004-01-16,22.674999,22.775000,22.600000,22.719999,11.263179,2808000
2004-01-20,22.700001,22.980000,22.700001,22.965000,11.384634,3209400
2004-01-21,22.965000,23.000000,22.665001,22.924999,11.364810,3521600
2004-01-22,22.924999,22.924999,22.695000,22.740000,11.273095,2298800
2004-01-23,22.825001,22.945000,22.750000,22.850000,11.327628,3709600
2004-01-26,22.889999,23.105000,22.850000,23.049999,11.426774,2849200
2004-01-27,22.980000,23.004999,22.830000,22.975000,11.389595,4157600
2004-01-28,22.924999,23.150000,22.805000,22.875000,11.340014,4326600
2004-01-29,23.000000,23.075001,22.900000,23.000000,11.401984,2675000
2004-01-30,22.910000,22.950001,22.674999,22.715000,11.260706,4264600
2004-02-02,22.674999,22.975000,22.590000,22.740000,11.273095,2935200
2004-02-03,22.940001,22.940001,22.775000,22.825001,11.315235,1917400
2004-02-04,22.365000,22.555000,22.215000,22.455000,11.131812,7514000
2004-02-05,22.424999,22.610001,22.290001,22.440001,11.124373,6024600
2004-02-06,22.465000,22.600000,22.424999,22.500000,11.154119,5551400
2004-02-09,22.695000,22.695000,22.299999,22.459999,11.134285,3465800
2004-02-10,22.410000,22.575001,22.375000,22.530001,11.168988,3666800
2004-02-11,22.485001,22.625000,22.415001,22.495001,11.151637,4117800
2004-02-12,22.490000,22.555000,22.375000,22.459999,11.134285,2655000
2004-02-13,22.455000,22.549999,22.355000,22.420000,11.114458,3418400
2004-02-17,22.475000,22.485001,22.125000,22.445000,11.126851,6552400
2004-02-18,22.275000,22.469999,22.219999,22.350000,11.079754,4235000
2004-02-19,22.375000,22.695000,22.209999,22.500000,11.154119,3838000
2004-02-20,22.625000,22.625000,22.450001,22.545000,11.176424,2884200
2004-02-23,22.545000,22.805000,22.500000,22.764999,11.285488,3831600
2004-02-24,22.750000,22.934999,22.594999,22.900000,11.352413,4475800
2004-02-25,22.809999,22.990000,22.700001,22.930000,11.367286,2928200
2004-02-26,22.934999,23.004999,22.799999,22.924999,11.364810,2749600
2004-02-27,22.910000,23.000000,22.870001,22.990000,11.397027,2618400
2004-03-01,23.500000,23.700001,23.250000,23.594999,11.696948,6376600
2004-03-02,23.250000,23.570000,23.250000,23.520000,11.659775,4295200
2004-03-03,23.410000,23.584999,23.389999,23.584999,11.691995,2370400
2004-03-04,23.584999,23.584999,23.389999,23.500000,11.649852,1737400
2004-03-05,23.500000,23.799999,23.400000,23.799999,11.798577,3370000
2004-03-08,23.750000,23.879999,23.615000,23.705000,11.751485,2401400
2004-03-09,23.629999,23.820000,23.600000,23.790001,11.793620,1814600
2004-03-10,23.790001,24.000000,23.745001,23.834999,11.815927,3914600
2004-03-11,23.830000,23.830000,23.375000,23.465000,11.632504,3376600
2004-03-12,23.465000,23.465000,23.205000,23.379999,11.590364,4909800
2004-03-15,23.379999,23.379999,23.125000,23.174999,11.488745,2734000
2004-03-16,23.025000,23.305000,22.875000,23.075001,11.439167,6310600
2004-03-17,23.230000,23.370001,23.155001,23.250000,11.525923,3219800
2004-03-18,23.250000,23.480000,23.150000,23.295000,11.548229,2211800
2004-03-19,23.250000,23.344999,23.000000,23.000000,11.401984,4346400
2004-03-22,22.950001,23.365000,22.900000,23.205000,11.503613,3293600
2004-03-23,23.190001,23.350000,23.155001,23.174999,11.488745,2558600
2004-03-24,23.150000,23.250000,23.049999,23.205000,11.503613,2881800
2004-03-25,23.250000,23.350000,22.879999,23.240000,11.520963,2758200
2004-03-26,23.260000,23.264999,22.879999,22.900000,11.352413,2057600
2004-03-29,22.985001,23.250000,22.975000,23.250000,11.525923,1482800
2004-03-30,23.250000,23.290001,23.129999,23.275000,11.538312,1855400
2004-03-31,23.270000,23.370001,23.059999,23.340000,11.570538,1340600
2004-04-01,23.340000,23.650000,23.174999,23.459999,11.630032,2731400
2004-04-02,23.510000,23.549999,23.340000,23.375000,11.587886,2569400
2004-04-05,23.334999,23.375000,23.209999,23.330000,11.565583,1501800
2004-04-06,23.330000,23.475000,23.299999,23.410000,11.605237,3182400
2004-04-07,23.330000,23.480000,23.295000,23.350000,11.713087,3080000
2004-04-08,23.375000,23.375000,23.100000,23.195000,11.635337,2132000
2004-04-12,23.250000,23.250000,23.049999,23.129999,11.602731,1540600
2004-04-13,23.160000,23.254999,22.945000,22.980000,11.527489,3041400
2004-04-14,22.980000,23.205000,22.905001,23.180000,11.627813,2562200
2004-04-15,23.180000,23.480000,23.135000,23.405001,11.740680,1906400
2004-04-16,23.700001,23.700001,23.400000,23.605000,11.841005,2282400
2004-04-19,23.520000,23.770000,23.379999,23.684999,11.881133,3538400
2004-04-20,23.690001,23.719999,23.549999,23.559999,11.818433,3739600
2004-04-21,23.500000,23.650000,23.430000,23.545000,11.810913,2544000
2004-04-22,23.475000,23.995001,23.450001,23.959999,12.019089,3832800
2004-04-23,23.959999,24.139999,23.775000,24.139999,12.109377,2954600
2004-04-26,24.090000,24.180000,24.004999,24.165001,12.121919,2654600
2004-04-27,24.215000,24.350000,24.115000,24.139999,12.109377,3073200
2004-04-28,24.110001,24.174999,24.004999,24.055000,12.066737,2258400
2004-04-29,24.055000,24.305000,24.055000,24.254999,12.167062,2941400
2004-04-30,24.325001,24.514999,24.250000,24.375000,12.227261,4661400
2004-05-03,24.440001,24.584999,24.299999,24.565001,12.322572,2587400
2004-05-04,24.424999,24.424999,24.209999,24.290001,12.184627,2447600
2004-05-05,24.240000,24.299999,24.070000,24.165001,12.121919,2186800
2004-05-06,23.750000,23.959999,23.584999,23.930000,12.004038,5483200
2004-05-07,23.790001,24.004999,23.760000,23.825001,11.951367,2659800
2004-05-10,23.709999,23.875000,23.450001,23.475000,11.775794,3070600
2004-05-11,23.475000,23.615000,23.250000,23.360001,11.718106,3449000
2004-05-12,23.424999,23.424999,23.160000,23.315001,11.695532,2819200
2004-05-13,23.340000,23.420000,22.799999,22.930000,11.502408,4696000
2004-05-14,22.975000,23.000000,22.809999,22.930000,11.502408,4261800
2004-05-17,22.780001,23.094999,22.750000,22.940001,11.507424,2381200
2004-05-18,23.025000,23.070000,22.844999,22.905001,11.489871,1905400
2004-05-19,23.000000,23.004999,22.775000,22.809999,11.442212,2727800
2004-05-20,22.785000,22.920000,22.700001,22.850000,11.462276,2201200
2004-05-21,22.879999,22.995001,22.750000,22.785000,11.429667,1926400
2004-05-24,22.900000,22.905001,22.690001,22.764999,11.419634,1788400
2004-05-25,22.770000,22.940001,22.665001,22.825001,11.449735,2677200
2004-05-26,22.750000,23.020000,22.674999,22.950001,11.512441,1823600
2004-05-27,23.049999,23.170000,22.950001,22.990000,11.532504,2643400
2004-05-28,22.990000,23.084999,22.924999,23.025000,11.550057,2092800
2004-06-01,23.049999,23.084999,22.760000,22.889999,11.482343,3231800
2004-06-02,22.915001,22.975000,22.825001,22.895000,11.484850,3552000
2004-06-03,22.850000,23.025000,22.719999,22.825001,11.449735,3510000
2004-06-04,23.500000,24.075001,23.445000,23.924999,12.001534,21643000
2004-06-07,23.725000,23.750000,23.530001,23.674999,11.876125,4634200
2004-06-08,23.580000,23.700001,23.525000,23.650000,11.863575,2893800
2004-06-09,23.600000,23.750000,23.600000,23.639999,11.858562,3215000
2004-06-10,23.690001,23.690001,23.580000,23.625000,11.851041,2054000
2004-06-14,23.500000,23.570000,23.344999,23.415001,11.745695,2859200
2004-06-15,23.475000,23.485001,23.080000,23.150000,11.612761,3182600
2004-06-16,23.225000,23.264999,23.100000,23.215000,11.645369,1241400
2004-06-17,23.150000,23.230000,22.980000,23.045000,11.560092,1883800
2004-06-18,23.045000,23.165001,22.795000,22.830000,11.452243,2788600
2004-06-21,22.879999,23.000000,22.760000,22.905001,11.489871,2826400
2004-06-22,22.945000,23.000000,22.775000,22.930000,11.502408,1807200
2004-06-23,22.959999,22.959999,22.750000,22.915001,11.494882,2216200
2004-06-24,22.924999,23.094999,22.674999,23.084999,11.580157,3831000
2004-06-25,23.080000,23.090000,22.750000,22.750000,11.412109,6533200
2004-06-28,22.875000,23.025000,22.825001,22.950001,11.512441,2787800
2004-06-29,22.950001,23.100000,22.905001,23.059999,11.567616,2158000
2004-06-30,23.299999,23.850000,23.145000,23.764999,11.921262,8213400
2004-07-01,23.549999,23.865000,23.545000,23.750000,11.913743,4419000
2004-07-02,23.750000,23.750000,23.475000,23.490000,11.783314,2804600
2004-07-06,23.490000,23.565001,23.315001,23.375000,11.725630,2057600
2004-07-07,23.400000,23.450001,23.075001,23.100000,11.587680,2624600
2004-07-08,22.940001,23.350000,22.910000,23.120001,11.755475,2179000
2004-07-09,23.150000,23.375000,23.075001,23.350000,11.872416,2252800
2004-07-12,23.389999,23.485001,23.205000,23.305000,11.849536,1444000
2004-07-13,23.344999,23.344999,23.075001,23.200001,11.796151,1458400
2004-07-14,23.200001,23.340000,22.969999,23.040001,11.714797,2210400
2004-07-15,23.125000,23.174999,22.840000,22.840000,11.613108,1778400
2004-07-16,22.980000,23.004999,22.735001,22.825001,11.605479,2530400
2004-07-19,22.805000,23.075001,22.795000,22.920000,11.653784,1659800
2004-07-20,23.020000,23.469999,22.975000,23.469999,11.933436,3342000
2004-07-21,23.450001,23.469999,23.250000,23.375000,11.885128,2963600
2004-07-22,23.315001,23.325001,23.094999,23.100000,11.745307,2684600
2004-07-23,23.150000,23.150000,22.700001,22.770000,11.577518,3126200
2004-07-26,22.674999,22.900000,22.645000,22.900000,11.643611,2755000
2004-07-27,22.900000,22.995001,22.690001,22.750000,11.567340,1772000
2004-07-28,22.760000,22.775000,22.500000,22.625000,11.503784,1868200
2004-07-29,22.650000,22.655001,22.475000,22.485001,11.432604,2267000
2004-07-30,22.514999,22.584999,22.395000,22.450001,11.414814,2463600
2004-08-02,22.455000,22.719999,22.400000,22.680000,11.531750,1994000
2004-08-03,22.650000,22.680000,22.434999,22.459999,11.419891,1473400
2004-08-04,22.375000,22.575001,22.360001,22.450001,11.414814,1477000
2004-08-05,22.520000,22.620001,22.469999,22.469999,11.424978,1509600
2004-08-06,22.424999,22.600000,22.360001,22.535000,11.458022,1698800
2004-08-09,22.525000,22.610001,22.475000,22.530001,11.455483,1647400
2004-08-10,22.594999,22.620001,22.385000,22.620001,11.501246,1556400
2004-08-11,22.620001,22.865000,22.480000,22.865000,11.625818,1598200
2004-08-12,22.790001,22.965000,22.695000,22.700001,11.541924,1829400
2004-08-13,22.764999,22.950001,22.625000,22.934999,11.661409,1829800
2004-08-16,22.850000,22.924999,22.725000,22.855000,11.620731,2391600
2004-08-17,22.900000,22.975000,22.825001,22.975000,11.681751,1457200
2004-08-18,22.915001,23.250000,22.875000,23.209999,11.801233,1585600
2004-08-19,23.230000,23.240000,23.075001,23.240000,11.816484,1131800
2004-08-20,23.240000,23.320000,23.160000,23.309999,11.852077,1205800
2004-08-23,23.360001,23.424999,23.254999,23.275000,11.834283,951400
2004-08-24,23.305000,23.375000,23.180000,23.315001,11.854618,1033800
2004-08-25,23.350000,23.424999,23.240000,23.410000,11.902922,1366400
2004-08-26,23.420000,23.549999,23.420000,23.500000,11.948687,1587000
2004-08-27,23.510000,23.635000,23.450001,23.600000,11.999535,1943800
2004-08-30,23.590000,23.594999,23.455000,23.475000,11.935976,977600
2004-08-31,23.540001,23.629999,23.485001,23.625000,12.012243,1354800
2004-09-01,23.625000,23.750000,23.500000,23.670000,12.035125,1605800
2004-09-02,23.575001,23.764999,23.575001,23.745001,12.073255,1497400
2004-09-03,23.775000,23.815001,23.725000,23.764999,12.083423,1289600
2004-09-07,23.750000,23.764999,23.580000,23.660000,12.030041,2073800
2004-09-08,23.549999,23.549999,23.225000,23.264999,11.829196,3189400
2004-09-09,23.315001,23.475000,23.270000,23.325001,11.859711,1524200
2004-09-10,23.325001,23.365000,23.084999,23.325001,11.859711,1507200
2004-09-13,23.330000,23.450001,23.250000,23.355000,11.874961,1364200
2004-09-14,23.355000,23.495001,23.299999,23.424999,11.910555,1470400
2004-09-15,23.500000,23.635000,23.305000,23.555000,11.976655,1885800
2004-09-16,23.559999,23.610001,23.290001,23.385000,11.890215,1837600
2004-09-17,23.424999,23.750000,23.424999,23.615000,12.007155,3025200
2004-09-20,23.500000,23.540001,23.000000,23.165001,11.778353,4375800
2004-09-21,22.875000,22.924999,22.555000,22.674999,11.529208,5924600
2004-09-22,22.670000,22.670000,22.235001,22.465000,11.422433,5869600
2004-09-23,22.450001,22.615000,22.309999,22.445000,11.412262,2880400
2004-09-24,22.490000,22.575001,22.430000,22.545000,11.463110,1881200
2004-09-27,22.545000,22.580000,22.424999,22.445000,11.412262,2475200
2004-09-28,22.495001,22.650000,22.389999,22.400000,11.389384,2116000
2004-09-29,22.400000,22.565001,22.200001,22.545000,11.463110,2372800
2004-09-30,22.480000,22.584999,22.400000,22.450001,11.414814,3712600
2004-10-01,22.525000,22.700001,22.469999,22.650000,11.516501,1587000
2004-10-04,22.250000,22.629999,22.245001,22.629999,11.506327,14402200
2004-10-05,22.775000,22.934999,22.495001,22.549999,11.465658,27976200
2004-10-06,22.549999,22.555000,22.375000,22.525000,11.612583,7192200
2004-10-07,22.545000,22.549999,22.250000,22.340000,11.517203,4826800
2004-10-08,22.325001,22.400000,22.254999,22.350000,11.522364,5056800
2004-10-11,22.400000,22.450001,22.110001,22.110001,11.398639,4193600
2004-10-12,22.125000,22.250000,22.035000,22.100000,11.393474,3630000
2004-10-13,22.225000,22.295000,22.045000,22.165001,11.426991,3339600
2004-10-14,22.125000,22.240000,21.955000,21.985001,11.334194,2792800
2004-10-15,22.025000,22.155001,21.900000,21.924999,11.303260,2844200
2004-10-18,21.924999,22.040001,21.834999,21.990000,11.336764,3375600
2004-10-19,22.000000,22.110001,21.879999,21.955000,11.318724,3133200
2004-10-20,21.934999,22.014999,21.780001,21.820000,11.249124,3459800
2004-10-21,21.815001,21.924999,21.735001,21.855000,11.267166,3547000
2004-10-22,21.875000,21.889999,21.650000,21.650000,11.161487,2430000
2004-10-25,21.725000,21.879999,21.504999,21.695000,11.184683,3552000
2004-10-26,21.684999,21.895000,21.670000,21.875000,11.277483,2769400
2004-10-27,21.895000,21.930000,21.795000,21.910000,11.295524,2828800
2004-10-28,21.930000,21.950001,21.760000,21.889999,11.285215,3170800
2004-10-29,21.934999,22.125000,21.825001,22.125000,11.406366,4675000
2004-11-01,22.250000,22.260000,21.969999,22.045000,11.365118,3132400
2004-11-02,22.075001,22.120001,21.934999,21.975000,11.329035,3347200
2004-11-03,22.065001,22.389999,22.020000,22.250000,11.470809,6519800
2004-11-04,22.250000,22.540001,22.025000,22.525000,11.612583,6472600
2004-11-05,22.625000,22.655001,22.495001,22.600000,11.651248,3472600
2004-11-08,22.600000,22.625000,22.500000,22.514999,11.607430,5588200
2004-11-09,22.514999,22.650000,22.375000,22.570000,11.635780,2700200
2004-11-10,22.600000,22.680000,22.530001,22.645000,11.674448,2931800
2004-11-11,22.645000,22.809999,22.590000,22.799999,11.754355,2089000
2004-11-12,22.840000,22.950001,22.709999,22.950001,11.831691,2717200
2004-11-15,22.650000,22.795000,22.580000,22.695000,11.700227,3516200
2004-11-16,22.695000,22.695000,22.555000,22.570000,11.635780,1850400
2004-11-17,22.639999,22.750000,22.575001,22.680000,11.692491,2625200
2004-11-18,22.745001,22.775000,22.620001,22.690001,11.697644,1649000
2004-11-19,22.725000,22.730000,22.299999,22.315001,11.504318,3358400
2004-11-22,22.450001,22.450001,22.190001,22.275000,11.483696,2998200
2004-11-23,22.225000,22.395000,22.070000,22.344999,11.519786,3266200
2004-11-24,22.434999,22.545000,22.365000,22.490000,11.594541,1799200
2004-11-26,22.495001,22.565001,22.475000,22.475000,11.586807,621800
2004-11-29,22.500000,22.639999,22.480000,22.580000,11.640939,2799000
2004-11-30,22.594999,22.785000,22.500000,22.745001,11.726007,3631000
2004-12-01,22.840000,23.389999,22.815001,23.315001,12.019859,6703600
2004-12-02,23.215000,23.549999,23.205000,23.549999,12.141012,3549800
2004-12-03,23.500000,23.549999,23.235001,23.285000,12.004395,2700200
2004-12-06,23.285000,23.299999,23.055000,23.135000,11.927058,1784800
2004-12-07,23.190001,23.225000,22.809999,22.900000,11.805908,2826600
2004-12-08,22.930000,23.110001,22.905001,23.090000,11.903860,1973000
2004-12-09,23.090000,23.459999,22.934999,23.430000,12.079145,2805400
2004-12-10,23.325001,23.559999,23.165001,23.530001,12.130706,3562200
2004-12-13,23.575001,23.639999,23.325001,23.635000,12.184838,2374600
2004-12-14,23.700001,24.299999,23.700001,24.260000,12.507051,6723800
2004-12-15,24.225000,24.230000,24.049999,24.209999,12.481274,4248800
2004-12-16,24.160000,24.209999,24.000000,24.180000,12.465805,3695400
2004-12-17,24.230000,24.490000,24.190001,24.360001,12.558601,7283800
2004-12-20,24.360001,24.575001,24.235001,24.559999,12.661707,4799000
2004-12-21,24.500000,24.785000,24.125000,24.500000,12.630771,7401800
2004-12-22,24.575001,24.584999,24.340000,24.540001,12.651402,2973400
2004-12-23,24.575001,24.709999,24.559999,24.610001,12.687490,3252800
2004-12-27,24.660000,24.760000,24.559999,24.629999,12.697804,2293600
2004-12-28,24.740000,24.934999,24.639999,24.905001,12.839575,3446400
2004-12-29,24.955000,24.980000,24.790001,24.889999,12.831837,1841800
2004-12-30,24.924999,24.940001,24.825001,24.910000,12.842151,1425200
2004-12-31,24.959999,24.959999,24.775000,24.855000,12.813793,1594800
2005-01-03,24.870001,24.875000,24.400000,24.450001,12.604998,4230000
2005-01-04,24.565001,24.620001,24.235001,24.375000,12.566331,3371200
2005-01-05,24.275000,24.950001,24.219999,24.875000,12.824111,7397200
2005-01-06,24.834999,24.950001,24.709999,24.900000,12.998995,4572800
2005-01-07,24.995001,25.475000,24.985001,25.469999,13.296554,10910400
2005-01-10,25.250000,25.605000,25.250000,25.549999,13.338323,6671000
2005-01-11,25.350000,25.500000,25.299999,25.490000,13.307001,6334600
2005-01-12,25.549999,25.620001,25.180000,25.480000,13.301785,5076400
2005-01-13,25.365000,25.469999,25.235001,25.295000,13.205201,3031200
2005-01-14,25.424999,25.434999,25.225000,25.320000,13.218256,3024200
2005-01-18,25.250000,25.924999,25.200001,25.910000,13.526257,5306000
2005-01-19,26.000000,26.200001,25.930000,26.090000,13.620230,7021000
2005-01-20,25.950001,26.295000,25.950001,26.174999,13.664602,6140600
2005-01-21,26.150000,26.150000,25.915001,25.955000,13.549752,4454800
2005-01-24,25.975000,26.000000,25.760000,25.920000,13.531482,4154200
2005-01-25,25.924999,26.094999,25.775000,25.945000,13.544534,5205400
2005-01-26,25.985001,26.115000,25.950001,26.040001,13.594127,3791200
2005-01-27,26.000000,26.350000,25.950001,26.340000,13.750741,3970200
2005-01-28,26.340000,26.945000,26.250000,26.450001,13.808168,8033800
2005-01-31,26.450001,26.655001,26.360001,26.495001,13.831658,4098800
2005-02-01,26.250000,26.770000,26.160000,26.680000,13.928233,4986000
2005-02-02,26.695000,26.770000,26.475000,26.549999,13.860374,3177800
2005-02-03,26.575001,26.610001,26.450001,26.540001,13.855154,3292400
2005-02-04,26.540001,26.549999,26.415001,26.500000,13.834266,7395000
2005-02-07,26.500000,26.725000,26.325001,26.400000,13.782066,9159000
2005-02-08,26.424999,26.530001,26.315001,26.475000,13.821217,4063800
2005-02-09,26.400000,26.465000,26.250000,26.325001,13.742915,2818200
2005-02-10,26.325001,26.415001,26.230000,26.325001,13.742915,3099000
2005-02-11,26.325001,26.400000,26.254999,26.325001,13.742915,4241400
2005-02-14,26.330000,26.340000,26.219999,26.309999,13.735080,1556800
2005-02-15,26.434999,26.450001,26.275000,26.325001,13.742915,2493600
2005-02-16,26.275000,26.430000,26.225000,26.350000,13.755965,3424000
2005-02-17,26.344999,26.355000,26.084999,26.084999,13.617624,2594800
2005-02-18,26.035000,26.070000,25.805000,25.870001,13.505378,2428600
2005-02-22,25.750000,25.850000,25.375000,25.375000,13.246961,4865600
2005-02-23,25.375000,25.680000,25.355000,25.680000,13.406193,3464000
2005-02-24,25.674999,25.875000,25.545000,25.875000,13.507984,2524400
2005-02-25,25.799999,26.165001,25.799999,26.020000,13.583682,2888200
2005-02-28,25.934999,26.280001,25.825001,26.184999,13.669823,2231800
2005-03-01,26.184999,26.430000,26.160000,26.415001,13.789895,3115200
2005-03-02,26.299999,26.400000,26.125000,26.165001,13.659380,3260200
2005-03-03,26.170000,26.275000,26.055000,26.170000,13.661997,2216200
2005-03-04,26.235001,26.309999,25.980000,26.150000,13.651553,2267800
2005-03-07,26.174999,26.174999,25.850000,25.924999,13.534095,3831000
2005-03-08,25.955000,25.975000,25.799999,25.850000,13.494940,2576800
2005-03-09,25.850000,25.850000,25.510000,25.570000,13.348763,3445200
2005-03-10,25.725000,25.950001,25.705000,25.885000,13.513209,2781800
2005-03-11,25.825001,26.020000,25.594999,25.655001,13.393138,2481400
2005-03-14,25.680000,25.940001,25.650000,25.940001,13.541926,2886400
2005-03-15,26.080000,26.350000,26.049999,26.205000,13.680263,3862800
2005-03-16,26.080000,26.190001,25.945000,25.975000,13.560195,2769000
2005-03-17,25.975000,25.975000,25.450001,25.500000,13.312222,3434800
2005-03-18,25.500000,25.764999,25.495001,25.764999,13.450562,5471000
2005-03-21,25.830000,25.950001,25.625000,25.760000,13.447949,2338800
2005-03-22,25.549999,25.555000,24.709999,24.709999,12.899804,9504400
2005-03-23,24.750000,25.145000,24.680000,25.075001,13.090345,5273600
2005-03-24,25.070000,25.100000,24.889999,24.924999,13.012045,2935600
2005-03-28,25.000000,25.165001,24.980000,25.004999,13.053813,2287600
2005-03-29,25.004999,25.065001,24.620001,24.660000,12.873703,4788400
2005-03-30,24.730000,24.990000,24.700001,24.730000,12.910247,3204400
2005-03-31,24.639999,24.705000,24.525000,24.575001,12.829331,3784400
2005-04-01,24.594999,24.700001,24.145000,24.325001,12.698812,4310800
2005-04-04,24.240000,24.475000,24.025000,24.395000,12.735355,4647200
2005-04-05,24.395000,24.750000,24.270000,24.665001,12.876315,2880000
2005-04-06,24.700001,24.764999,24.584999,24.754999,12.923296,2868800
2005-04-07,24.600000,24.764999,24.490000,24.719999,13.068678,3039600
2005-04-08,24.650000,24.830000,24.514999,24.615000,13.013165,2939600
2005-04-11,24.705000,24.799999,24.530001,24.690001,13.052816,1761800
2005-04-12,24.690001,24.850000,24.480000,24.780001,13.100408,2385000
2005-04-13,24.825001,24.900000,24.514999,24.535000,12.970876,2584400
2005-04-14,24.545000,24.620001,24.405001,24.434999,12.918007,3710400
2005-04-15,24.410000,24.525000,24.174999,24.174999,12.780557,3352400
2005-04-18,24.280001,24.469999,24.115000,24.275000,12.833425,3176000
2005-04-19,24.350000,24.400000,24.209999,24.250000,12.820201,2886000
2005-04-20,24.250000,24.375000,24.040001,24.080000,12.730329,2150200
2005-04-21,24.250000,24.350000,24.115000,24.260000,12.825492,2157600
2005-04-22,24.275000,24.445000,24.090000,24.280001,12.836062,2713200
2005-04-25,24.400000,24.639999,24.350000,24.514999,12.960307,2137600
2005-04-26,24.500000,24.500000,24.200001,24.225000,12.806987,2561600
2005-04-27,24.225000,24.450001,24.100000,24.420000,12.910076,2233200
2005-04-28,24.355000,24.600000,24.260000,24.525000,12.965591,3560400
2005-04-29,24.535000,24.730000,24.424999,24.700001,13.058107,3817200
2005-05-02,24.760000,24.809999,24.535000,24.639999,13.026385,1832800
2005-05-03,24.639999,25.090000,24.610001,24.975000,13.203492,3576800
2005-05-04,25.010000,25.105000,24.750000,24.840000,13.132120,2921200
2005-05-05,24.865000,25.025000,24.674999,24.825001,13.124190,1491600
2005-05-06,24.975000,24.995001,24.705000,24.725000,13.071322,1362800
2005-05-09,24.760000,24.834999,24.635000,24.780001,13.100408,2438000
2005-05-10,24.780001,24.809999,24.549999,24.620001,13.015810,2074800
2005-05-11,24.690001,24.870001,24.600000,24.799999,13.110970,3207600
2005-05-12,24.840000,24.915001,24.565001,24.605000,13.007885,3139600
2005-05-13,24.674999,24.764999,24.459999,24.469999,12.936511,3314000
2005-05-16,24.565001,24.750000,24.559999,24.700001,13.058107,3579400
2005-05-17,24.725000,24.809999,24.620001,24.715000,13.066037,3369800
2005-05-18,24.740000,24.825001,24.535000,24.584999,12.997308,4315400
2005-05-19,24.584999,24.825001,24.520000,24.725000,13.071322,3541200
2005-05-20,24.735001,24.775000,24.665001,24.719999,13.068678,2401000
2005-05-23,24.775000,24.825001,24.690001,24.764999,13.092468,2103400
2005-05-24,24.690001,24.799999,24.635000,24.705000,13.060749,1994000
2005-05-25,24.709999,24.785000,24.510000,24.665001,13.039604,2326600
2005-05-26,24.725000,24.915001,24.700001,24.879999,13.153265,1806200
2005-05-27,24.855000,24.924999,24.719999,24.840000,13.132120,1132000
2005-05-31,24.895000,24.895000,24.745001,24.750000,13.084533,2673000
2005-06-01,25.025000,25.584999,25.025000,25.285000,13.367374,5020400
2005-06-02,25.315001,25.410000,25.200001,25.334999,13.393806,2541200
2005-06-03,25.260000,25.485001,25.135000,25.295000,13.372663,2053400
2005-06-06,25.375000,25.440001,25.190001,25.424999,13.441388,2207400
2005-06-07,25.500000,25.625000,25.405001,25.525000,13.494258,2344400
2005-06-08,25.650000,25.725000,25.400000,25.424999,13.441388,2509400
2005-06-09,25.500000,25.559999,25.299999,25.559999,13.512756,2755800
2005-06-10,25.555000,25.665001,25.475000,25.639999,13.555049,2594600
2005-06-13,25.629999,25.674999,25.459999,25.510000,13.486326,2326600
2005-06-14,25.600000,25.620001,25.379999,25.430000,13.444032,3260600
2005-06-15,25.475000,25.504999,25.350000,25.500000,13.481039,2106000
2005-06-16,25.500000,25.565001,25.395000,25.480000,13.470469,2369800
2005-06-17,25.525000,25.650000,25.480000,25.625000,13.547120,5141600
2005-06-20,25.625000,25.650000,25.445000,25.500000,13.481039,2014400
2005-06-21,25.500000,25.530001,25.415001,25.514999,13.488976,2522200
2005-06-22,25.565001,25.610001,25.514999,25.535000,13.499542,2592800
2005-06-23,25.535000,25.570000,25.415001,25.500000,13.481039,2719000
2005-06-24,25.520000,25.600000,25.334999,25.344999,13.399096,3699200
2005-06-27,25.370001,25.400000,25.150000,25.200001,13.322442,4554600
2005-06-28,25.200001,25.370001,25.150000,25.305000,13.377947,5106400
2005-06-29,24.424999,24.565001,23.465000,23.605000,12.479214,21812800
2005-06-30,23.459999,23.660000,23.360001,23.395000,12.368195,9767000
2005-07-01,23.480000,23.680000,23.280001,23.355000,12.347044,5528000
2005-07-05,23.360001,23.635000,23.355000,23.549999,12.450131,5235800
2005-07-06,23.555000,23.600000,22.950001,23.020000,12.169941,6387600
2005-07-07,22.775000,23.000000,22.745001,22.934999,12.301349,7098800
2005-07-08,22.920000,23.174999,22.875000,23.100000,12.389851,4577600
2005-07-11,23.139999,23.340000,23.139999,23.330000,12.513211,4869400
2005-07-12,23.280001,23.600000,23.280001,23.590000,12.652667,5159000
2005-07-13,23.590000,23.600000,23.395000,23.480000,12.593665,3668600
2005-07-14,23.605000,23.730000,23.424999,23.445000,12.574888,5870000
2005-07-15,23.445000,23.520000,23.344999,23.415001,12.558800,3029800
2005-07-18,23.365000,23.424999,23.254999,23.254999,12.472984,2753200
2005-07-19,23.299999,23.360001,23.200001,23.254999,12.472984,5129000
2005-07-20,23.254999,23.295000,23.125000,23.145000,12.413985,4400200
2005-07-21,23.160000,23.315001,23.160000,23.260000,12.475665,6015800
2005-07-22,23.245001,23.344999,23.200001,23.330000,12.513211,3094800
2005-07-25,23.330000,23.540001,23.264999,23.445000,12.574888,3499400
2005-07-26,23.450001,23.520000,23.365000,23.424999,12.564165,2894600
2005-07-27,23.485001,23.625000,23.424999,23.459999,12.582940,2201600
2005-07-28,23.520000,23.865000,23.514999,23.770000,12.749211,3119800
2005-07-29,23.805000,23.840000,23.575001,23.700001,12.711666,2713000
2005-08-01,23.775000,23.889999,23.650000,23.655001,12.687524,2579400
2005-08-02,23.725000,23.745001,23.625000,23.674999,12.698253,2239800
2005-08-03,23.625000,23.690001,23.594999,23.620001,12.668755,3000200
2005-08-04,23.620001,23.625000,23.385000,23.455000,12.580253,3424400
2005-08-05,23.389999,23.410000,23.275000,23.355000,12.526617,2191400
2005-08-08,23.360001,23.485001,23.355000,23.430000,12.566850,2309600
2005-08-09,23.490000,23.680000,23.459999,23.650000,12.684843,2865200
2005-08-10,23.700001,23.905001,23.674999,23.735001,12.730432,2089200
2005-08-11,23.775000,23.850000,23.705000,23.830000,12.781389,2496400
2005-08-12,23.750000,23.924999,23.745001,23.850000,12.792117,1439400
2005-08-15,23.889999,23.950001,23.834999,23.855000,12.794801,1930800
2005-08-16,23.860001,23.920000,23.695000,23.709999,12.717028,1672400
2005-08-17,23.690001,23.860001,23.594999,23.780001,12.754571,1967600
2005-08-18,23.735001,23.934999,23.735001,23.865000,12.800162,1970200
2005-08-19,23.959999,23.985001,23.875000,23.915001,12.826983,1921200
2005-08-22,23.985001,24.045000,23.735001,23.920000,12.829661,1508200
2005-08-23,23.920000,23.975000,23.809999,23.809999,12.770661,2251000
2005-08-24,23.625000,23.895000,23.625000,23.760000,12.743848,1968200
2005-08-25,23.495001,23.590000,23.450001,23.514999,12.612435,6267000
2005-08-26,23.510000,23.525000,23.400000,23.450001,12.577576,2643000
2005-08-29,23.334999,23.565001,23.299999,23.520000,12.615121,2277000
2005-08-30,23.469999,23.469999,23.129999,23.200001,12.443485,5686200
2005-08-31,23.200001,23.230000,22.910000,23.059999,12.368395,6709600
2005-09-01,23.025000,23.160000,22.985001,23.040001,12.357668,4570800
2005-09-02,23.049999,23.184999,22.955000,23.075001,12.376441,2075200
2005-09-06,23.190001,23.270000,23.139999,23.230000,12.459576,2624000
2005-09-07,23.184999,23.285000,23.094999,23.275000,12.483710,2026400
2005-09-08,23.190001,23.205000,22.980000,23.070000,12.373756,2939600
2005-09-09,23.100000,23.360001,23.100000,23.305000,12.499800,2092600
2005-09-12,23.260000,23.525000,23.260000,23.525000,12.617805,4582600
2005-09-13,23.535000,23.549999,23.379999,23.410000,12.556117,4569400
2005-09-14,23.450001,23.455000,23.145000,23.155001,12.419350,2796200
2005-09-15,23.160000,23.200001,22.965000,23.004999,12.338899,4821200
2005-09-16,23.100000,23.250000,23.004999,23.184999,12.435436,3295200
2005-09-19,23.094999,23.170000,22.834999,22.865000,12.263807,2627400
2005-09-20,22.900000,22.980000,22.525000,22.600000,12.121670,3330000
2005-09-21,22.549999,22.555000,22.334999,22.340000,11.982217,4954200
2005-09-22,22.549999,23.120001,22.549999,23.094999,12.387167,9127800
2005-09-23,23.065001,23.225000,22.959999,23.004999,12.338899,3003200
2005-09-26,23.055000,23.115000,22.665001,22.940001,12.304032,4206600
2005-09-27,23.040001,23.315001,22.950001,23.240000,12.464940,3491200
2005-09-28,23.395000,23.535000,23.285000,23.450001,12.577576,3476200
2005-09-29,23.535000,23.750000,23.379999,23.719999,12.722388,2975400
2005-09-30,23.764999,24.125000,23.740000,24.100000,12.926208,4003800
2005-10-03,24.100000,24.165001,23.975000,24.059999,12.904751,3272400
2005-10-04,24.059999,24.205000,24.000000,24.020000,12.883301,3302600
2005-10-05,23.840000,24.059999,23.785000,23.930000,13.013820,4893200
2005-10-06,24.025000,24.170000,23.959999,24.139999,13.128021,5829400
2005-10-07,24.125000,24.174999,23.915001,24.014999,13.060046,3767600
2005-10-10,23.975000,24.035000,23.790001,23.879999,12.986623,2129200
2005-10-11,23.879999,24.150000,23.875000,23.930000,13.013820,3334400
2005-10-12,23.860001,24.155001,23.855000,23.969999,13.035570,2430800
2005-10-13,23.855000,24.075001,23.820000,23.930000,13.013820,4481800
2005-10-14,23.950001,24.500000,23.915001,24.490000,13.318361,5737000
2005-10-17,24.490000,24.615000,24.325001,24.535000,13.342834,3692800
2005-10-18,24.625000,24.690001,24.514999,24.514999,13.331958,3125800
2005-10-19,24.495001,24.549999,24.155001,24.504999,13.326521,3347400
2005-10-20,24.510000,24.600000,24.165001,24.195000,13.157931,2702200
2005-10-21,24.264999,24.270000,23.860001,24.145000,13.130733,3883600
2005-10-24,24.160000,24.379999,24.105000,24.370001,13.253108,3442000
2005-10-25,24.370001,24.459999,24.150000,24.285000,13.206879,2326600
2005-10-26,24.250000,24.580000,24.200001,24.375000,13.255822,3255000
2005-10-27,24.325001,24.350000,24.080000,24.200001,13.160654,3370200
2005-10-28,24.275000,24.375000,24.180000,24.375000,13.255822,4936000
2005-10-31,24.450001,24.450001,24.014999,24.129999,13.122578,5329400
2005-11-01,24.230000,24.459999,24.174999,24.365000,13.250381,4358400
2005-11-02,24.299999,24.400000,24.155001,24.215000,13.168809,2949800
2005-11-03,24.195000,24.490000,23.940001,23.980000,13.041009,2964600
2005-11-04,23.980000,24.000000,23.584999,23.820000,12.953998,4472400
2005-11-07,23.975000,24.049999,23.770000,23.825001,12.956717,2701800
2005-11-08,23.775000,23.844999,23.650000,23.764999,12.924082,2651600
2005-11-09,23.785000,23.980000,23.625000,23.910000,13.002943,2535400
2005-11-10,23.915001,24.170000,23.809999,24.125000,13.119865,3559600
2005-11-11,24.075001,24.084999,23.959999,24.040001,13.073639,1598600
2005-11-14,23.975000,24.030001,23.910000,24.010000,13.057326,2296400
2005-11-15,24.010000,24.025000,23.905001,23.980000,13.041009,1906400
2005-11-16,23.985001,24.000000,23.860001,23.920000,13.008372,1967400
2005-11-17,23.924999,23.924999,23.670000,23.820000,12.953998,4889000
2005-11-18,23.975000,23.975000,23.820000,23.870001,12.981186,2559600
2005-11-21,23.815001,23.950001,23.730000,23.850000,12.970313,2691400
2005-11-22,23.850000,24.049999,23.809999,23.975000,13.038290,3571200
2005-11-23,23.975000,24.100000,23.924999,24.059999,13.084512,1654800
2005-11-25,24.075001,24.129999,24.020000,24.049999,13.079080,635600
2005-11-28,24.000000,24.055000,23.879999,24.010000,13.057326,2908600
2005-11-29,24.075001,24.250000,24.075001,24.100000,13.106266,3679600
2005-11-30,24.174999,24.174999,23.750000,23.764999,12.924082,2270600
2005-12-01,23.875000,24.305000,23.834999,24.260000,13.193278,2850200
2005-12-02,24.129999,24.190001,24.004999,24.139999,13.128021,1767000
2005-12-05,24.139999,24.225000,24.014999,24.059999,13.084512,2671600
2005-12-06,24.105000,24.245001,24.035000,24.035000,13.070915,2573600
2005-12-07,24.100000,24.290001,24.055000,24.139999,13.128021,3536800
2005-12-08,24.120001,24.170000,23.950001,24.055000,13.081796,1776000
2005-12-09,24.174999,24.275000,23.990000,24.075001,13.092671,1630600
2005-12-12,24.129999,24.745001,24.059999,24.600000,13.378182,5893400
2005-12-13,24.549999,25.049999,24.500000,24.920000,13.552211,7612800
2005-12-14,24.924999,25.245001,24.924999,25.014999,13.603873,3838400
2005-12-15,25.004999,25.070000,24.770000,24.770000,13.470633,4374800
2005-12-16,24.924999,24.995001,24.684999,24.875000,13.527735,5606400
2005-12-19,24.900000,25.000000,24.690001,24.750000,13.459754,2323200
2005-12-20,24.815001,24.844999,24.594999,24.665001,13.413532,1933800
2005-12-21,24.665001,24.840000,24.580000,24.674999,13.418967,1701600
2005-12-22,24.875000,25.084999,24.805000,25.049999,13.622906,6542000
2005-12-23,24.995001,24.995001,24.770000,24.830000,13.503263,3039000
2005-12-27,24.834999,25.020000,24.815001,24.875000,13.527735,3665800
2005-12-28,24.975000,25.000000,24.809999,24.940001,13.563081,2309400
2005-12-29,24.900000,24.975000,24.840000,24.955000,13.571239,1976400
2005-12-30,24.900000,24.900000,24.660000,24.660000,13.410805,2266600
2006-01-03,24.760000,24.795000,24.555000,24.790001,13.481511,3859400
2006-01-04,24.875000,25.014999,24.764999,24.995001,13.592997,3785200
2006-01-05,25.000000,25.049999,24.719999,24.860001,13.519577,2844400
2006-01-06,24.799999,24.955000,24.740000,24.865000,13.709802,3911200
2006-01-09,24.889999,24.959999,24.799999,24.870001,13.712554,3216200
2006-01-10,24.855000,24.934999,24.754999,24.930000,13.745639,1812200
2006-01-11,24.975000,25.139999,24.975000,25.094999,13.836616,4580000
2006-01-12,25.049999,25.080000,24.924999,24.985001,13.775961,2309800
2006-01-13,25.030001,25.049999,24.889999,24.980000,13.773204,2577200
2006-01-17,24.950001,25.030001,24.719999,24.750000,13.646395,4380000
2006-01-18,24.750000,25.010000,24.750000,24.950001,13.756666,2432200
2006-01-19,25.040001,25.040001,24.830000,24.924999,13.742879,3017400
2006-01-20,24.950001,24.959999,24.590000,24.615000,13.571958,3309000
2006-01-23,24.715000,24.870001,24.400000,24.434999,13.472711,2906400
2006-01-24,24.434999,24.545000,24.275000,24.379999,13.442388,1835800
2006-01-25,24.400000,24.495001,24.275000,24.320000,13.409305,3327000
2006-01-26,24.745001,24.745001,24.059999,24.129999,13.304545,2885200
2006-01-27,24.090000,24.455000,24.014999,24.379999,13.442388,2095400
2006-01-30,24.424999,24.480000,24.290001,24.415001,13.461680,1649600
2006-01-31,24.375000,24.440001,24.190001,24.305000,13.401036,2920800
2006-02-01,24.299999,24.570000,24.275000,24.365000,13.434117,2642600
2006-02-02,24.424999,24.495001,24.190001,24.200001,13.343142,2379200
2006-02-03,24.200001,24.225000,23.705000,23.780001,13.111565,3639200
2006-02-06,23.900000,24.025000,23.745001,23.750000,13.095024,4720800
2006-02-07,23.764999,23.924999,23.750000,23.750000,13.095024,3133600
2006-02-08,23.740000,23.764999,23.575001,23.620001,13.023343,4419400
2006-02-09,23.695000,23.695000,23.525000,23.625000,13.026105,5261000
2006-02-10,23.570000,23.825001,23.570000,23.754999,13.097777,5873200
2006-02-13,23.840000,23.879999,23.680000,23.825001,13.136374,3632200
2006-02-14,23.799999,23.865000,23.750000,23.825001,13.136374,5007200
2006-02-15,23.834999,24.080000,23.805000,23.990000,13.227351,2773600
2006-02-16,24.000000,24.290001,23.905001,24.290001,13.392763,4076000
2006-02-17,24.320000,24.575001,24.160000,24.469999,13.492012,4157000
2006-02-21,24.495001,24.594999,24.375000,24.430000,13.469951,3318200
2006-02-22,24.500000,24.639999,24.344999,24.400000,13.453413,4603800
2006-02-23,24.450001,24.684999,24.379999,24.559999,13.541632,2995800
2006-02-24,24.565001,24.875000,24.514999,24.825001,13.687741,2291400
2006-02-27,24.730000,24.840000,24.559999,24.735001,13.638124,2982000
2006-02-28,24.625000,24.705000,24.555000,24.625000,13.577468,3107600
2006-03-01,24.600000,24.645000,24.469999,24.510000,13.514064,3702800
2006-03-02,24.500000,24.650000,24.424999,24.590000,13.558168,2381400
2006-03-03,24.500000,24.600000,24.389999,24.415001,13.461680,2077400
2006-03-06,24.325001,24.514999,24.299999,24.370001,13.436870,1970600
2006-03-07,24.325001,24.520000,24.295000,24.405001,13.456169,2834200
2006-03-08,24.365000,24.514999,24.299999,24.480000,13.497522,3081200
2006-03-09,24.424999,24.495001,24.340000,24.410000,13.458932,2930600
2006-03-10,24.385000,24.525000,24.355000,24.424999,13.467201,1908800
2006-03-13,24.450001,24.545000,24.365000,24.375000,13.439624,3203600
2006-03-14,24.334999,24.514999,24.254999,24.459999,13.486494,2637200
2006-03-15,24.434999,24.600000,24.424999,24.530001,13.525089,3103600
2006-03-16,24.600000,24.660000,24.434999,24.490000,13.503038,2631600
2006-03-17,24.590000,24.684999,24.500000,24.665001,13.599527,3272400
2006-03-20,24.700001,24.750000,24.504999,24.674999,13.605038,1862800
2006-03-21,24.549999,24.610001,24.299999,24.605000,13.566443,3555000
2006-03-22,24.575001,24.995001,24.525000,24.990000,13.778725,3693400
2006-03-23,25.000000,25.225000,24.889999,25.115000,13.847646,5214000
2006-03-24,25.115000,25.365000,25.065001,25.325001,13.963436,4437600
2006-03-27,25.250000,25.344999,24.955000,25.285000,13.941370,6249200
2006-03-28,25.330000,25.400000,25.240000,25.270000,13.933107,3477200
2006-03-29,25.270000,25.485001,25.270000,25.424999,14.018564,2999200
2006-03-30,25.365000,25.415001,25.230000,25.305000,13.952402,2809400
2006-03-31,25.299999,25.430000,25.205000,25.340000,13.971701,3268200
2006-04-03,25.379999,25.525000,25.355000,25.450001,14.032350,4249600
2006-04-04,25.400000,25.415001,25.205000,25.330000,13.966190,3458400
2006-04-05,25.330000,25.475000,25.299999,25.379999,13.993752,2392600
2006-04-06,25.205000,25.305000,25.065001,25.125000,14.041265,3036800
2006-04-07,25.049999,25.240000,24.934999,25.040001,13.993753,2064800
2006-04-10,25.040001,25.105000,24.905001,25.049999,13.999347,1524200
2006-04-11,25.020000,25.155001,24.580000,24.645000,13.773005,2728400
2006-04-12,24.705000,24.930000,24.665001,24.665001,13.784185,2181000
2006-04-13,24.600000,24.600000,24.320000,24.320000,13.591380,2486800
2006-04-17,24.350000,24.655001,24.299999,24.459999,13.669618,2118000
2006-04-18,24.549999,24.590000,24.410000,24.480000,13.680796,3581200
2006-04-19,24.500000,24.615000,24.480000,24.525000,13.705938,2769200
2006-04-20,24.594999,24.709999,24.510000,24.525000,13.705938,2832800
2006-04-21,24.530001,24.600000,24.400000,24.475000,13.677999,2591400
2006-04-24,24.434999,24.459999,24.280001,24.365000,13.616529,3714200
2006-04-25,24.395000,24.680000,24.299999,24.559999,13.725503,3275400
2006-04-26,24.650000,24.719999,24.395000,24.475000,13.677999,2940800
2006-04-27,24.400000,24.695000,24.365000,24.620001,13.759036,3238800
2006-04-28,24.674999,24.775000,24.540001,24.670000,13.786983,5726800
2006-05-01,24.650000,25.100000,24.645000,25.000000,13.971399,3708200
2006-05-02,25.075001,25.150000,24.840000,24.905001,13.918310,3264600
2006-05-03,24.860001,24.940001,24.764999,24.790001,13.854042,2750600
2006-05-04,24.780001,24.915001,24.750000,24.795000,13.856833,2640400
2006-05-05,24.865000,24.945000,24.760000,24.844999,13.884781,3335200
2006-05-08,24.844999,25.115000,24.805000,25.000000,13.971399,2966400
2006-05-09,24.980000,25.100000,24.860001,24.955000,13.946257,1785200
2006-05-10,24.924999,25.000000,24.799999,24.900000,13.915513,2181800
2006-05-11,24.875000,24.900000,24.480000,24.500000,13.691970,3384200
2006-05-12,24.530001,24.695000,24.430000,24.485001,13.683590,3314000
2006-05-15,24.500000,24.900000,24.410000,24.895000,13.912723,2625000
2006-05-16,24.900000,24.955000,24.730000,24.844999,13.884781,2831600
2006-05-17,24.750000,25.020000,24.684999,24.825001,13.873598,3299800
2006-05-18,24.795000,25.000000,24.660000,24.809999,13.865219,2869600
2006-05-19,24.885000,24.969999,24.680000,24.775000,13.845655,2846600
2006-05-22,24.700001,25.049999,24.600000,24.879999,13.904338,2702600
2006-05-23,24.879999,25.160000,24.875000,25.115000,14.035672,8011600
2006-05-24,25.115000,25.375000,25.049999,25.305000,14.141851,7938800
2006-05-25,25.385000,26.059999,25.315001,26.045000,14.555407,8532800
2006-05-26,25.950001,26.080000,25.775000,25.895000,14.471580,3826000
2006-05-30,25.790001,26.004999,25.754999,25.855000,14.449221,3237800
2006-05-31,25.815001,25.975000,25.770000,25.945000,14.499522,3005400
2006-06-01,25.885000,26.004999,25.760000,25.905001,14.477166,2585600
2006-06-02,25.870001,26.145000,25.799999,25.950001,14.502316,3520400
2006-06-05,25.600000,25.950001,25.480000,25.635000,14.326271,3009800
2006-06-06,25.719999,25.924999,25.570000,25.844999,14.443635,2391400
2006-06-07,25.834999,25.905001,25.695000,25.770000,14.401723,2445200
2006-06-08,25.770000,25.815001,25.334999,25.770000,14.401723,3738000
2006-06-09,25.719999,25.754999,25.495001,25.600000,14.306720,2452800
2006-06-12,25.670000,25.780001,25.535000,25.535000,14.270384,2322000
2006-06-13,25.570000,25.670000,25.270000,25.389999,14.189354,4379800
2006-06-14,25.424999,25.840000,25.415001,25.730000,14.379363,4568000
2006-06-15,25.495001,25.500000,24.910000,25.415001,14.203331,7565600
2006-06-16,25.469999,25.650000,25.155001,25.219999,14.094350,5462600
2006-06-19,25.299999,25.480000,24.635000,24.725000,13.817716,7574600
2006-06-20,24.799999,25.014999,24.655001,24.975000,13.957432,5912400
2006-06-21,24.975000,25.309999,24.950001,25.205000,14.085964,3146000
2006-06-22,25.549999,25.770000,25.450001,25.655001,14.337448,5327000
2006-06-23,25.559999,25.750000,25.395000,25.555000,14.281563,2961800
2006-06-26,25.555000,25.750000,25.510000,25.750000,14.390545,1990600
2006-06-27,25.700001,25.790001,25.475000,25.495001,14.248034,4043200
2006-06-28,25.500000,25.745001,25.455000,25.730000,14.379363,5603000
2006-06-29,25.650000,25.895000,25.334999,25.875000,14.460402,7751200
2006-06-30,25.945000,26.575001,25.830000,25.830000,14.435248,8880000
2006-07-03,25.875000,26.075001,25.834999,25.934999,14.493926,2044000
2006-07-05,25.940001,26.020000,25.764999,25.975000,14.516282,5610800
2006-07-06,25.820000,26.010000,25.490000,25.510000,14.451137,6344000
2006-07-07,25.600000,26.070000,25.385000,25.985001,14.720221,6006200
2006-07-10,25.969999,26.424999,25.879999,26.309999,14.904332,4981400
2006-07-11,26.275000,26.420000,26.045000,26.395000,14.952479,4225400
2006-07-12,26.375000,26.504999,26.125000,26.180000,14.830687,4893600
2006-07-13,25.995001,26.254999,25.995001,26.115000,14.793864,5466400
2006-07-14,26.075001,26.180000,25.924999,25.955000,14.703226,3028200
2006-07-17,25.969999,26.235001,25.959999,26.065001,14.765541,2404600
2006-07-18,26.065001,26.254999,25.955000,26.200001,14.842019,3916200
2006-07-19,26.309999,26.480000,26.100000,26.330000,14.915660,4120800
2006-07-20,26.275000,26.415001,26.145000,26.200001,14.842019,3377000
2006-07-21,26.309999,26.309999,25.805000,25.834999,14.635251,4663600
2006-07-24,25.875000,25.934999,25.680000,25.825001,14.629583,4552000
2006-07-25,25.775000,26.165001,25.670000,26.094999,14.782527,6603200
2006-07-26,26.110001,26.290001,26.010000,26.155001,14.816523,2989000
2006-07-27,26.160000,26.315001,25.969999,26.004999,14.731546,6760400
2006-07-28,26.100000,26.225000,25.995001,26.165001,14.822191,2536000
2006-07-31,26.125000,26.230000,25.900000,25.950001,14.700395,2135800
2006-08-01,25.924999,26.070000,25.799999,26.000000,14.728717,3163800
2006-08-02,26.000000,26.174999,25.924999,25.975000,14.714554,3321400
2006-08-03,25.975000,26.070000,25.889999,26.000000,14.728717,1613600
2006-08-04,26.040001,26.209999,25.995001,26.184999,14.833515,2782400
2006-08-07,26.235001,26.250000,25.915001,25.959999,14.706055,2432000
2006-08-08,26.055000,26.600000,26.020000,26.575001,15.054453,4074400
2006-08-09,26.575001,26.790001,26.500000,26.530001,15.028962,3983800
2006-08-10,26.459999,26.825001,26.440001,26.584999,15.060118,3540600
2006-08-11,26.510000,26.730000,26.475000,26.600000,15.068608,2098200
2006-08-14,26.549999,26.840000,26.549999,26.674999,15.111103,2871000
2006-08-15,26.795000,26.860001,26.575001,26.770000,15.164913,2749200
2006-08-16,26.785000,26.950001,26.620001,26.900000,15.238557,2311400
2006-08-17,26.850000,26.875000,26.485001,26.520000,15.023294,3500400
2006-08-18,26.555000,26.700001,26.365000,26.665001,15.105437,2970400
2006-08-21,26.600000,26.700001,26.485001,26.615000,15.077108,2616200
2006-08-22,26.504999,26.680000,26.430000,26.575001,15.054453,3138000
2006-08-23,26.629999,26.770000,26.555000,26.635000,15.088443,1908200
2006-08-24,26.674999,26.860001,26.530001,26.770000,15.164913,3162200
2006-08-25,26.754999,27.105000,26.745001,27.055000,15.326361,2538000
2006-08-28,27.014999,27.120001,26.920000,27.059999,15.329200,2270400
2006-08-29,26.990000,27.215000,26.905001,26.940001,15.261223,3865000
2006-08-30,27.100000,27.235001,27.025000,27.139999,15.374516,2259400
2006-08-31,27.125000,27.200001,27.020000,27.115000,15.360350,2041200
2006-09-01,27.125000,27.250000,27.125000,27.180000,15.397175,1090200
2006-09-05,27.180000,27.264999,27.100000,27.160000,15.385845,1512000
2006-09-06,27.070000,27.275000,26.995001,27.225000,15.422668,2262200
2006-09-07,27.165001,27.165001,26.879999,26.879999,15.227224,3197400
2006-09-08,26.635000,26.799999,26.475000,26.590000,15.062952,5310600
2006-09-11,26.424999,26.510000,26.280001,26.485001,15.003467,4620200
2006-09-12,26.334999,26.520000,26.080000,26.405001,14.958148,3866600
2006-09-13,26.365000,26.465000,26.225000,26.254999,14.873171,4525800
2006-09-14,26.200001,26.275000,26.065001,26.080000,14.774037,4154000
2006-09-15,26.040001,26.504999,25.750000,26.480000,15.000629,5656600
2006-09-18,26.309999,26.545000,26.299999,26.350000,14.926990,3473600
2006-09-19,26.450001,26.450001,26.200001,26.344999,14.924163,3806400
2006-09-20,26.344999,26.594999,26.320000,26.510000,15.017625,2437000
2006-09-21,27.395000,27.790001,26.940001,27.375000,15.507641,8600800
2006-09-22,27.275000,27.639999,27.245001,27.620001,15.646433,3735600
2006-09-25,27.620001,27.695000,27.415001,27.540001,15.601112,4869200
2006-09-26,27.540001,27.834999,27.440001,27.815001,15.756899,4049000
2006-09-27,27.750000,28.139999,27.700001,28.139999,15.941007,5097400
2006-09-28,28.125000,28.500000,28.010000,28.389999,16.082624,6182800
2006-09-29,28.475000,28.495001,28.290001,28.299999,16.031643,4249800
2006-10-02,28.365000,28.365000,28.090000,28.209999,15.980659,3891800
2006-10-03,28.260000,28.299999,27.870001,27.870001,15.788054,4364000
2006-10-04,28.075001,28.190001,28.010000,28.045000,15.887189,3877200
2006-10-05,27.965000,28.084999,27.920000,28.014999,16.070757,2445800
2006-10-06,27.995001,28.110001,27.740000,27.775000,15.933081,3368000
2006-10-09,27.750000,28.025000,27.750000,27.865000,15.984708,2909400
2006-10-10,27.870001,27.995001,27.674999,27.879999,15.993315,3580400
2006-10-11,27.775000,27.905001,27.540001,27.705000,15.892929,3433200
2006-10-12,27.705000,27.719999,27.555000,27.629999,15.849904,3851800
2006-10-13,27.635000,27.650000,27.350000,27.525000,15.789667,3732600
2006-10-16,27.475000,27.670000,27.389999,27.660000,15.867108,2270400
2006-10-17,27.575001,27.910000,27.565001,27.910000,16.010521,3583600
2006-10-18,27.950001,28.285000,27.895000,28.004999,16.065025,3455400
2006-10-19,27.850000,28.000000,27.799999,27.945000,16.030600,2353600
2006-10-20,28.110001,28.170000,27.825001,27.895000,16.001921,3004600
2006-10-23,27.895000,28.225000,27.865000,28.215000,16.185486,2458200
2006-10-24,28.215000,28.215000,27.934999,28.125000,16.133860,2818000
2006-10-25,28.174999,28.260000,28.059999,28.230000,16.194086,2845000
2006-10-26,28.174999,28.235001,28.004999,28.209999,16.182619,3045400
2006-10-27,28.150000,28.415001,28.150000,28.325001,16.248590,2832600
2006-10-30,28.330000,28.415001,28.184999,28.200001,16.176882,1846200
2006-10-31,28.290001,28.455000,28.190001,28.410000,16.297342,3463600
2006-11-01,28.475000,28.475000,28.084999,28.325001,16.248590,2716000
2006-11-02,28.330000,28.375000,27.895000,27.990000,16.056414,3208000
2006-11-03,28.040001,28.055000,27.879999,27.950001,16.033470,3994000
2006-11-06,28.000000,28.059999,27.934999,28.049999,16.090834,4253600
2006-11-07,28.139999,28.170000,27.985001,28.014999,16.070757,2620400
2006-11-08,28.014999,28.135000,27.955000,28.110001,16.125252,2934200
2006-11-09,28.180000,28.325001,28.065001,28.129999,16.136726,2654800
2006-11-10,28.230000,28.230000,27.674999,27.680000,15.878582,3039800
2006-11-13,27.665001,27.905001,27.665001,27.790001,15.941682,3302800
2006-11-14,27.795000,28.094999,27.770000,28.035000,16.082224,4425000
2006-11-15,28.129999,28.325001,27.940001,27.955000,16.036331,3769000
2006-11-16,28.075001,28.105000,27.799999,27.885000,15.996179,3754200
2006-11-17,27.870001,28.254999,27.799999,28.254999,16.208429,5003600
2006-11-20,28.190001,28.510000,28.160000,28.434999,16.311686,3982000
2006-11-21,28.559999,28.625000,28.410000,28.490000,16.343243,2037800
2006-11-22,28.440001,28.500000,28.315001,28.389999,16.285873,1415000
2006-11-24,28.395000,28.445000,28.285000,28.325001,16.248590,703800
2006-11-27,28.275000,28.299999,27.850000,27.980000,16.050678,2966400
2006-11-28,27.980000,28.070000,27.834999,28.040001,16.085100,2327200
2006-11-29,28.000000,28.139999,27.834999,28.000000,16.062157,2367400
2006-11-30,27.985001,28.049999,27.754999,27.975000,16.047813,3308400
2006-12-01,28.100000,28.174999,27.895000,28.000000,16.062157,2772600
2006-12-04,28.070000,28.305000,27.985001,28.250000,16.205566,2079800
2006-12-05,28.375000,28.655001,28.299999,28.610001,16.412079,2934800
2006-12-06,28.655001,28.725000,28.510000,28.580000,16.394865,2544400
2006-12-07,28.580000,28.750000,28.424999,28.430000,16.308819,2216800
2006-12-08,28.495001,28.745001,28.485001,28.660000,16.440754,2326400
2006-12-11,28.650000,28.770000,28.520000,28.580000,16.394865,2690400
2006-12-12,28.580000,28.745001,28.500000,28.684999,16.455095,2968200
2006-12-13,28.785000,28.889999,28.735001,28.840000,16.544018,2365600
2006-12-14,28.875000,28.980000,28.725000,28.764999,16.500990,1441400
2006-12-15,28.750000,28.825001,28.500000,28.825001,16.535406,5014000
2006-12-18,28.915001,29.025000,28.805000,29.025000,16.650139,3648000
2006-12-19,28.850000,29.145000,28.764999,29.139999,16.716108,2711800
2006-12-20,29.075001,29.195000,28.945000,28.995001,16.632929,3624800
2006-12-21,29.350000,29.615000,29.195000,29.475000,16.908283,4188000
2006-12-22,29.230000,29.410000,29.100000,29.270000,16.790682,2767800
2006-12-26,29.270000,29.379999,29.200001,29.285000,16.799288,1852400
2006-12-27,29.290001,29.389999,28.965000,29.045000,16.661615,2294200
2006-12-28,29.045000,29.150000,28.905001,28.975000,16.621460,1927200
2006-12-29,29.025000,29.055000,28.764999,28.799999,16.521069,1849600
2007-01-03,28.695000,28.990000,28.565001,28.715000,16.472311,3416000
2007-01-04,28.715000,28.790001,28.520000,28.695000,16.460835,2771800
2007-01-05,28.650000,28.680000,28.455000,28.485001,16.340372,2819200
2007-01-08,28.450001,28.639999,28.330000,28.615000,16.630972,2969600
2007-01-09,28.620001,28.709999,28.275000,28.280001,16.436272,4600600
2007-01-10,28.230000,28.450001,28.105000,28.379999,16.494383,3635400
2007-01-11,28.360001,28.764999,28.315001,28.655001,16.654221,3666400
2007-01-12,28.680000,28.725000,28.415001,28.450001,16.535074,3151200
2007-01-16,28.400000,28.440001,28.055000,28.290001,16.442083,3213600
2007-01-17,28.440001,28.440001,28.200001,28.299999,16.447891,2459800
2007-01-18,28.695000,28.695000,28.040001,28.254999,16.421738,3502000
2007-01-19,28.250000,28.365000,28.160000,28.325001,16.462425,2502800
2007-01-22,28.254999,28.555000,28.200001,28.395000,16.503107,3239800
2007-01-23,28.315001,28.395000,28.135000,28.305000,16.450802,3750400
2007-01-24,28.305000,28.405001,28.145000,28.264999,16.427549,3347800
2007-01-25,28.475000,28.514999,28.350000,28.389999,16.500200,3067200
2007-01-26,28.379999,28.485001,28.184999,28.275000,16.433365,1770200
2007-01-29,28.325001,28.584999,28.155001,28.385000,16.497297,3001400
2007-01-30,28.645000,28.760000,28.405001,28.635000,16.642593,3215400
2007-01-31,28.545000,28.690001,28.450001,28.620001,16.633877,2387800
2007-02-01,28.610001,28.725000,28.450001,28.725000,16.694904,3062400
2007-02-02,28.740000,28.764999,28.535000,28.655001,16.654221,1766200
2007-02-05,28.580000,28.655001,28.434999,28.580000,16.610626,2135400
2007-02-06,28.570000,28.660000,28.485001,28.600000,16.622252,2447800
2007-02-07,28.535000,28.650000,28.320000,28.370001,16.488581,3610800
2007-02-08,28.370001,28.434999,28.139999,28.389999,16.500200,3712600
2007-02-09,28.395000,28.525000,28.315001,28.514999,16.572849,2219200
2007-02-12,28.520000,28.735001,28.405001,28.465000,16.543791,1813000
2007-02-13,28.440001,28.785000,28.440001,28.620001,16.633877,1990800
2007-02-14,28.670000,28.754999,28.590000,28.660000,16.657122,2713000
2007-02-15,28.600000,28.799999,28.525000,28.754999,16.712339,2070200
2007-02-16,28.754999,29.049999,28.715000,29.045000,16.880884,3303000
2007-02-20,28.965000,29.125000,28.750000,28.959999,16.831484,3055400
2007-02-21,28.895000,29.020000,28.725000,28.750000,16.709433,2713400
2007-02-22,28.690001,28.900000,28.665001,28.865000,16.776270,3845200
2007-02-23,28.809999,28.865000,28.424999,28.590000,16.616444,3349600
2007-02-26,28.665001,28.934999,28.629999,28.900000,16.796616,2210600
2007-02-27,28.905001,29.165001,27.285000,28.315001,16.456606,5669600
2007-02-28,28.325001,28.600000,28.090000,28.160000,16.366524,5487400
2007-03-01,28.100000,28.215000,27.860001,28.059999,16.308399,4067400
2007-03-02,27.955000,28.165001,27.750000,27.750000,16.128235,2125000
2007-03-05,27.680000,28.100000,27.575001,27.920000,16.227039,3390000
2007-03-06,28.020000,28.045000,27.844999,27.965000,16.253187,3217000
2007-03-07,27.865000,27.930000,27.445000,27.450001,15.953874,5047200
2007-03-08,27.645000,27.775000,27.540001,27.580000,16.029434,3425400
2007-03-09,27.594999,27.735001,27.530001,27.600000,16.041054,3091400
2007-03-12,27.600000,28.115000,27.600000,28.055000,16.305500,4908400
2007-03-13,27.940001,28.000000,27.510000,27.520000,15.994558,3008400
2007-03-14,27.520000,27.740000,27.355000,27.660000,16.075922,3589800
2007-03-15,27.690001,28.120001,27.674999,28.094999,16.328745,5088400
2007-03-16,28.094999,28.165001,27.985001,28.040001,16.296782,4575000
2007-03-19,28.170000,28.245001,28.049999,28.235001,16.410116,2130600
2007-03-20,28.184999,28.695000,28.170000,28.684999,16.671650,3981000
2007-03-21,28.820000,28.959999,28.575001,28.940001,16.819859,3349400
2007-03-22,29.174999,29.445000,29.000000,29.160000,16.947720,5721000
2007-03-23,29.250000,29.360001,28.975000,29.094999,16.909939,3651000
2007-03-26,29.035000,29.059999,28.730000,28.930000,16.814043,3253200
2007-03-27,28.805000,28.850000,28.580000,28.680000,16.668749,3185000
2007-03-28,28.705000,28.879999,28.610001,28.809999,16.744308,3454800
2007-03-29,28.934999,29.000000,28.740000,28.959999,16.831484,3675200
2007-03-30,29.049999,29.245001,28.645000,29.110001,16.918663,4057600
2007-04-02,29.000000,29.170000,28.754999,28.975000,16.840202,5201000
2007-04-03,29.055000,29.250000,28.980000,29.215000,16.979687,3773400
2007-04-04,29.250000,29.520000,29.160000,29.485001,17.136616,5267200
2007-04-05,29.285000,29.420000,29.190001,29.375000,17.289642,3202400
2007-04-09,29.375000,29.424999,29.200001,29.275000,17.230782,1769800
2007-04-10,29.209999,29.475000,29.170000,29.430000,17.322010,3909600
2007-04-11,29.430000,29.495001,29.295000,29.344999,17.271990,4839000
2007-04-12,29.275000,29.299999,29.115000,29.250000,17.216068,4206000
2007-04-13,29.200001,29.315001,29.155001,29.240000,17.210182,3334600
2007-04-16,29.285000,29.375000,29.250000,29.299999,17.245501,3450400
2007-04-17,29.299999,29.655001,29.245001,29.594999,17.419132,6314000
2007-04-18,29.514999,29.620001,29.434999,29.450001,17.333790,4576800
2007-04-19,29.805000,29.805000,29.355000,29.485001,17.354387,5188800
2007-04-20,29.700001,29.700001,29.500000,29.559999,17.398533,5434200
2007-04-23,29.525000,29.895000,29.525000,29.780001,17.528021,5617800
2007-04-24,29.370001,29.920000,29.370001,29.754999,17.513302,4578000
2007-04-25,29.885000,30.000000,29.809999,29.950001,17.628078,6656800
2007-04-26,29.855000,30.040001,29.820000,30.004999,17.660454,6597600
2007-04-27,29.645000,30.115000,29.645000,30.040001,17.681057,5243000
2007-04-30,30.129999,30.240000,29.910000,29.950001,17.628078,6295400
2007-05-01,30.025000,30.059999,29.834999,30.049999,17.686939,4813000
2007-05-02,30.100000,30.160000,29.920000,29.934999,17.619247,5126200
2007-05-03,29.940001,30.014999,29.684999,29.709999,17.486818,4161600
2007-05-04,29.840000,29.875000,29.610001,29.730000,17.498585,3345000
2007-05-07,29.855000,29.924999,29.790001,29.860001,17.575102,3033800
2007-05-08,29.674999,29.945000,29.639999,29.865000,17.578045,2911400
2007-05-09,29.750000,30.000000,29.705000,29.910000,17.604532,2464600
2007-05-10,29.850000,29.920000,29.705000,29.860001,17.575102,3414600
2007-05-11,29.770000,29.915001,29.750000,29.830000,17.557453,4027800
2007-05-14,29.790001,30.190001,29.754999,29.975000,17.642794,3356000
2007-05-15,30.000000,30.295000,29.945000,30.174999,17.760502,3417000
2007-05-16,30.344999,30.370001,30.129999,30.370001,17.875288,3025800
2007-05-17,30.250000,30.315001,30.139999,30.150000,17.745794,3495800
2007-05-18,30.250000,30.500000,30.225000,30.485001,17.942968,2836200
2007-05-21,30.389999,30.485001,30.299999,30.424999,17.907656,2303600
2007-05-22,30.469999,30.500000,30.325001,30.450001,17.922363,2328000
2007-05-23,30.350000,30.555000,29.995001,30.080000,17.704592,4149400
2007-05-24,30.129999,30.305000,30.040001,30.084999,17.707541,4530200
2007-05-25,30.084999,30.200001,30.004999,30.075001,17.701656,3279400
2007-05-29,30.065001,30.280001,30.045000,30.260000,17.810541,3297400
2007-05-30,30.120001,30.264999,30.100000,30.180000,17.763454,3592400
2007-05-31,30.235001,30.655001,30.209999,30.620001,18.022432,4784800
2007-06-01,30.549999,30.680000,30.500000,30.670000,18.051859,3146000
2007-06-04,30.600000,30.760000,30.504999,30.735001,18.090120,2346200
2007-06-05,30.174999,30.219999,29.555000,29.700001,17.480938,7182600
2007-06-06,29.600000,29.809999,29.549999,29.725000,17.495653,7503400
2007-06-07,29.600000,29.770000,29.365000,29.395000,17.301416,5778200
2007-06-08,29.305000,29.615000,29.230000,29.600000,17.422071,3936600
2007-06-11,29.645000,29.809999,29.455000,29.764999,17.519190,2630400
2007-06-12,29.650000,29.745001,29.405001,29.570000,17.404417,3710600
2007-06-13,29.610001,29.770000,29.465000,29.770000,17.522141,4239400
2007-06-14,29.745001,29.764999,29.605000,29.674999,17.466219,3449000
2007-06-15,29.875000,30.049999,29.760000,29.799999,17.539793,4822000
2007-06-18,29.799999,30.090000,29.799999,29.959999,17.633970,3740200
2007-06-19,29.860001,29.969999,29.799999,29.924999,17.613365,3065800
2007-06-20,29.924999,29.975000,29.530001,29.530001,17.380877,2618800
2007-06-21,29.530001,29.695000,29.500000,29.549999,17.392645,3514000
2007-06-22,29.450001,29.639999,29.190001,29.230000,17.204300,5553800
2007-06-25,29.325001,29.555000,29.290001,29.395000,17.301416,4213200
2007-06-26,29.469999,29.740000,29.370001,29.645000,17.448561,4303000
2007-06-27,29.500000,29.740000,29.440001,29.725000,17.495653,3240200
2007-06-28,29.434999,29.645000,29.105000,29.135000,17.148382,5792800
2007-06-29,29.389999,29.465000,29.020000,29.209999,17.192526,4093800
2007-07-02,29.299999,29.525000,29.250000,29.450001,17.333790,4707200
2007-07-03,29.450001,29.485001,29.230000,29.430000,17.322010,2503200
2007-07-05,29.360001,29.575001,29.285000,29.309999,17.251385,3529600
2007-07-06,29.145000,29.145000,28.889999,28.985001,17.290157,5548800
2007-07-09,29.090000,29.230000,28.975000,29.145000,17.385599,4244600
2007-07-10,29.000000,29.195000,28.940001,28.959999,17.275242,4812200
2007-07-11,28.955000,29.165001,28.825001,28.975000,17.284193,5428200
2007-07-12,29.000000,29.555000,28.905001,29.525000,17.612280,4843000
2007-07-13,29.440001,29.725000,29.285000,29.594999,17.654036,4394800
2007-07-16,29.500000,29.510000,29.245001,29.340000,17.501923,5667600
2007-07-17,29.415001,29.430000,29.165001,29.170000,17.400515,5980800
2007-07-18,29.145000,29.424999,28.980000,29.355000,17.510876,6649800
2007-07-19,29.350000,29.540001,29.200001,29.420000,17.549650,5616800
2007-07-20,29.450001,29.485001,29.174999,29.235001,17.439295,6168400
2007-07-23,29.330000,29.365000,29.094999,29.129999,17.376648,5069600
2007-07-24,28.950001,29.000000,28.500000,28.575001,17.045589,9693800
2007-07-25,28.760000,28.764999,28.129999,28.420000,16.953121,10474200
2007-07-26,28.250000,28.260000,27.674999,27.805000,16.586262,11203600
2007-07-27,27.684999,28.184999,27.580000,27.790001,16.577311,8970000
2007-07-30,27.825001,28.180000,27.750000,28.120001,16.774174,7156000
2007-07-31,28.070000,28.275000,27.809999,27.809999,16.589247,5356800
2007-08-01,27.660000,28.184999,27.530001,28.049999,16.732412,6220000
2007-08-02,28.129999,28.190001,27.920000,28.045000,16.729431,3002800
2007-08-03,27.665001,28.219999,27.660000,27.785000,16.574341,5819800
2007-08-06,27.905001,28.735001,27.844999,28.719999,17.132074,5772000
2007-08-07,28.580000,28.980000,28.375000,28.695000,17.117167,5197400
2007-08-08,28.584999,28.834999,28.254999,28.459999,16.976986,7674400
2007-08-09,28.200001,28.615000,27.389999,27.420000,16.356602,8076000
2007-08-10,27.235001,27.844999,27.084999,27.670000,16.505733,12666800
2007-08-13,27.850000,28.065001,27.674999,27.709999,16.529591,7689600
2007-08-14,27.870001,28.290001,27.799999,28.000000,16.702589,7202200
2007-08-15,28.014999,28.245001,27.655001,27.740000,16.547485,4135000
2007-08-16,27.840000,27.959999,27.275000,27.764999,16.562407,6112200
2007-08-17,28.400000,28.500000,27.635000,27.895000,16.639957,5533800
2007-08-20,27.959999,28.120001,27.735001,27.760000,16.559418,3151400
2007-08-21,27.590000,28.094999,27.590000,27.889999,16.636971,3606000
2007-08-22,28.045000,28.445000,27.990000,28.370001,16.923294,4760400
2007-08-23,28.620001,28.639999,28.270000,28.400000,16.941195,2909200
2007-08-24,28.290001,28.875000,28.230000,28.655001,17.093304,3333400
2007-08-27,28.910000,28.969999,28.575001,28.670000,17.102255,3113000
2007-08-28,28.610001,28.674999,28.065001,28.080000,16.750301,3198200
2007-08-29,28.200001,28.270000,27.865000,28.270000,16.863647,3111000
2007-08-30,28.059999,28.230000,27.885000,27.950001,16.672758,3159800
2007-08-31,28.070000,28.165001,27.889999,27.940001,16.666788,3735800
2007-09-04,28.020000,28.475000,27.965000,28.355000,16.914354,4081200
2007-09-05,28.174999,28.350000,28.075001,28.125000,16.777155,4053400
2007-09-06,28.700001,29.000000,28.469999,28.840000,17.203661,5460800
2007-09-07,28.549999,29.160000,28.525000,28.995001,17.296125,5664000
2007-09-10,29.115000,29.205000,28.865000,28.975000,17.284193,3422400
2007-09-11,28.995001,29.075001,28.605000,28.740000,17.144012,4192000
2007-09-12,28.719999,29.575001,28.670000,29.545000,17.624210,7608000
2007-09-13,29.600000,29.605000,29.070000,29.135000,17.379637,3929600
2007-09-14,29.014999,29.290001,28.799999,28.834999,17.200678,2419400
2007-09-17,28.559999,29.025000,28.559999,28.900000,17.239456,3065800
2007-09-18,28.975000,29.400000,28.875000,29.334999,17.498940,4322800
2007-09-19,29.650000,29.780001,29.004999,29.424999,17.552628,6225200
2007-09-20,29.680000,29.834999,29.455000,29.475000,17.582458,3958000
2007-09-21,29.680000,29.680000,29.045000,29.245001,17.445255,7739600
2007-09-24,29.254999,29.254999,28.930000,28.940001,17.263317,4640400
2007-09-25,28.844999,29.049999,28.735001,28.850000,17.209633,3576200
2007-09-26,28.990000,29.290001,28.920000,29.200001,17.418417,3591400
2007-09-27,29.120001,29.219999,28.980000,29.135000,17.379637,3218400
2007-09-28,29.000000,29.135000,28.875000,29.004999,17.302092,4457000
2007-10-01,29.070000,29.330000,29.004999,29.115000,17.367708,3499000
2007-10-02,29.184999,29.245001,28.945000,29.030001,17.317007,5428400
2007-10-03,29.000000,29.084999,28.780001,28.900000,17.239456,3740000
2007-10-04,28.995001,29.010000,28.639999,28.750000,17.149977,4862400
2007-10-05,28.709999,28.850000,28.549999,28.760000,17.391869,3027200
2007-10-08,28.670000,28.805000,28.610001,28.680000,17.343489,1934400
2007-10-09,28.780001,29.205000,28.705000,29.180000,17.645849,4254800
2007-10-10,29.065001,29.250000,29.035000,29.170000,17.639803,3607200
2007-10-11,29.285000,29.290001,28.875000,28.940001,17.500717,6574000
2007-10-12,28.815001,29.254999,28.780001,29.235001,17.679115,3287600
2007-10-15,29.235001,29.400000,29.120001,29.235001,17.679115,3982200
2007-10-16,29.150000,29.309999,29.020000,29.145000,17.624681,4151000
2007-10-17,29.254999,29.254999,28.760000,28.889999,17.470478,5690800
2007-10-18,28.815001,28.945000,28.565001,28.870001,17.458384,4073400
2007-10-19,28.815001,28.910000,28.350000,28.375000,17.159050,4040800
2007-10-22,28.195000,28.420000,27.955000,28.150000,17.022984,4500000
2007-10-23,28.299999,28.389999,27.995001,28.065001,16.971584,4026800
2007-10-24,28.055000,28.165001,27.760000,28.035000,16.953442,3839600
2007-10-25,28.100000,28.575001,28.030001,28.485001,17.225563,4768400
2007-10-26,28.775000,28.920000,28.639999,28.860001,17.452337,5731200
2007-10-29,28.844999,28.844999,28.540001,28.610001,17.301165,3414000
2007-10-30,28.605000,28.745001,28.405001,28.565001,17.273941,2673600
2007-10-31,28.620001,28.950001,28.565001,28.865000,17.455366,4153400
2007-11-01,28.764999,28.920000,28.230000,28.290001,17.107647,5279200
2007-11-02,28.379999,28.575001,28.120001,28.455000,17.207430,10404200
2007-11-05,28.485001,28.790001,28.420000,28.625000,17.310230,4853000
2007-11-06,28.600000,28.695000,28.455000,28.680000,17.343489,4427200
2007-11-07,28.459999,28.764999,28.375000,28.440001,17.198359,4420800
2007-11-08,28.465000,28.940001,28.205000,28.834999,17.437218,5809400
2007-11-09,28.504999,28.775000,28.459999,28.480000,17.222540,5238000
2007-11-12,28.375000,28.665001,28.299999,28.299999,17.113691,5765400
2007-11-13,28.480000,28.825001,28.389999,28.805000,17.419083,5167600
2007-11-14,28.920000,29.225000,28.695000,29.010000,17.543043,4854800
2007-11-15,28.875000,29.014999,28.305000,28.490000,17.228592,8066400
2007-11-16,28.625000,28.719999,28.155001,28.715000,17.364655,6810600
2007-11-19,28.514999,28.625000,27.969999,27.975000,16.917156,6605600
2007-11-20,27.975000,28.355000,27.780001,28.200001,17.053221,8572400
2007-11-21,28.025000,28.340000,27.965000,28.165001,17.032057,6694800
2007-11-23,28.295000,28.549999,28.235001,28.549999,17.264877,1641200
2007-11-26,28.610001,28.889999,28.500000,28.665001,17.334415,5247200
2007-11-27,28.754999,29.250000,28.695000,29.020000,17.549095,6442000
2007-11-28,29.180000,29.900000,29.014999,29.840000,18.044971,7300600
2007-11-29,29.684999,30.094999,29.684999,29.975000,18.126606,6555800
2007-11-30,30.254999,30.254999,29.834999,30.075001,18.187084,6261800
2007-12-03,29.855000,30.235001,29.855000,29.985001,18.132648,4256000
2007-12-04,29.745001,30.150000,29.745001,29.950001,18.111488,4290400
2007-12-05,30.165001,30.245001,29.969999,30.209999,18.268719,3888400
2007-12-06,30.200001,30.594999,30.094999,30.549999,18.474327,3247200
2007-12-07,30.555000,30.700001,30.235001,30.260000,18.298952,2872600
2007-12-10,30.285000,30.495001,30.225000,30.450001,18.413843,2625200
2007-12-11,30.334999,30.440001,29.705000,29.740000,17.984497,4247000
2007-12-12,30.125000,30.125000,29.379999,29.625000,17.914955,6868200
2007-12-13,29.420000,29.969999,29.420000,29.969999,18.123579,3929000
2007-12-14,29.684999,29.799999,29.400000,29.500000,17.839365,4061600
2007-12-17,29.490000,29.520000,29.125000,29.334999,17.739580,4003600
2007-12-18,29.674999,29.674999,29.219999,29.535000,17.860527,4308800
2007-12-19,29.745001,29.750000,28.700001,28.995001,17.533978,5813400
2007-12-20,29.150000,29.260000,28.805000,28.840000,17.440243,4470000
2007-12-21,29.115000,29.330000,28.975000,29.030001,17.555145,5366800
2007-12-24,28.959999,29.110001,28.905001,28.980000,17.524908,1063800
2007-12-26,28.990000,29.195000,28.945000,29.049999,17.567238,2370400
2007-12-27,28.959999,28.959999,28.570000,28.594999,17.292089,3003800
2007-12-28,28.855000,28.855000,28.615000,28.754999,17.388845,1799600
2007-12-31,28.605000,28.855000,28.424999,28.500000,17.234636,3187800
2008-01-02,28.430000,28.545000,28.125000,28.270000,17.095552,5456000
2008-01-03,28.235001,28.450001,27.915001,28.145000,17.019964,5890800
2008-01-04,27.965000,28.200001,27.805000,27.850000,16.841566,6243000
2008-01-07,27.975000,28.485001,27.934999,28.415001,17.183235,5899600
2008-01-08,28.415001,28.865000,28.355000,28.510000,17.480608,6072000
2008-01-09,28.575001,28.690001,28.280001,28.559999,17.511271,7896800
2008-01-10,28.379999,28.830000,28.360001,28.670000,17.578712,5074800
2008-01-11,28.600000,28.600000,27.924999,28.075001,17.213896,6503000
2008-01-14,28.355000,28.504999,28.135000,28.270000,17.333456,7347200
2008-01-15,27.975000,28.270000,27.545000,27.575001,16.907322,6110800
2008-01-16,27.485001,27.709999,27.270000,27.290001,16.732576,6693800
2008-01-17,27.375000,27.514999,27.135000,27.184999,16.668200,5452800
2008-01-18,27.375000,27.500000,26.815001,27.045000,16.582355,5884000
2008-01-22,25.790001,27.105000,25.500000,26.430000,16.205280,8351800
2008-01-23,26.070000,26.680000,25.780001,26.555000,16.281925,8846800
2008-01-24,26.625000,26.795000,26.430000,26.650000,16.340166,5803600
2008-01-25,26.844999,26.844999,26.455000,26.469999,16.229809,5088400
2008-01-28,26.559999,27.100000,26.559999,27.094999,16.613018,5098600
2008-01-29,27.315001,27.500000,26.885000,27.350000,16.769371,5643600
2008-01-30,27.434999,27.465000,26.875000,26.955000,16.527180,5330000
2008-01-31,26.610001,27.440001,26.605000,27.260000,16.714190,6604400
2008-02-01,27.260000,27.985001,27.260000,27.895000,17.103537,6546600
2008-02-04,27.900000,27.969999,27.700001,27.780001,17.033018,4710600
2008-02-05,27.350000,27.514999,27.230000,27.230000,16.695787,5411400
2008-02-06,27.415001,27.580000,27.115000,27.215000,16.686596,5885400
2008-02-07,27.014999,27.535000,27.014999,27.415001,16.809229,4155800
2008-02-08,27.320000,27.480000,26.844999,26.920000,16.505716,5407400
2008-02-11,26.965000,27.455000,26.790001,27.455000,16.833748,5266800
2008-02-12,27.655001,27.825001,27.415001,27.559999,16.898119,4210200
2008-02-13,27.790001,27.870001,27.575001,27.750000,17.014626,4003600
2008-02-14,27.815001,27.855000,27.385000,27.410000,16.806152,5160600
2008-02-15,27.400000,28.240000,27.250000,28.195000,17.287466,5533800
2008-02-19,28.570000,28.570000,28.059999,28.225000,17.305872,5093600
2008-02-20,28.195000,28.315001,27.889999,28.260000,17.327326,3857800
2008-02-21,28.299999,28.480000,27.990000,28.084999,17.220026,3322400
2008-02-22,28.145000,28.555000,27.975000,28.450001,17.443823,3827600
2008-02-25,28.500000,28.815001,28.440001,28.785000,17.649220,3655600
2008-02-26,28.705000,28.990000,28.629999,28.910000,17.725866,3258200
2008-02-27,28.790001,28.965000,28.590000,28.670000,17.578712,3163800
2008-02-28,28.525000,28.549999,28.225000,28.410000,17.419291,3322000
2008-02-29,27.980000,28.325001,27.809999,27.995001,17.164843,4675800
2008-03-03,28.014999,28.270000,27.930000,28.270000,17.333456,4581600
2008-03-04,28.065001,28.219999,27.809999,27.955000,17.140318,5062400
2008-03-05,27.945000,28.105000,27.785000,28.000000,17.167913,4949000
2008-03-06,27.895000,27.940001,27.459999,27.465000,16.839876,3273000
2008-03-07,27.200001,27.590000,27.200001,27.365000,16.778563,4053800
2008-03-10,27.459999,28.090000,27.385000,27.980000,17.155647,5077600
2008-03-11,28.660000,28.660000,28.075001,28.570000,17.517397,6144600
2008-03-12,28.834999,28.990000,28.705000,28.885000,17.710539,4107200
2008-03-13,28.610001,28.920000,28.510000,28.820000,17.670683,4625800
2008-03-14,28.825001,29.250000,28.360001,28.600000,17.535789,5852000
2008-03-17,27.975000,28.745001,27.975000,28.385000,17.403973,8122200
2008-03-18,28.645000,29.100000,28.565001,29.100000,17.842367,5607400
2008-03-19,29.600000,30.000000,29.320000,29.459999,18.063087,9181000
2008-03-20,29.615000,30.215000,29.385000,30.059999,18.430977,8378800
2008-03-24,30.180000,30.180000,29.580000,29.815001,18.280758,5375400
2008-03-25,29.764999,29.855000,29.490000,29.625000,18.164263,4854400
2008-03-26,29.535000,29.730000,29.420000,29.504999,18.090689,4020200
2008-03-27,29.514999,30.080000,29.420000,29.850000,18.302219,6183000
2008-03-28,30.010000,30.184999,29.955000,30.030001,18.412584,4516600
2008-03-31,30.070000,30.070000,29.690001,29.940001,18.357395,4690600
2008-04-01,30.090000,30.500000,30.040001,30.480000,18.688503,4590600
2008-04-02,30.459999,30.465000,29.924999,30.030001,18.412584,4977600
2008-04-03,30.004999,30.155001,29.830000,30.020000,18.406452,4900800
2008-04-04,30.004999,30.375000,29.915001,30.275000,18.562805,3567000
2008-04-07,30.440001,30.520000,30.190001,30.455000,18.673172,4214600
2008-04-08,30.209999,30.209999,29.825001,30.035000,18.660736,4075600
2008-04-09,30.049999,30.250000,29.975000,30.135000,18.722866,3099200
2008-04-10,30.200001,30.200001,29.850000,29.905001,18.579977,3744400
2008-04-11,29.615000,29.885000,29.440001,29.770000,18.496099,3936400
2008-04-14,29.674999,29.955000,29.674999,29.905001,18.579977,2067800
2008-04-15,30.035000,30.195000,29.895000,30.075001,18.685596,2347800
2008-04-16,30.165001,30.625000,29.975000,30.600000,19.011778,5115400
2008-04-17,30.455000,30.660000,30.420000,30.580000,18.999346,3811000
2008-04-18,30.940001,31.250000,30.750000,31.195000,19.381447,7704400
2008-04-21,31.084999,31.160000,30.965000,31.070000,19.303778,4439400
2008-04-22,30.975000,31.049999,30.575001,30.780001,19.123608,3050200
2008-04-23,30.840000,31.250000,30.840000,31.250000,19.415621,5261600
2008-04-24,31.230000,31.230000,30.565001,30.809999,19.142248,4743200
2008-04-25,30.785000,30.950001,30.325001,30.450001,18.918571,4727400
2008-04-28,30.510000,30.850000,30.490000,30.625000,19.027302,3320200
2008-04-29,30.625000,30.855000,30.535000,30.635000,19.033522,3765400
2008-04-30,30.670000,30.860001,30.190001,30.200001,18.763254,5884400
2008-05-01,30.235001,30.770000,30.235001,30.650000,19.042835,4566200
2008-05-02,30.830000,31.035000,30.635000,30.834999,19.157776,4930600
2008-05-05,30.840000,31.000000,30.639999,30.920000,19.210592,2466400
2008-05-06,30.670000,30.955000,30.545000,30.889999,19.191950,3654200
2008-05-07,30.844999,30.889999,30.450001,30.450001,18.918571,2990600
2008-05-08,30.740000,31.000000,30.645000,30.795000,19.132931,4884800
2008-05-09,30.610001,30.695000,30.270000,30.410000,18.893730,4392600
2008-05-12,30.495001,30.639999,30.385000,30.635000,19.033522,3401000
2008-05-13,30.730000,30.870001,30.514999,30.809999,19.142248,4452400
2008-05-14,30.834999,31.155001,30.780001,30.940001,19.223013,4516600
2008-05-15,30.875000,31.245001,30.725000,31.040001,19.285147,3596800
2008-05-16,31.150000,31.250000,30.934999,31.090000,19.316210,4630000
2008-05-19,31.040001,31.040001,30.764999,30.965000,19.238554,4131600
2008-05-20,30.760000,31.125000,30.625000,30.965000,19.238554,3704400
2008-05-21,30.945000,31.094999,30.695000,30.750000,19.104969,4407400
2008-05-22,30.760000,31.090000,30.700001,30.875000,19.182634,4248200
2008-05-23,30.590000,30.750000,30.355000,30.545000,18.977604,3886400
2008-05-27,30.680000,31.290001,30.625000,31.200001,19.384554,5224200
2008-05-28,31.350000,31.360001,31.020000,31.285000,19.437366,6189400
2008-05-29,31.190001,31.750000,31.170000,31.565001,19.611334,4748000
2008-05-30,31.514999,31.775000,31.330000,31.600000,19.633070,6312400
2008-06-02,31.540001,31.625000,31.225000,31.424999,19.524345,3047400
2008-06-03,31.480000,31.650000,31.405001,31.520000,19.583374,6767800
2008-06-04,31.400000,31.955000,31.400000,31.855000,19.791508,6600800
2008-06-05,31.750000,31.945000,31.480000,31.715000,19.704527,5228200
2008-06-06,31.520000,31.559999,30.795000,30.815001,19.145355,6600200
2008-06-09,30.825001,31.360001,30.825001,31.209999,19.390764,4681200
2008-06-10,31.049999,31.565001,31.049999,31.379999,19.496389,3044800
2008-06-11,31.379999,31.379999,30.990000,31.139999,19.347275,4698400
2008-06-12,31.400000,31.400000,30.785000,30.934999,19.219913,4029600
2008-06-13,31.180000,31.365000,30.815001,31.355000,19.480856,4355800
2008-06-16,31.215000,31.264999,30.525000,30.760000,19.111179,5998200
2008-06-17,30.875000,30.930000,30.360001,30.365000,18.865770,4985800
2008-06-18,30.565001,31.684999,30.565001,31.320000,19.459106,9889000
2008-06-19,31.639999,31.639999,31.295000,31.395000,19.505705,5877600
2008-06-20,31.260000,31.559999,30.955000,31.510000,19.577160,10427200
2008-06-23,31.580000,31.750000,31.510000,31.700001,19.695208,5531000
2008-06-24,31.730000,31.730000,31.105000,31.200001,19.384554,8339200
2008-06-25,30.635000,31.200001,30.520000,30.594999,19.008669,8153200
2008-06-26,30.325001,30.905001,30.295000,30.430000,18.906155,6752400
2008-06-27,30.575001,30.580000,29.915001,29.934999,18.598608,7739000
2008-06-30,29.920000,30.565001,29.920000,30.385000,18.878199,6395400
2008-07-01,30.150000,30.485001,30.090000,30.469999,18.931009,5581600
2008-07-02,30.490000,30.590000,30.254999,30.285000,18.816069,5784400
2008-07-03,30.514999,30.530001,30.145000,30.375000,18.871983,2950800
2008-07-07,30.485001,30.750000,30.395000,30.645000,19.039738,6252400
2008-07-08,30.389999,30.855000,30.264999,30.830000,19.427273,6279600
2008-07-09,30.915001,31.475000,30.865000,31.334999,19.745487,7059600
2008-07-10,31.350000,31.735001,31.070000,31.735001,19.997549,10475000
2008-07-11,31.650000,31.754999,31.264999,31.570000,19.893578,5529600
2008-07-14,31.655001,31.834999,31.469999,31.620001,19.925081,4835800
2008-07-15,31.434999,32.115002,31.350000,32.014999,20.173985,12628800
2008-07-16,31.940001,32.174999,31.809999,31.934999,20.123579,8135400
2008-07-17,32.055000,32.205002,31.570000,32.029999,20.183432,6038400
2008-07-18,31.870001,31.975000,31.665001,31.740000,20.000702,6215800
2008-07-21,31.775000,31.775000,31.344999,31.700001,19.975498,3738800
2008-07-22,31.525000,32.455002,31.525000,32.455002,20.451254,9427200
2008-07-23,32.540001,32.619999,32.305000,32.584999,20.533169,7691000
2008-07-24,32.455002,32.740002,32.220001,32.250000,20.322069,7219800
2008-07-25,32.400002,32.400002,31.870001,31.990000,20.158241,6431400
2008-07-28,32.084999,32.270000,31.830000,31.959999,20.139328,4420600
2008-07-29,32.080002,32.320000,31.825001,32.259998,20.328373,4618400
2008-07-30,32.369999,32.529999,32.044998,32.384998,20.407137,5216800
2008-07-31,32.244999,32.465000,32.165001,32.195000,20.287416,3305400
2008-08-01,32.450001,32.450001,32.025002,32.174999,20.274813,3805800
2008-08-04,32.215000,32.950001,32.005001,32.845001,20.697010,5633200
2008-08-05,32.985001,33.150002,32.775002,33.095001,20.854536,7961000
2008-08-06,33.060001,33.375000,32.889999,33.345001,21.012079,6519200
2008-08-07,33.139999,33.139999,32.764999,32.855000,20.703310,6679200
2008-08-08,32.915001,33.564999,32.775002,33.540001,21.134953,5313800
2008-08-11,33.465000,33.730000,33.294998,33.724998,21.251530,7264000
2008-08-12,33.775002,33.805000,33.270000,33.529999,21.128656,5640400
2008-08-13,33.599998,33.750000,33.400002,33.544998,21.138105,4167800
2008-08-14,33.419998,33.875000,33.134998,33.595001,21.169609,3470400
2008-08-15,33.654999,33.974998,33.575001,33.849998,21.330294,3751600
2008-08-18,33.849998,33.910000,33.044998,33.180000,20.908104,5247400
2008-08-19,33.099998,33.264999,32.669998,32.919998,20.744267,4271600
2008-08-20,32.799999,33.494999,32.799999,33.415001,21.056181,6894800
2008-08-21,33.189999,33.674999,33.005001,33.535000,21.131802,5149000
2008-08-22,33.674999,33.889999,33.430000,33.724998,21.251530,3266200
2008-08-25,33.759998,33.845001,33.320000,33.509998,21.116051,2974200
2008-08-26,33.555000,33.665001,33.255001,33.400002,21.046734,3817000
2008-08-27,33.570000,33.750000,33.459999,33.639999,21.197964,3515600
2008-08-28,33.735001,33.799999,33.599998,33.730000,21.254673,3216200
2008-08-29,33.720001,33.720001,33.055000,33.090000,20.851391,4584400
2008-09-02,33.150002,33.799999,33.125000,33.709999,21.242075,5350600
2008-09-03,33.700001,33.700001,33.264999,33.360001,21.021530,5314400
2008-09-04,33.375000,33.974998,33.115002,33.465000,21.087698,8452200
2008-09-05,33.349998,34.000000,33.349998,33.919998,21.374407,5885600
2008-09-08,34.200001,34.285000,33.720001,34.224998,21.566601,7468000
2008-09-09,34.299999,34.410000,33.799999,33.840000,21.323997,6873600
2008-09-10,33.945000,34.075001,33.744999,33.840000,21.323997,5413000
2008-09-11,33.755001,34.445000,33.660000,34.410000,21.683178,5607400
2008-09-12,34.244999,34.549999,34.115002,34.549999,21.771395,5309200
2008-09-15,34.169998,34.759998,33.610001,34.075001,21.472086,6711000
2008-09-16,34.009998,34.419998,33.840000,34.275002,21.598106,8076000
2008-09-17,34.459999,35.665001,34.009998,34.869999,21.973047,14208200
2008-09-18,35.395000,35.825001,33.959999,34.830002,21.947842,11087400
2008-09-19,36.005001,36.005001,34.415001,35.029999,22.073862,9814200
2008-09-22,34.830002,35.025002,34.080002,34.084999,21.478378,8040800
2008-09-23,34.325001,34.724998,33.849998,34.025002,21.440577,6109800
2008-09-24,34.180000,34.250000,33.535000,34.165001,21.528795,7722200
2008-09-25,34.150002,34.840000,34.150002,34.424999,21.692635,5812800
2008-09-26,34.205002,34.880001,34.070000,34.805000,21.932081,4889600
2008-09-29,34.744999,34.889999,33.884998,34.055000,21.459478,6836200
2008-09-30,34.400002,34.400002,33.830002,34.360001,21.651674,6764200
2008-10-01,34.165001,35.275002,34.165001,35.080002,22.105373,7686200
2008-10-02,34.939999,35.294998,34.750000,34.750000,21.897423,9887600
2008-10-03,35.025002,35.500000,34.785000,35.075001,22.102226,11230800
2008-10-06,34.650002,34.820000,33.880001,34.240002,21.576056,10890000
2008-10-07,34.480000,34.695000,33.500000,33.500000,21.109751,10572400
2008-10-08,32.840000,33.375000,31.879999,32.630001,20.828878,17338000
2008-10-09,32.755001,32.810001,29.719999,30.110001,19.220280,12135600
2008-10-10,29.275000,30.004999,28.000000,29.055000,18.546829,16081200
2008-10-13,30.219999,31.815001,29.625000,31.795000,20.295872,11271400
2008-10-14,32.610001,33.000000,32.014999,32.209999,20.560780,14629000
2008-10-15,32.264999,33.119999,31.795000,31.860001,20.337357,16489400
2008-10-16,32.275002,32.750000,30.950001,32.430000,20.701212,19969400
2008-10-17,32.095001,33.264999,31.775000,32.365002,20.659721,10536000
2008-10-20,32.814999,32.849998,31.885000,32.730000,20.892712,11190800
2008-10-21,32.660000,33.674999,32.599998,33.115002,21.138472,8396800
2008-10-22,32.540001,33.020000,31.665001,32.224998,20.570353,12529200
2008-10-23,32.334999,33.355000,31.850000,33.080002,21.116131,13421000
2008-10-24,31.730000,32.555000,31.360001,32.119999,20.503325,12256000
2008-10-27,31.805000,32.599998,31.580000,31.855000,20.334171,7514200
2008-10-28,32.375000,33.790001,31.299999,33.790001,21.569353,10573400
2008-10-29,33.805000,34.500000,33.349998,33.404999,21.323595,9985200
2008-10-30,34.070000,34.340000,33.215000,33.790001,21.569353,8492600
2008-10-31,33.500000,34.244999,33.500000,33.869999,21.620413,7651000
2008-11-03,33.834999,34.174999,33.625000,33.950001,21.671486,4740400
2008-11-04,34.174999,34.500000,33.564999,33.830002,21.594885,7476600
2008-11-05,33.794998,33.985001,32.750000,32.880001,20.988461,7499600
2008-11-06,32.669998,33.215000,31.825001,31.969999,20.407581,8237200
2008-11-07,32.189999,32.970001,31.900000,32.970001,21.045910,6104000
2008-11-10,33.430000,33.849998,32.439999,32.865002,20.978888,5671200
2008-11-11,32.669998,33.169998,32.410000,32.834999,20.959740,7392600
2008-11-12,32.834999,32.834999,31.760000,31.895000,20.359703,7976800
2008-11-13,32.090000,33.450001,31.584999,33.389999,21.314020,10068000
2008-11-14,32.900002,34.410000,32.875000,33.115002,21.138472,9475800
2008-11-17,32.669998,33.689999,32.500000,32.759998,20.911863,8255400
2008-11-18,32.764999,33.000000,31.875000,32.665001,20.851223,9476000
2008-11-19,32.490002,33.000000,31.135000,31.155001,19.887337,11748800
2008-11-20,31.004999,32.205002,30.650000,30.754999,19.632006,10998600
2008-11-21,31.379999,32.505001,30.190001,32.349998,20.650150,12742400
2008-11-24,33.075001,33.075001,31.764999,32.250000,20.586315,9864400
2008-11-25,32.810001,32.810001,30.969999,31.445000,20.072458,11804600
2008-11-26,31.055000,31.469999,30.665001,31.455000,20.078838,6848000
2008-11-28,31.379999,31.639999,31.035000,31.584999,20.161827,2517800
2008-12-01,30.959999,31.549999,30.514999,30.555000,19.504333,7230800
2008-12-02,31.330000,31.330000,30.424999,31.145000,19.880951,7590800
2008-12-03,30.670000,31.420000,30.600000,31.379999,20.030966,6155800
2008-12-04,31.174999,31.735001,30.600000,30.850000,19.692642,8933600
2008-12-05,30.875000,32.000000,30.510000,31.934999,20.385233,6936800
2008-12-08,32.485001,32.654999,31.910000,32.389999,20.675678,8638400
2008-12-09,32.299999,32.490002,30.440001,30.514999,19.478802,13484800
2008-12-10,30.715000,30.719999,30.004999,30.480000,19.456461,9123000
2008-12-11,30.495001,30.809999,30.174999,30.250000,19.309645,6009200
2008-12-12,30.000000,30.594999,29.760000,30.570000,19.513908,6244200
2008-12-15,30.665001,30.665001,29.790001,30.049999,19.181978,6883200
2008-12-16,30.075001,30.905001,29.915001,30.625000,19.549017,7185000
2008-12-17,30.850000,31.094999,30.065001,30.674999,19.580933,9612200
2008-12-18,31.000000,31.174999,29.875000,30.075001,19.197937,8718600
2008-12-19,30.245001,30.475000,29.385000,29.500000,18.830889,9613600
2008-12-22,29.500000,29.500000,28.745001,29.184999,18.629814,9110000
2008-12-23,29.305000,29.625000,28.940001,29.014999,18.521297,5050800
2008-12-24,29.215000,29.309999,29.004999,29.225000,18.655348,1660800
2008-12-26,29.405001,29.490000,29.190001,29.355000,18.738335,1638800
2008-12-29,29.305000,29.490000,29.045000,29.350000,18.735144,4524200
2008-12-30,29.270000,29.865000,29.270000,29.855000,19.057503,4087200
2008-12-31,29.850000,30.490000,29.805000,30.375000,19.389431,5975400
2009-01-02,30.465000,30.469999,29.975000,30.180000,19.264961,5208800
2009-01-05,30.254999,30.500000,30.075001,30.400000,19.405392,5379600
2009-01-06,30.594999,30.850000,29.475000,29.760000,18.996857,9600000
2009-01-07,29.735001,29.860001,29.270000,29.420000,18.779827,6183200
2009-01-08,29.245001,29.490000,28.980000,29.254999,18.951490,7577400
2009-01-09,29.245001,29.485001,28.975000,29.065001,18.828411,4826600
2009-01-12,29.110001,30.180000,29.025000,29.934999,19.392004,8551000
2009-01-13,29.900000,29.985001,29.530001,29.715000,19.249479,5845000
2009-01-14,29.360001,29.440001,29.145000,29.375000,19.029228,5468600
2009-01-15,29.254999,29.555000,28.950001,29.525000,19.126398,6744600
2009-01-16,29.950001,30.405001,29.700001,30.290001,19.621967,9391400
2009-01-20,30.395000,30.725000,29.865000,29.895000,19.366087,8970600
2009-01-21,30.230000,30.230000,29.385000,29.834999,19.327221,7653200
2009-01-22,29.475000,30.000000,29.235001,29.950001,19.401722,8609600
2009-01-23,29.514999,29.790001,29.285000,29.660000,19.213854,6775000
2009-01-26,29.825001,30.250000,29.525000,29.705000,19.243008,8501600
2009-01-27,29.770000,30.344999,29.670000,30.215000,19.573383,6025800
2009-01-28,30.334999,30.430000,29.895000,30.155001,19.534515,6326600
2009-01-29,30.030001,30.645000,29.950001,30.049999,19.466499,5442800
2009-01-30,29.955000,30.000000,29.389999,29.575001,19.158789,6435800
2009-02-02,29.254999,29.799999,29.225000,29.645000,19.204136,4240800
2009-02-03,29.674999,30.389999,29.555000,30.250000,19.596056,3893400
2009-02-04,30.070000,30.145000,29.434999,29.535000,19.132875,5461200
2009-02-05,29.410000,29.730000,29.190001,29.555000,19.145836,6354600
2009-02-06,29.594999,29.790001,29.264999,29.420000,19.058384,5322000
2009-02-09,29.605000,29.605000,29.125000,29.400000,19.045422,4831200
2009-02-10,29.264999,29.400000,28.580000,28.695000,18.588722,6528000
2009-02-11,28.889999,29.014999,28.580000,28.660000,18.566048,5091200
2009-02-12,28.590000,28.905001,28.215000,28.905001,18.724764,6347400
2009-02-13,28.860001,28.975000,28.379999,28.420000,18.410574,6954200
2009-02-17,27.850000,28.510000,27.594999,28.174999,18.251865,8010800
2009-02-18,28.290001,28.424999,27.605000,27.740000,17.970072,6427200
2009-02-19,27.740000,28.330000,27.740000,27.860001,18.047808,7094000
2009-02-20,27.520000,27.805000,27.365000,27.520000,17.827555,7986000
2009-02-23,27.525000,27.995001,27.240000,27.260000,17.659122,6965200
2009-02-24,27.490000,27.820000,27.385000,27.750000,17.976545,6886800
2009-02-25,27.674999,27.750000,27.325001,27.400000,17.749815,5404200
2009-02-26,27.594999,27.610001,26.395000,26.424999,17.118206,9036000
2009-02-27,26.174999,26.645000,26.049999,26.240000,16.998369,7876800
2009-03-02,25.825001,26.365000,25.740000,26.160000,16.946547,8838200
2009-03-03,26.415001,26.459999,25.900000,26.075001,16.891478,7539000
2009-03-04,26.365000,26.365000,25.540001,25.680000,16.635597,10320800
2009-03-05,25.500000,25.584999,24.780001,24.995001,16.191854,9318800
2009-03-06,25.150000,25.490000,24.920000,25.480000,16.506039,7723600
2009-03-09,25.094999,25.299999,24.770000,24.844999,16.094677,6930400
2009-03-10,25.184999,25.270000,24.924999,25.094999,16.256634,6664600
2009-03-11,25.240000,25.355000,24.584999,24.715000,16.010460,9396800
2009-03-12,24.719999,26.059999,24.620001,26.000000,16.842897,9952400
2009-03-13,26.205000,26.500000,25.955000,26.299999,17.037237,7360400
2009-03-16,26.700001,27.170000,26.320000,26.700001,17.296354,6740200
2009-03-17,26.840000,26.875000,26.465000,26.830000,17.380569,6609800
2009-03-18,25.030001,25.035000,23.540001,23.815001,15.427438,37159600
2009-03-19,24.080000,24.174999,23.184999,23.645000,15.317320,22108400
2009-03-20,23.825001,23.945000,23.504999,23.610001,15.294642,11441200
2009-03-23,24.070000,24.879999,23.879999,24.850000,16.097918,13492800
2009-03-24,24.655001,25.235001,24.240000,24.900000,16.130308,10031000
2009-03-25,25.035000,25.059999,24.299999,24.764999,16.042854,8721200
2009-03-26,24.975000,24.975000,24.010000,24.600000,15.935965,11706600
2009-03-27,24.370001,25.520000,24.370001,25.424999,16.470396,11183000
2009-03-30,25.025000,25.405001,24.875000,25.129999,16.279305,7956400
2009-03-31,25.235001,25.250000,24.754999,24.940001,16.156219,8461200
2009-04-01,24.740000,25.530001,24.375000,25.400000,16.454205,9942800
2009-04-02,25.645000,25.940001,25.424999,25.510000,16.525465,8855800
2009-04-03,25.500000,25.805000,25.100000,25.430000,16.473646,5369800
2009-04-06,25.400000,25.625000,25.209999,25.405001,16.457453,4473000
2009-04-07,25.230000,25.934999,25.020000,25.405001,16.740803,7613000
2009-04-08,25.440001,25.770000,25.200001,25.405001,16.740803,7018600
2009-04-09,25.700001,25.844999,25.219999,25.420000,16.750687,7069400
2009-04-13,25.320000,25.625000,25.184999,25.184999,16.595829,6781800
2009-04-14,25.180000,25.219999,24.695000,24.745001,16.305889,9390000
2009-04-15,24.610001,25.135000,24.610001,24.940001,16.434381,4803000
2009-04-16,25.025000,25.235001,24.309999,25.125000,16.556295,8578200
2009-04-17,25.135000,25.250000,24.730000,24.945000,16.437679,7189600
2009-04-20,24.715000,25.235001,24.570000,24.965000,16.450857,5995800
2009-04-21,24.825001,25.455000,24.825001,25.325001,16.688087,6442600
2009-04-22,25.139999,25.139999,24.700001,24.745001,16.305889,5966000
2009-04-23,24.709999,24.865000,24.500000,24.834999,16.365187,5045200
2009-04-24,24.934999,24.975000,24.254999,24.365000,16.055485,6069400
2009-04-27,24.340000,25.000000,24.340000,24.580000,16.197165,7432800
2009-04-28,24.530001,25.209999,24.459999,25.020000,16.487101,5622000
2009-04-29,25.205000,25.620001,24.959999,25.389999,16.730915,6299600
2009-04-30,25.504999,25.705000,25.135000,25.344999,16.701263,7948200
2009-05-01,25.510000,25.629999,25.150000,25.240000,16.632074,5270800
2009-05-04,25.500000,26.225000,25.360001,26.225000,17.281143,10143400
2009-05-05,26.084999,26.625000,26.020000,26.080000,17.185595,6196800
2009-05-06,26.379999,26.535000,25.770000,25.930000,17.086756,8967400
2009-05-07,26.299999,27.030001,25.770000,26.735001,17.617220,9934800
2009-05-08,27.000000,27.000000,26.240000,26.700001,17.594151,8811600
2009-05-11,26.495001,26.850000,26.285000,26.455000,17.432707,5988000
2009-05-12,26.559999,26.955000,26.510000,26.825001,17.676519,4931000
2009-05-13,26.665001,26.934999,26.555000,26.730000,17.613918,7469600
2009-05-14,26.809999,27.080000,26.590000,26.709999,17.600737,5409600
2009-05-15,26.715000,26.715000,26.055000,26.305000,17.333864,6204400
2009-05-18,26.360001,26.415001,26.090000,26.340000,17.356922,5622800
2009-05-19,26.459999,26.480000,26.014999,26.075001,17.182301,7631000
2009-05-20,26.150000,26.475000,26.094999,26.209999,17.271257,5246600
2009-05-21,26.045000,26.299999,26.000000,26.205000,17.267971,4461200
2009-05-22,26.200001,26.555000,26.120001,26.325001,17.347042,4017800
2009-05-26,26.305000,26.545000,25.955000,26.305000,17.333864,6962400
2009-05-27,26.250000,26.250000,25.430000,25.485001,16.793516,7862000
2009-05-28,25.674999,25.735001,25.350000,25.605000,16.872589,5585800
2009-05-29,25.700001,25.750000,25.334999,25.590000,16.862705,7186200
2009-06-01,25.754999,25.945000,25.455000,25.584999,16.859413,9309200
2009-06-02,25.555000,26.504999,25.504999,26.299999,17.330570,11057600
2009-06-03,26.200001,26.385000,26.115000,26.355000,17.366808,6560200
2009-06-04,26.330000,26.475000,25.955000,25.985001,17.122992,6370000
2009-06-05,26.110001,26.215000,25.684999,26.080000,17.185595,6673000
2009-06-08,26.559999,27.360001,26.540001,27.110001,17.864326,11246400
2009-06-09,27.075001,27.370001,27.010000,27.205000,17.926920,7322400
2009-06-10,27.375000,27.485001,27.049999,27.264999,17.966461,5605400
2009-06-11,27.275000,27.605000,27.264999,27.355000,18.025768,5285200
2009-06-12,27.315001,27.555000,27.105000,27.459999,18.094963,3636800
2009-06-15,27.379999,27.379999,26.955000,27.020000,17.805012,5155000
2009-06-16,27.035000,27.065001,26.790001,26.809999,17.666632,4516400
2009-06-17,26.790001,27.459999,26.790001,27.290001,17.982931,4830600
2009-06-18,27.379999,27.895000,27.209999,27.735001,18.276169,4659800
2009-06-19,27.809999,27.820000,27.240000,27.360001,18.029064,6805800
2009-06-22,27.280001,27.719999,27.150000,27.639999,18.213573,7161200
2009-06-23,27.715000,27.809999,27.370001,27.475000,18.104847,5626200
2009-06-24,27.629999,27.785000,27.410000,27.540001,18.147676,5461400
2009-06-25,27.510000,28.000000,27.275000,27.975000,18.434322,4668600
2009-06-26,27.860001,27.950001,27.514999,27.639999,18.213573,7141200
2009-06-29,27.670000,27.920000,27.504999,27.920000,18.398075,3351800
2009-06-30,27.975000,28.160000,27.639999,28.010000,18.457388,6845200
2009-07-01,28.680000,29.230000,28.540001,29.090000,19.169062,14373400
2009-07-02,28.985001,29.580000,28.885000,29.250000,19.274485,11492200
2009-07-06,29.135000,30.320000,29.094999,30.200001,19.900494,12929400
2009-07-07,30.105000,30.275000,29.875000,29.945000,19.732464,10302000
2009-07-08,29.860001,29.895000,29.295000,29.430000,19.702335,11889400
2009-07-09,29.555000,29.575001,29.174999,29.340000,19.642086,5200000
2009-07-10,29.280001,29.545000,29.075001,29.184999,19.538322,5515400
2009-07-13,29.290001,29.700001,29.215000,29.545000,19.779331,6124600
2009-07-14,29.629999,29.719999,29.275000,29.605000,19.819492,4371000
2009-07-15,29.775000,29.875000,29.525000,29.865000,19.993555,5705400
2009-07-16,29.850000,29.885000,29.575001,29.790001,19.943350,4431800
2009-07-17,29.740000,29.875000,29.264999,29.405001,19.685604,5793200
2009-07-20,29.485001,29.594999,29.275000,29.375000,19.665518,6067600
2009-07-21,29.549999,29.650000,29.020000,29.260000,19.588530,7013000
2009-07-22,29.365000,29.495001,29.205000,29.375000,19.665518,3782800
2009-07-23,29.434999,29.885000,29.299999,29.580000,19.802757,4632800
2009-07-24,29.500000,29.650000,29.330000,29.540001,19.775982,3144800
2009-07-27,29.570000,29.570000,29.165001,29.480000,19.735807,2462200
2009-07-28,29.410000,29.590000,29.250000,29.540001,19.775982,3464400
2009-07-29,29.469999,29.650000,29.225000,29.540001,19.775982,3676400
2009-07-30,29.655001,30.000000,29.514999,29.625000,19.832884,4819400
2009-07-31,29.670000,29.799999,29.420000,29.455000,19.719074,3851800
2009-08-03,29.650000,29.754999,29.014999,29.125000,19.498150,5447000
2009-08-04,29.129999,29.375000,28.825001,29.125000,19.498150,6466800
2009-08-05,29.070000,29.250000,28.905001,29.000000,19.414473,3950400
2009-08-06,29.030001,29.254999,28.775000,28.920000,19.360910,4037800
2009-08-07,29.094999,29.145000,28.655001,28.764999,19.257145,4693600
2009-08-10,28.830000,29.195000,28.615000,29.070000,19.461334,5034800
2009-08-11,28.940001,29.280001,28.870001,29.094999,19.478060,4002000
2009-08-12,29.025000,29.080000,28.805000,28.920000,19.360910,4407200
2009-08-13,28.889999,28.905001,28.545000,28.709999,19.220318,3840200
2009-08-14,28.820000,28.959999,28.594999,28.875000,19.330793,3768000
2009-08-17,28.674999,28.950001,28.629999,28.754999,19.250444,3793800
2009-08-18,28.740000,28.950001,28.559999,28.830000,19.300657,3059600
2009-08-19,28.650000,29.260000,28.650000,29.120001,19.494804,4477000
2009-08-20,29.184999,29.334999,28.795000,29.290001,19.608614,3540400
2009-08-21,29.365000,29.924999,29.315001,29.805000,19.953388,5109600
2009-08-24,29.730000,29.790001,29.465000,29.660000,19.856314,3152200
2009-08-25,29.719999,29.795000,29.355000,29.620001,19.829540,3161200
2009-08-26,29.584999,30.004999,29.555000,29.809999,19.956732,4201400
2009-08-27,29.855000,29.915001,29.575001,29.635000,19.839581,3380400
2009-08-28,29.735001,29.795000,29.430000,29.485001,19.739159,3014600
2009-08-31,29.434999,29.895000,29.315001,29.865000,19.993555,3793400
2009-09-01,29.805000,29.815001,29.504999,29.605000,19.819492,4781200
2009-09-02,29.264999,29.490000,29.139999,29.375000,19.665518,6076600
2009-09-03,29.490000,29.490000,28.990000,29.305000,19.618654,3969600
2009-09-04,29.355000,29.385000,29.165001,29.254999,19.585182,3517800
2009-09-08,29.674999,30.254999,29.309999,30.254999,20.254646,7618800
2009-09-09,30.254999,30.340000,30.100000,30.270000,20.264690,4792600
2009-09-10,30.299999,30.455000,29.945000,30.450001,20.385187,7618200
2009-09-11,30.424999,30.555000,30.135000,30.290001,20.278074,4184800
2009-09-14,30.184999,30.360001,30.125000,30.290001,20.278074,2528000
2009-09-15,30.240000,30.250000,29.770000,30.150000,20.184349,4935400
2009-09-16,29.735001,30.115000,29.445000,30.115000,20.160921,7044600
2009-09-17,30.129999,30.174999,29.959999,30.030001,20.104015,4785200
2009-09-18,30.070000,30.200001,29.900000,30.155001,20.187702,6169600
2009-09-21,29.969999,30.495001,29.825001,30.330000,20.304857,3860000
2009-09-22,30.440001,30.584999,30.200001,30.485001,20.408625,7058600
2009-09-23,31.500000,32.310001,31.434999,31.900000,21.355919,15010600
2009-09-24,31.910000,32.070000,31.600000,31.725000,21.238762,7426000
2009-09-25,31.610001,31.740000,31.445000,31.645000,21.185200,5041000
2009-09-28,31.780001,32.299999,31.745001,32.255001,21.593575,6985400
2009-09-29,32.279999,32.290001,31.680000,31.785000,21.278925,5891200
2009-09-30,31.754999,32.244999,31.540001,32.189999,21.550060,7592000
2009-10-01,32.180000,32.180000,31.715000,31.745001,21.252153,5736600
2009-10-02,31.594999,32.025002,31.594999,31.945000,21.386042,4753200
2009-10-05,32.134998,32.134998,31.594999,31.980000,21.409466,3439600
2009-10-06,32.505001,32.505001,32.310001,32.450001,21.724123,5985400
2009-10-07,32.314999,32.355000,32.119999,32.325001,21.958485,3597200
2009-10-08,32.345001,32.404999,32.064999,32.345001,21.972073,3883800
2009-10-09,32.340000,32.400002,32.060001,32.224998,21.890549,3106600
2009-10-12,32.220001,32.564999,32.134998,32.345001,21.972073,3995600
2009-10-13,32.340000,32.500000,32.244999,32.400002,22.009430,3091600
2009-10-14,32.485001,32.525002,32.294998,32.410000,22.016220,2964000
2009-10-15,32.360001,32.700001,32.255001,32.645000,22.175861,4744200
2009-10-16,32.625000,33.169998,32.494999,33.000000,22.417013,6713400
2009-10-19,33.099998,33.404999,32.834999,33.160000,22.525702,4081200
2009-10-20,33.240002,33.380001,32.955002,33.169998,22.532492,4553200
2009-10-21,33.165001,33.459999,32.660000,32.715000,22.223412,4514600
2009-10-22,32.700001,32.865002,32.400002,32.775002,22.264175,3353000
2009-10-23,32.845001,32.900002,32.400002,32.474998,22.060379,3075200
2009-10-26,32.540001,32.814999,32.334999,32.505001,22.080753,3407600
2009-10-27,32.595001,32.884998,32.490002,32.730000,22.233597,3483000
2009-10-28,32.610001,32.799999,32.410000,32.445000,22.039995,5041600
2009-10-29,32.505001,33.380001,32.500000,33.349998,22.654768,5568000
2009-10-30,33.400002,33.450001,32.924999,32.959999,22.389833,7720600
2009-11-02,33.080002,33.139999,32.695000,32.875000,22.332094,6365200
2009-11-03,32.785000,32.849998,32.310001,32.514999,22.087543,4954400
2009-11-04,32.535000,32.700001,32.240002,32.459999,22.050182,6016000
2009-11-05,32.494999,33.224998,32.480000,33.125000,22.501926,5021600
2009-11-06,33.070000,33.200001,32.860001,33.185001,22.542675,3222000
2009-11-09,33.305000,33.404999,33.035000,33.360001,22.661564,3262600
2009-11-10,33.224998,33.740002,33.224998,33.584999,22.814402,3838400
2009-11-11,33.715000,33.750000,33.435001,33.474998,22.739683,3207000
2009-11-12,33.415001,33.884998,33.404999,33.639999,22.851768,3888400
2009-11-13,33.709999,33.849998,33.605000,33.799999,22.960447,2395800
2009-11-16,33.840000,33.875000,33.605000,33.865002,23.004606,3521800
2009-11-17,33.865002,33.875000,33.685001,33.785000,22.950266,3182200
2009-11-18,33.705002,33.825001,33.500000,33.744999,22.923092,2641200
2009-11-19,33.665001,33.810001,33.340000,33.755001,22.929888,3404000
2009-11-20,33.650002,34.000000,33.650002,33.970001,23.075939,4608000
2009-11-23,34.049999,34.349998,33.965000,34.169998,23.211794,3311400
2009-11-24,34.099998,34.549999,34.000000,34.509998,23.442753,4440600
2009-11-25,34.424999,34.470001,34.165001,34.360001,23.340860,2516400
2009-11-27,33.869999,34.195000,33.650002,34.049999,23.130283,1688200
2009-11-30,34.110001,34.115002,33.834999,34.000000,23.096313,3352200
2009-12-01,34.240002,34.410000,34.154999,34.340000,23.327278,3669600
2009-12-02,34.270000,34.500000,34.200001,34.279999,23.286518,3301800
2009-12-03,34.279999,34.380001,33.980000,34.095001,23.160845,3048000
2009-12-04,34.259998,34.500000,34.145000,34.465000,23.412197,3319800
2009-12-07,34.490002,34.650002,34.360001,34.500000,23.435968,2766000
2009-12-08,34.419998,34.535000,34.060001,34.365002,23.344267,3720800
2009-12-09,34.264999,34.560001,34.180000,34.299999,23.300104,3673600
2009-12-10,34.290001,34.560001,34.250000,34.365002,23.344267,3025200
2009-12-11,34.474998,34.764999,34.430000,34.529999,23.456339,4228800
2009-12-14,34.634998,34.689999,34.334999,34.465000,23.412197,3981800
2009-12-15,34.500000,34.500000,34.205002,34.395000,23.364645,3973200
2009-12-16,34.474998,34.619999,34.099998,34.145000,23.194813,5476400
2009-12-17,34.450001,34.965000,34.250000,34.520000,23.449553,8856600
2009-12-18,34.709999,34.939999,34.044998,34.474998,23.418983,7683200
2009-12-21,34.645000,34.910000,34.509998,34.799999,23.639751,4210000
2009-12-22,34.935001,35.490002,34.840000,35.445000,24.077906,7417200
2009-12-23,35.325001,35.485001,35.310001,35.465000,24.091496,2839600
2009-12-24,35.355000,35.500000,35.330002,35.474998,24.098288,1278200
2009-12-28,35.505001,35.900002,35.480000,35.900002,24.386988,4164600
2009-12-29,35.939999,36.044998,35.830002,35.970001,24.434542,3083400
2009-12-30,35.994999,35.994999,35.785000,35.904999,24.390387,2375600
2009-12-31,35.990002,35.990002,35.400002,35.404999,24.050737,2752400
2010-01-04,35.595001,35.639999,35.314999,35.450001,24.081305,5156400
2010-01-05,35.580002,35.590000,34.805000,35.119999,23.857126,7439200
2010-01-06,35.154999,35.459999,34.970001,35.330002,23.999784,4686800
2010-01-07,35.099998,35.715000,34.974998,35.650002,24.557758,6706800
2010-01-08,35.700001,35.700001,35.130001,35.360001,24.357992,4445800
2010-01-11,35.325001,35.459999,35.150002,35.395000,24.382107,2452200
2010-01-12,35.349998,35.720001,35.275002,35.660000,24.564648,3686400
2010-01-13,35.619999,35.955002,35.430000,35.820000,24.674873,4028000
2010-01-14,35.830002,35.895000,35.595001,35.820000,24.674873,2270800
2010-01-15,35.830002,35.985001,35.555000,35.665001,24.568094,3872400
2010-01-19,35.855000,36.125000,35.724998,35.955002,24.767864,5109600
2010-01-20,35.770000,35.770000,35.529999,35.715000,24.602539,4087000
2010-01-21,35.750000,35.965000,35.430000,35.560001,24.495766,5222000
2010-01-22,35.575001,35.924999,35.430000,35.480000,24.440655,7612800
2010-01-25,35.634998,35.869999,35.320000,35.384998,24.375210,3934000
2010-01-26,35.250000,35.525002,34.974998,35.480000,24.440655,5024200
2010-01-27,35.490002,35.895000,35.305000,35.759998,24.633526,5461000
2010-01-28,35.939999,36.230000,35.845001,35.974998,24.781643,6167400
2010-01-29,36.150002,36.154999,35.634998,35.654999,24.561205,5146400
2010-02-01,35.915001,35.915001,35.369999,35.514999,24.464766,5566800
2010-02-02,35.599998,35.810001,35.345001,35.514999,24.464766,7693400
2010-02-03,35.575001,35.575001,35.099998,35.270000,24.296000,6018400
2010-02-04,35.075001,35.125000,34.490002,34.500000,23.765577,8263800
2010-02-05,34.369999,34.540001,34.035000,34.314999,23.638140,5895600
2010-02-08,34.355000,34.630001,34.259998,34.290001,23.620918,3941000
2010-02-09,34.435001,34.910000,34.435001,34.724998,23.920574,3763600
2010-02-10,34.755001,34.865002,34.470001,34.735001,23.927456,3514000
2010-02-11,34.630001,34.724998,34.349998,34.715000,23.913679,4131000
2010-02-12,34.529999,34.830002,34.250000,34.744999,23.934345,5271600
2010-02-16,34.775002,35.330002,34.575001,35.310001,24.323549,4646400
2010-02-17,35.320000,35.575001,35.290001,35.485001,24.444105,3416800
2010-02-18,35.474998,36.020000,35.474998,36.014999,24.809196,4300200
2010-02-19,35.994999,36.235001,35.849998,36.180000,24.922859,2998000
2010-02-22,36.195000,36.240002,35.980000,36.145000,24.898748,2646800
2010-02-23,36.055000,36.200001,35.840000,35.939999,24.757532,2297200
2010-02-24,36.049999,36.169998,35.840000,35.959999,24.771313,2578800
2010-02-25,35.785000,35.889999,35.439999,35.845001,24.692081,4094600
2010-02-26,35.889999,36.195000,35.564999,36.005001,24.802309,3671400
2010-03-01,35.994999,36.389999,35.994999,36.224998,24.953848,4221000
2010-03-02,36.299999,36.490002,36.255001,36.349998,25.039965,4592800
2010-03-03,36.365002,36.630001,36.305000,36.480000,25.129520,3210200
2010-03-04,36.590000,36.615002,35.849998,36.189999,24.929745,6746000
2010-03-05,36.180000,36.445000,36.150002,36.345001,25.036522,3623200
2010-03-08,36.404999,36.404999,35.915001,36.075001,24.850519,3749600
2010-03-09,36.005001,36.299999,36.000000,36.035000,24.822968,3365600
2010-03-10,36.055000,36.209999,35.945000,36.125000,24.884960,4021800
2010-03-11,35.994999,36.310001,35.900002,36.310001,25.012407,2792400
2010-03-12,36.389999,36.500000,36.025002,36.185001,24.926304,3535800
2010-03-15,36.169998,36.345001,36.134998,36.279999,24.991747,3758200
2010-03-16,36.310001,36.695000,36.275002,36.634998,25.236284,4055000
2010-03-17,36.634998,36.665001,36.375000,36.584999,25.201841,3369000
2010-03-18,36.595001,36.869999,36.494999,36.820000,25.363726,4336000
2010-03-19,36.669998,36.974998,36.619999,36.669998,25.260395,5539000
2010-03-22,36.560001,36.625000,36.334999,36.490002,25.136408,6166400
2010-03-23,36.584999,36.840000,36.509998,36.785000,25.339613,4904800
2010-03-24,36.494999,36.650002,36.025002,36.090000,24.860861,9006800
2010-03-25,36.259998,36.275002,35.500000,35.575001,24.506098,8410000
2010-03-26,35.630001,35.630001,35.134998,35.240002,24.275335,5831000
2010-03-29,35.334999,35.535000,35.150002,35.430000,24.406208,5175800
2010-03-30,35.450001,35.680000,35.435001,35.584999,24.512993,6082200
2010-03-31,35.584999,35.605000,35.299999,35.395000,24.382107,5512400
2010-04-01,35.544998,35.845001,35.544998,35.689999,24.585314,5265000
2010-04-05,35.740002,35.830002,35.244999,35.419998,24.399321,5360200
2010-04-06,35.325001,35.455002,35.205002,35.255001,24.285671,5471400
2010-04-07,35.240002,35.244999,34.955002,35.064999,24.154781,5748800
2010-04-08,34.895000,35.154999,34.674999,35.080002,24.507584,5765600
2010-04-09,35.130001,35.435001,35.105000,35.410000,24.738123,4877200
2010-04-12,35.439999,35.520000,35.064999,35.180000,24.577446,4816200
2010-04-13,35.080002,35.430000,34.875000,35.340000,24.689228,7381400
2010-04-14,35.330002,35.575001,35.084999,35.435001,24.755600,5421600
2010-04-15,35.314999,35.450001,35.064999,35.305000,24.664770,4964200
2010-04-16,35.174999,35.404999,34.985001,35.099998,24.521561,5528800
2010-04-19,35.095001,35.180000,34.930000,35.154999,24.559980,5124200
2010-04-20,35.185001,35.264999,35.009998,35.244999,24.622852,4669200
2010-04-21,35.314999,35.450001,35.209999,35.314999,24.671761,4122800
2010-04-22,35.125000,35.445000,34.970001,35.200001,24.591419,3871600
2010-04-23,35.250000,35.314999,34.919998,35.314999,24.671761,5255400
2010-04-26,35.334999,35.494999,35.209999,35.305000,24.664770,4236600
2010-04-27,35.180000,35.220001,34.705002,34.735001,24.266554,4404800
2010-04-28,34.759998,35.165001,34.270000,35.150002,24.556494,7443800
2010-04-29,35.154999,35.689999,35.154999,35.595001,24.867371,5929400
2010-04-30,35.695000,35.889999,35.570000,35.580002,24.856890,6576000
2010-05-03,35.790001,35.840000,35.439999,35.735001,24.965179,4553600
2010-05-04,35.950001,36.000000,35.555000,35.790001,25.003607,8312400
2010-05-05,35.705002,36.424999,35.665001,36.275002,25.342436,7139200
2010-05-06,36.224998,36.445000,34.750000,35.455002,24.769571,9246000
2010-05-07,35.505001,35.505001,34.705002,34.834999,24.336426,10124200
2010-05-10,36.044998,36.044998,35.445000,35.965000,25.125864,5716800
2010-05-11,35.820000,36.389999,35.680000,36.160000,25.262096,5140400
2010-05-12,36.279999,36.755001,36.075001,36.755001,25.677774,6524600
2010-05-13,36.645000,37.099998,36.500000,36.715000,25.649834,5875400
2010-05-14,36.595001,36.669998,36.180000,36.369999,25.408798,6114200
2010-05-17,36.459999,36.990002,36.310001,36.955002,25.817497,6667400
2010-05-18,37.115002,37.224998,36.840000,36.855000,25.747633,5721400
2010-05-19,36.740002,36.895000,36.525002,36.775002,25.691750,7605600
2010-05-20,36.320000,36.439999,35.685001,35.759998,24.982643,6000400
2010-05-21,35.029999,35.860001,35.029999,35.860001,25.052502,7023400
2010-05-24,35.715000,36.150002,35.525002,35.785000,25.000111,4867600
2010-05-25,35.070000,35.474998,34.959999,35.435001,24.755600,6815400
2010-05-26,35.654999,35.715000,35.215000,35.250000,24.626356,5246800
2010-05-27,35.785000,35.805000,35.395000,35.700001,24.940725,5126600
2010-05-28,35.799999,35.919998,35.595001,35.615002,24.881350,4174400
2010-06-01,35.525002,36.349998,35.505001,36.000000,25.150316,6438600
2010-06-02,36.040001,37.150002,36.040001,37.150002,25.953722,7895800
2010-06-03,37.279999,37.570000,37.205002,37.369999,26.107426,7888200
2010-06-04,37.139999,37.139999,36.520000,36.650002,25.604420,6654200
2010-06-07,36.650002,37.840000,36.625000,37.275002,26.041048,7015400
2010-06-08,37.369999,37.695000,37.180000,37.570000,26.247152,19954200
2010-06-09,37.400002,37.709999,37.330002,37.500000,26.198244,10692100
2010-06-10,37.700001,38.040001,37.570000,37.919998,26.491663,7374100
2010-06-11,37.779999,37.779999,37.459999,37.660000,26.310013,6250600
2010-06-14,37.980000,38.320000,37.759998,38.090000,26.610422,5297900
2010-06-15,38.459999,38.459999,37.959999,38.169998,26.666321,7774300
2010-06-16,37.959999,38.400002,37.840000,38.330002,26.778095,4107000
2010-06-17,38.549999,38.980000,38.369999,38.930000,27.197268,6003700
2010-06-18,38.939999,38.980000,38.439999,38.540001,26.924809,5842200
2010-06-21,38.790001,38.849998,37.820000,37.950001,26.512621,6259600
2010-06-22,37.970001,38.139999,37.660000,37.709999,26.344952,5165500
2010-06-23,37.639999,37.990002,37.500000,37.840000,26.435770,4071000
2010-06-24,37.799999,38.009998,37.500000,37.570000,26.247152,5502900
2010-06-25,37.700001,37.799999,37.290001,37.340000,26.086458,8835700
2010-06-28,37.310001,37.639999,37.090000,37.400002,26.128380,5089800
2010-06-29,37.240002,37.430000,36.689999,36.900002,25.779083,6407300
2010-06-30,35.049999,35.900002,34.950001,35.520000,24.814978,14095400
2010-07-01,35.610001,35.680000,35.130001,35.450001,24.766075,8049100
2010-07-02,35.450001,35.639999,35.200001,35.419998,24.745115,5031200
2010-07-06,35.759998,35.930000,35.549999,35.810001,25.017584,7046200
2010-07-07,35.810001,36.459999,35.680000,36.439999,25.457703,6278400
2010-07-08,36.490002,36.830002,36.230000,36.720001,25.851965,7242800
2010-07-09,36.639999,36.720001,36.150002,36.150002,25.450672,6047700
2010-07-12,36.020000,36.270000,35.799999,36.220001,25.499952,5784500
2010-07-13,36.380001,36.610001,36.270000,36.380001,25.612593,4089100
2010-07-14,36.340000,36.410000,36.020000,36.250000,25.521065,3449800
2010-07-15,36.180000,36.310001,35.860001,36.070000,25.394344,5567600
2010-07-16,35.919998,36.080002,35.430000,35.540001,25.021208,6165200
2010-07-19,35.700001,35.700001,35.259998,35.389999,24.915615,4158800
2010-07-20,35.099998,35.419998,35.000000,35.360001,24.894484,5681300
2010-07-21,35.560001,35.560001,34.939999,35.029999,24.662155,4740800
2010-07-22,35.240002,35.480000,35.090000,35.360001,24.894484,5973900
2010-07-23,35.419998,35.580002,35.220001,35.520000,25.007130,4666500
2010-07-26,35.400002,35.689999,35.360001,35.439999,24.950808,4392200
2010-07-27,35.500000,36.000000,35.299999,35.889999,25.267616,5043800
2010-07-28,35.910000,35.910000,35.380001,35.439999,24.950808,3635700
2010-07-29,35.029999,35.110001,34.130001,34.130001,24.028528,10673500
2010-07-30,33.970001,34.480000,33.840000,34.200001,24.077812,8450500
2010-08-02,35.029999,35.029999,34.310001,34.349998,24.183413,6599000
2010-08-03,34.419998,34.419998,33.970001,33.980000,23.922922,4589000
2010-08-04,34.000000,34.700001,34.000000,34.619999,24.373505,3836500
2010-08-05,34.520000,34.520000,33.529999,33.849998,23.831390,10074500
2010-08-06,33.730000,33.730000,33.110001,33.570000,23.634268,7683000
2010-08-09,33.619999,33.869999,33.520000,33.700001,23.725800,4530800
2010-08-10,33.419998,34.150002,33.419998,33.980000,23.922922,5018600
2010-08-11,33.720001,33.980000,33.480000,33.810001,23.803242,5340100
2010-08-12,33.610001,34.439999,33.509998,34.430000,24.239733,9114400
2010-08-13,34.400002,35.169998,34.240002,34.860001,24.542463,7105000
2010-08-16,34.770000,35.160000,34.500000,35.150002,24.746641,6016300
2010-08-17,35.279999,35.540001,34.939999,35.380001,24.908564,4722500
2010-08-18,35.439999,35.540001,35.139999,35.410000,24.929676,4537800
2010-08-19,35.139999,35.290001,34.910000,35.130001,24.732557,4158400
2010-08-20,34.869999,35.200001,34.869999,35.139999,24.739595,3750200
2010-08-23,35.169998,35.619999,35.029999,35.410000,24.929676,6044200
2010-08-24,35.200001,35.700001,35.160000,35.509998,25.000088,6017400
2010-08-25,35.299999,35.580002,35.189999,35.250000,24.817043,4144000
2010-08-26,35.250000,35.410000,34.939999,35.209999,24.788881,5533500
2010-08-27,35.330002,36.020000,35.310001,36.000000,25.345064,4907800
2010-08-30,35.889999,36.200001,35.660000,35.660000,25.105694,4006100
2010-08-31,35.610001,36.200001,35.540001,36.160000,25.457708,4945700
2010-09-01,36.410000,36.490002,35.990002,36.060001,25.387304,4776300
2010-09-02,36.119999,36.310001,36.000000,36.169998,25.464746,3402700
2010-09-03,36.330002,36.330002,35.820000,36.060001,25.387304,4759100
2010-09-07,35.990002,36.169998,35.840000,35.950001,25.309858,2767400
2010-09-08,36.040001,36.470001,36.040001,36.340000,25.584435,3557900
2010-09-09,36.529999,36.740002,36.389999,36.650002,25.802687,3244600
2010-09-10,36.340000,37.200001,36.340000,37.189999,26.182858,4712100
2010-09-13,37.299999,37.299999,36.310001,36.639999,25.795647,4004200
2010-09-14,36.660000,36.660000,36.310001,36.470001,25.675961,3787500
2010-09-15,36.509998,36.750000,36.320000,36.619999,25.781555,3073900
2010-09-16,36.680000,36.779999,36.509998,36.740002,25.866045,3656700
2010-09-17,36.889999,36.889999,36.160000,36.169998,25.464746,8469000
2010-09-20,36.330002,36.500000,36.099998,36.169998,25.464746,7427600
2010-09-21,36.009998,36.119999,35.520000,35.669998,25.112726,9911700
2010-09-22,36.270000,37.139999,35.970001,36.630001,25.788605,8749100
2010-09-23,36.459999,37.430000,36.099998,36.139999,25.443623,3776200
2010-09-24,36.500000,37.360001,36.500000,37.240002,26.218056,7420600
2010-09-27,37.040001,37.230000,36.580002,36.740002,25.866045,6488700
2010-09-28,36.810001,36.970001,36.310001,36.959999,26.020927,4006600
2010-09-29,36.919998,37.000000,36.590000,36.869999,25.957569,3037400
2010-09-30,37.009998,37.209999,36.279999,36.540001,25.725243,5427200
2010-10-01,36.860001,36.959999,36.520000,36.950001,26.013891,3588700
2010-10-04,36.820000,37.169998,36.730000,36.990002,26.042046,3180500
2010-10-05,37.279999,37.400002,37.119999,37.220001,26.203979,3540700
2010-10-06,36.990002,37.299999,36.860001,37.299999,26.459341,4750400
2010-10-07,37.400002,37.430000,37.060001,37.180000,26.374224,3073300
2010-10-08,37.259998,37.259998,36.639999,36.980000,26.232359,5020200
2010-10-11,37.080002,37.180000,36.450001,36.580002,25.948616,4853600
2010-10-12,36.599998,36.950001,36.480000,36.860001,26.147230,4171700
2010-10-13,37.000000,37.520000,37.000000,37.480000,26.587032,5716400
2010-10-14,37.380001,37.540001,37.029999,37.250000,26.423878,3886400
2010-10-15,37.389999,37.439999,37.099998,37.279999,26.445164,3471600
2010-10-18,37.270000,37.439999,37.070000,37.410000,26.537374,3254600
2010-10-19,37.189999,37.360001,36.900002,37.110001,26.324560,3839400
2010-10-20,37.169998,37.490002,37.130001,37.169998,26.367134,2819300
2010-10-21,36.950001,37.509998,36.950001,37.119999,26.331667,4049800
2010-10-22,37.130001,37.389999,37.119999,37.299999,26.459341,2395800
2010-10-25,37.369999,37.700001,37.310001,37.500000,26.601225,3593800
2010-10-26,37.599998,37.599998,37.169998,37.389999,26.523195,2440000
2010-10-27,37.240002,37.259998,36.840000,37.169998,26.367134,2689500
2010-10-28,37.299999,37.529999,37.070000,37.439999,26.558657,2675000
2010-10-29,37.410000,37.630001,37.389999,37.560001,26.643784,2486200
2010-11-01,37.700001,37.700001,36.889999,37.139999,26.345856,4653400
2010-11-02,37.349998,37.439999,36.770000,36.900002,26.175610,5109800
2010-11-03,36.900002,36.970001,36.520000,36.730000,26.055006,4394900
2010-11-04,36.910000,37.000000,36.330002,36.480000,25.877672,6529300
2010-11-05,36.480000,36.590000,36.160000,36.529999,25.913149,4083600
2010-11-08,36.389999,36.810001,36.240002,36.709999,26.040823,3284700
2010-11-09,36.669998,36.709999,35.919998,36.169998,25.657766,5205600
2010-11-10,36.049999,36.130001,35.680000,36.099998,25.608116,4285500
2010-11-11,36.000000,36.700001,36.000000,36.590000,25.955698,5701400
2010-11-12,36.470001,36.580002,36.110001,36.340000,25.778360,3121400
2010-11-15,36.500000,36.669998,35.849998,35.860001,25.437864,4344000
2010-11-16,35.790001,36.009998,35.400002,35.570000,25.232147,4190400
2010-11-17,35.500000,35.799999,34.880001,35.099998,24.898752,7002500
2010-11-18,35.270000,35.400002,35.080002,35.310001,25.047710,4081700
2010-11-19,35.360001,35.360001,35.020000,35.110001,24.905832,4160500
2010-11-22,34.910000,35.349998,34.910000,35.299999,25.040615,4580300
2010-11-23,35.000000,35.220001,34.820000,34.990002,24.820713,5524000
2010-11-24,35.000000,35.310001,35.000000,35.240002,24.998062,2908800
2010-11-26,35.060001,35.270000,34.980000,35.110001,24.905832,1520300
2010-11-29,34.980000,35.500000,34.939999,35.450001,25.147024,5525500
2010-11-30,35.110001,35.480000,35.070000,35.330002,25.061897,5801900
2010-12-01,35.639999,35.709999,35.290001,35.639999,25.281805,3359300
2010-12-02,35.630001,35.820000,35.540001,35.660000,25.295992,5386000
2010-12-03,35.720001,35.880001,35.500000,35.610001,25.260527,3068200
2010-12-06,35.599998,35.599998,35.090000,35.230000,24.990963,5868400
2010-12-07,35.380001,35.439999,34.959999,35.040001,24.856180,7527700
2010-12-08,35.009998,35.529999,35.009998,35.430000,25.132833,3280900
2010-12-09,35.549999,35.790001,35.520000,35.669998,25.303076,4774800
2010-12-10,35.680000,35.860001,35.599998,35.700001,25.324362,3859800
2010-12-13,35.950001,36.000000,35.810001,35.980000,25.522993,4215600
2010-12-14,36.009998,36.470001,35.959999,36.439999,25.849291,5112800
2010-12-15,36.450001,36.599998,36.259998,36.380001,25.806730,4510500
2010-12-16,36.099998,36.779999,36.099998,36.590000,25.955698,7936800
2010-12-17,36.450001,36.450001,35.869999,36.380001,25.806730,8367900
2010-12-20,36.320000,36.360001,36.090000,36.290001,25.742893,3981800
2010-12-21,36.320000,36.389999,35.419998,35.430000,25.132833,7217600
2010-12-22,35.419998,35.669998,35.310001,35.610001,25.260527,3394700
2010-12-23,35.639999,35.910000,35.630001,35.740002,25.352743,1945600
2010-12-27,35.740002,35.849998,35.610001,35.680000,25.310181,1478100
2010-12-28,35.779999,35.810001,35.450001,35.590000,25.246328,2258300
2010-12-29,35.610001,35.680000,35.419998,35.419998,25.125740,2367800
2010-12-30,35.369999,35.560001,35.349998,35.500000,25.182493,1537000
2010-12-31,35.439999,35.900002,35.430000,35.590000,25.246328,2233500
2011-01-03,35.750000,35.959999,35.470001,35.500000,25.182493,4851800
2011-01-04,35.630001,35.720001,35.369999,35.689999,25.317266,5734600
2011-01-05,35.889999,36.680000,35.889999,36.619999,25.976973,10510500
2011-01-06,36.160000,36.389999,35.880001,35.959999,25.705343,5884000
2011-01-07,35.900002,36.009998,35.560001,35.619999,25.462297,4871800
2011-01-10,35.549999,36.060001,35.340000,35.840000,25.619558,5491300
2011-01-11,35.939999,36.200001,35.709999,36.060001,25.776825,4566700
2011-01-12,36.029999,36.759998,36.029999,36.660000,26.205725,5083400
2011-01-13,36.540001,36.630001,36.310001,36.330002,25.969831,3351500
2011-01-14,36.330002,36.529999,35.750000,35.799999,25.590975,5132900
2011-01-18,35.919998,36.000000,35.750000,35.849998,25.626711,4033900
2011-01-19,35.799999,36.000000,35.700001,35.919998,25.676746,4221100
2011-01-20,35.959999,37.230000,35.959999,37.119999,26.534557,8689000
2011-01-21,37.080002,37.169998,36.310001,36.480000,26.077063,6239500
2011-01-24,36.520000,36.770000,36.290001,36.380001,26.005573,4350600
2011-01-25,36.500000,36.580002,35.849998,35.990002,25.726791,5638900
2011-01-26,36.110001,36.110001,35.500000,35.669998,25.498041,4450200
2011-01-27,35.860001,35.860001,35.259998,35.389999,25.297897,4681800
2011-01-28,35.330002,35.490002,34.919998,34.939999,24.976219,5133700
2011-01-31,34.970001,35.060001,34.720001,34.779999,24.861843,3224100
2011-02-01,34.930000,35.020000,34.540001,34.599998,24.733171,5189600
2011-02-02,34.650002,34.939999,34.540001,34.660000,24.776066,5106300
2011-02-03,34.799999,35.049999,34.680000,34.959999,24.990509,7619200
2011-02-04,35.000000,35.630001,34.869999,35.549999,25.412268,4992100
2011-02-07,35.650002,35.709999,35.330002,35.369999,25.283592,5148100
2011-02-08,35.450001,35.750000,35.419998,35.750000,25.555231,3156000
2011-02-09,35.759998,35.930000,35.549999,35.820000,25.605267,3552300
2011-02-10,35.750000,35.919998,35.430000,35.660000,25.490891,4962500
2011-02-11,35.560001,35.930000,35.439999,35.910000,25.669601,4421500
2011-02-14,35.980000,36.139999,35.599998,36.110001,25.812571,3987200
2011-02-15,36.209999,36.209999,35.680000,35.750000,25.555231,4025900
2011-02-16,35.849998,35.950001,35.650002,35.900002,25.662457,3430300
2011-02-17,35.799999,36.200001,35.700001,36.110001,25.812571,3577300
2011-02-18,36.200001,36.209999,35.669998,36.099998,25.805422,4496200
2011-02-22,36.320000,36.919998,36.230000,36.759998,26.277203,6590900
2011-02-23,36.840000,37.270000,36.779999,37.200001,26.591736,9046700
2011-02-24,37.110001,37.310001,36.610001,36.639999,26.191433,5645200
2011-02-25,36.779999,37.160000,36.599998,37.139999,26.548845,3584000
2011-02-28,37.270000,37.450001,37.099998,37.139999,26.548845,4337100
2011-03-01,37.270000,37.270000,36.740002,36.790001,26.298656,4740500
2011-03-02,36.880001,37.000000,36.700001,36.840000,26.334402,3535700
2011-03-03,36.930000,36.990002,36.610001,36.849998,26.341534,4582600
2011-03-04,36.919998,37.250000,36.590000,36.759998,26.277203,3570400
2011-03-07,36.900002,36.990002,36.709999,36.790001,26.298656,2713800
2011-03-08,36.840000,37.299999,36.709999,37.279999,26.648930,2662200
2011-03-09,37.160000,37.480000,37.150002,37.450001,26.770437,2543000
2011-03-10,37.230000,37.459999,36.930000,37.040001,26.477362,3746400
2011-03-11,37.090000,37.380001,37.020000,37.310001,26.670370,2173100
2011-03-14,37.189999,37.220001,36.849998,36.919998,26.391584,2305500
2011-03-15,36.470001,36.680000,36.330002,36.549999,26.127096,3326500
2011-03-16,36.430000,36.570000,35.950001,36.049999,25.769678,3766600
2011-03-17,36.299999,36.439999,35.029999,36.130001,25.826868,8869100
2011-03-18,36.500000,36.980000,36.320000,36.650002,26.198580,5043200
2011-03-21,36.810001,37.209999,36.730000,37.119999,26.534557,3535000
2011-03-22,37.099998,37.230000,36.689999,36.910000,26.384428,3518200
2011-03-23,36.290001,36.599998,35.680000,36.240002,25.905497,7905000
2011-03-24,36.410000,36.700001,36.310001,36.549999,26.127096,3545000
2011-03-25,36.660000,36.910000,36.459999,36.500000,26.091351,3158600
2011-03-28,36.619999,36.759998,36.560001,36.570000,26.141388,2889500
2011-03-29,36.580002,36.650002,36.380001,36.599998,26.162832,2648000
2011-03-30,36.740002,36.900002,36.599998,36.750000,26.270060,2624100
2011-03-31,36.639999,36.790001,36.520000,36.549999,26.127096,2566600
2011-04-01,36.549999,36.689999,36.369999,36.389999,26.012718,3968200
2011-04-04,36.500000,36.619999,36.470001,36.540001,26.119947,3096200
2011-04-05,36.549999,36.689999,36.259998,36.320000,25.962683,3703400
2011-04-06,36.389999,36.630001,36.209999,36.470001,26.069910,5124100
2011-04-07,36.160000,36.349998,35.889999,35.990002,25.925842,4588400
2011-04-08,36.049999,36.439999,36.009998,36.209999,26.084311,4516500
2011-04-11,36.099998,36.770000,36.090000,36.500000,26.293219,3839400
2011-04-12,36.400002,36.740002,36.320000,36.590000,26.358053,3265100
2011-04-13,36.639999,36.869999,36.500000,36.590000,26.358053,2406300
2011-04-14,36.580002,37.090000,36.470001,37.049999,26.689415,3640500
2011-04-15,37.209999,37.380001,36.980000,37.349998,26.905529,4687200
2011-04-18,37.099998,37.500000,37.040001,37.180000,26.783068,3870900
2011-04-19,37.150002,37.549999,37.090000,37.549999,27.049608,3851400
2011-04-20,37.880001,38.169998,37.610001,38.009998,27.380959,7456400
2011-04-21,37.970001,37.990002,37.750000,37.910000,27.308926,3726200
2011-04-25,37.790001,38.389999,37.790001,38.209999,27.525043,5924500
2011-04-26,38.320000,38.500000,38.240002,38.490002,27.726740,4700000
2011-04-27,38.500000,38.580002,38.299999,38.529999,27.755558,3634900
2011-04-28,38.450001,38.630001,38.320000,38.500000,27.733942,3930800
2011-04-29,38.480000,38.750000,38.419998,38.580002,27.791571,3053900
2011-05-02,38.680000,39.099998,38.669998,38.930000,28.043699,6970300
2011-05-03,38.919998,39.320000,38.900002,39.279999,28.295824,4394400
2011-05-04,39.130001,39.240002,38.750000,38.810001,27.957268,3273400
2011-05-05,38.700001,38.750000,38.290001,38.410000,27.669117,3682700
2011-05-06,38.680000,38.950001,38.529999,38.669998,27.856407,2904900
2011-05-09,38.680000,38.779999,38.490002,38.709999,27.885231,3196500
2011-05-10,38.730000,39.099998,38.709999,39.000000,28.094128,2291800
2011-05-11,38.959999,39.119999,38.680000,38.799999,27.950054,2230200
2011-05-12,38.610001,39.509998,38.540001,39.509998,28.461512,4348800
2011-05-13,39.520000,39.770000,39.410000,39.720001,28.612789,4126500
2011-05-16,39.570000,39.740002,39.389999,39.610001,28.533548,3142400
2011-05-17,39.529999,39.900002,39.500000,39.869999,28.720844,4727700
2011-05-18,39.900002,39.910000,39.650002,39.889999,28.735247,4229300
2011-05-19,39.950001,39.970001,39.720001,39.950001,28.778481,3806900
2011-05-20,39.910000,40.000000,39.639999,39.720001,28.612789,3339500
2011-05-23,39.549999,39.840000,39.430000,39.759998,28.641607,2705600
2011-05-24,39.799999,39.799999,39.400002,39.560001,28.497534,2617200
2011-05-25,39.450001,39.450001,39.000000,39.180000,28.223801,3037900
2011-05-26,39.200001,39.230000,38.830002,39.130001,28.187775,3592200
2011-05-27,39.130001,39.389999,39.009998,39.290001,28.303026,1930300
2011-05-31,39.560001,39.779999,39.180000,39.770000,28.648806,3566600
2011-06-01,39.610001,39.630001,39.200001,39.220001,28.252605,2831300
2011-06-02,38.830002,39.209999,38.310001,38.450001,27.697926,4361800
2011-06-03,38.130001,38.180000,37.849998,37.939999,27.330534,3452700
2011-06-06,37.959999,38.119999,37.759998,37.810001,27.236902,4505300
2011-06-07,37.980000,38.060001,37.770000,37.849998,27.265709,2802900
2011-06-08,37.750000,38.000000,37.549999,37.930000,27.323349,2131200
2011-06-09,37.939999,38.320000,37.759998,38.060001,27.416986,2388000
2011-06-10,37.970001,38.090000,37.520000,37.560001,27.056799,2851000
2011-06-13,37.599998,38.220001,37.549999,38.090000,27.438597,2585900
2011-06-14,38.290001,38.330002,37.849998,38.279999,27.575460,3102600
2011-06-15,37.900002,38.139999,37.599998,37.730000,27.179268,2994000
2011-06-16,37.290001,37.959999,37.259998,37.880001,27.287319,4076300
2011-06-17,38.070000,38.349998,37.950001,37.950001,27.337742,4516600
2011-06-20,37.840000,38.400002,37.840000,38.330002,27.611483,2667000
2011-06-21,38.380001,38.630001,38.299999,38.330002,27.611483,4046700
2011-06-22,38.189999,38.320000,37.840000,37.930000,27.323349,3653100
2011-06-23,37.650002,37.650002,36.930000,37.189999,26.790268,7381000
2011-06-24,37.209999,37.389999,36.830002,36.849998,26.545338,7725000
2011-06-27,36.970001,37.320000,36.919998,37.250000,26.833496,5077700
2011-06-28,37.389999,37.500000,37.040001,37.209999,26.804678,6305200
2011-06-29,36.869999,37.810001,36.549999,37.380001,26.927147,9634400
2011-06-30,37.360001,37.509998,37.009998,37.220001,26.811888,6863600
2011-07-01,36.880001,37.400002,36.840000,37.349998,26.905529,4093900
2011-07-05,36.959999,37.240002,36.820000,37.160000,26.768658,3988000
2011-07-06,37.080002,37.330002,37.020000,37.299999,26.869507,3316600
2011-07-07,37.189999,37.250000,36.779999,37.009998,26.880402,5895000
2011-07-08,36.900002,37.000000,36.700001,36.810001,26.735140,4768100
2011-07-11,36.599998,36.930000,36.590000,36.860001,26.771461,4334100
2011-07-12,36.820000,37.209999,36.730000,37.049999,26.909451,4305500
2011-07-13,37.220001,37.270000,36.750000,36.880001,26.785986,4541100
2011-07-14,36.820000,37.669998,36.709999,37.360001,27.134607,8369000
2011-07-15,37.279999,37.759998,37.200001,37.750000,27.417871,8631000
2011-07-18,37.610001,37.639999,37.080002,37.400002,27.163664,4515400
2011-07-19,37.590000,37.919998,37.439999,37.810001,27.461451,6434700
2011-07-20,37.910000,37.980000,37.540001,37.730000,27.403337,3307100
2011-07-21,37.889999,38.000000,37.720001,37.849998,27.490494,4271600
2011-07-22,37.930000,37.990002,37.770000,37.820000,27.468708,2487000
2011-07-25,37.430000,37.919998,37.430000,37.709999,27.388817,3201200
2011-07-26,37.790001,37.889999,37.540001,37.799999,27.454193,3237400
2011-07-27,37.810001,37.959999,37.430000,37.520000,27.250818,5741000
2011-07-28,37.509998,37.799999,37.259998,37.290001,27.083767,2951900
2011-07-29,37.110001,37.650002,36.980000,37.349998,27.127344,4416800
2011-08-01,37.910000,37.910000,36.820000,37.110001,26.953024,3727200
2011-08-02,36.939999,37.009998,36.500000,36.500000,26.509989,4148400
2011-08-03,36.549999,36.709999,36.230000,36.709999,26.662516,4356000
2011-08-04,36.459999,37.119999,35.770000,35.799999,26.001579,7513200
2011-08-05,36.099998,36.779999,35.590000,36.480000,26.495466,8439600
2011-08-08,35.660000,36.560001,35.590000,35.610001,25.863590,11873200
2011-08-09,35.650002,36.080002,34.639999,36.009998,26.154102,9961500
2011-08-10,35.599998,35.880001,34.810001,34.950001,25.384232,9284900
2011-08-11,35.049999,36.150002,34.820000,35.779999,25.987059,7901000
2011-08-12,35.869999,36.250000,35.599998,36.169998,26.270311,5589000
2011-08-15,36.419998,36.610001,36.029999,36.610001,26.589884,3150400
2011-08-16,36.400002,36.830002,36.250000,36.669998,26.633461,5311300
2011-08-17,36.820000,37.070000,36.580002,36.730000,26.677040,3395200
2011-08-18,36.240002,36.740002,35.939999,36.299999,26.364733,6554300
2011-08-19,36.099998,36.590000,35.810001,35.810001,26.008852,6084000
2011-08-22,36.169998,36.360001,35.970001,36.209999,26.299358,4169400
2011-08-23,36.250000,36.750000,36.049999,36.750000,26.691572,4092400
2011-08-24,36.700001,37.080002,36.430000,36.990002,26.865879,3918200
2011-08-25,37.009998,37.130001,36.360001,36.590000,26.575354,4063400
2011-08-26,36.520000,36.820000,35.840000,36.680000,26.640726,3543400
2011-08-29,36.950001,37.549999,36.849998,37.549999,27.272606,3005400
2011-08-30,37.419998,37.900002,37.150002,37.660000,27.352499,3638800
2011-08-31,37.740002,38.090000,37.619999,37.910000,27.534075,4029300
2011-09-01,37.939999,38.180000,37.680000,37.709999,27.388817,3483100
2011-09-02,37.299999,37.740002,37.290001,37.410000,27.170925,2993900
2011-09-06,36.700001,37.099998,36.540001,36.889999,26.793249,4910100
2011-09-07,37.320000,37.619999,37.110001,37.560001,27.279860,3782300
2011-09-08,37.459999,38.189999,37.330002,37.900002,27.526821,4235300
2011-09-09,37.709999,37.759998,37.230000,37.520000,27.250818,6165200
2011-09-12,37.259998,37.490002,36.610001,37.200001,27.018398,5877800
2011-09-13,37.250000,37.279999,36.759998,36.970001,26.851347,5408900
2011-09-14,37.060001,37.459999,36.750000,37.189999,27.011139,6150100
2011-09-15,37.290001,37.910000,37.290001,37.799999,27.454193,4223300
2011-09-16,37.919998,38.189999,37.650002,37.700001,27.381544,7003600
2011-09-19,37.389999,37.669998,36.950001,37.540001,27.265343,3999100
2011-09-20,37.930000,38.029999,37.270000,37.490002,27.229029,4415300
2011-09-21,37.970001,39.560001,37.970001,38.439999,27.919014,12665900
2011-09-22,37.869999,39.799999,37.759998,39.500000,28.688900,19654500
2011-09-23,38.950001,39.200001,38.560001,38.869999,28.231318,9001300
2011-09-26,39.029999,39.580002,38.849998,39.480000,28.674368,5614600
2011-09-27,39.869999,39.880001,39.330002,39.450001,28.652586,7191000
2011-09-28,39.430000,39.639999,38.619999,38.639999,28.064280,5917900
2011-09-29,38.939999,39.169998,38.619999,38.910000,28.260376,5555100
2011-09-30,38.790001,39.169998,38.470001,38.490002,27.955326,5289100
2011-10-03,38.259998,38.610001,37.950001,37.959999,27.570389,5491000
2011-10-04,37.619999,38.080002,37.369999,38.040001,27.628498,7200000
2011-10-05,37.830002,37.970001,37.529999,37.939999,27.778580,4606800
2011-10-06,37.860001,38.220001,37.790001,38.169998,27.946989,4455000
2011-10-07,38.220001,39.000000,38.090000,38.750000,28.371643,5345100
2011-10-10,39.060001,39.340000,38.759998,39.310001,28.781668,3395400
2011-10-11,39.430000,40.250000,39.400002,39.919998,29.228291,8266500
2011-10-12,39.980000,40.099998,39.529999,39.779999,29.125786,5538000
2011-10-13,39.570000,39.650002,39.029999,39.320000,28.788996,3808600
2011-10-14,39.540001,39.820000,39.250000,39.660000,29.037933,3563900
2011-10-17,39.439999,39.720001,39.279999,39.360001,28.818287,3102400
2011-10-18,39.340000,39.930000,39.029999,39.740002,29.096502,4154300
2011-10-19,39.790001,39.950001,39.340000,39.450001,28.884178,3651600
2011-10-20,39.549999,39.790001,39.180000,39.369999,28.825594,4490500
2011-10-21,39.810001,40.009998,39.599998,39.790001,29.133104,4779100
2011-10-24,39.820000,39.900002,39.070000,39.099998,28.627907,5442900
2011-10-25,39.160000,39.330002,38.790001,38.820000,28.422907,4002300
2011-10-26,39.040001,39.099998,38.630001,38.990002,28.547369,3945000
2011-10-27,39.650002,39.770000,39.070000,39.290001,28.767019,5552400
2011-10-28,39.290001,39.450001,38.830002,39.130001,28.649874,4800500
2011-10-31,39.040001,39.180000,38.509998,38.529999,28.210569,4595500
2011-11-01,38.110001,38.529999,37.990002,38.310001,28.049496,5831800
2011-11-02,38.610001,38.669998,38.330002,38.590000,28.254496,3257700
2011-11-03,38.099998,39.000000,37.900002,38.959999,28.525402,4972800
2011-11-04,38.820000,38.860001,38.389999,38.669998,28.313074,3215400
2011-11-07,38.580002,39.419998,38.540001,39.360001,28.818287,3211600
2011-11-08,39.410000,39.560001,39.049999,39.500000,28.920784,3373100
2011-11-09,39.070000,39.209999,38.720001,38.820000,28.422907,3506800
2011-11-10,39.209999,39.299999,38.779999,39.160000,28.671833,2623700
2011-11-11,39.270000,39.680000,39.270000,39.560001,28.964710,1892000
2011-11-14,39.560001,39.610001,39.240002,39.279999,28.759695,2120500
2011-11-15,39.320000,39.669998,39.250000,39.599998,28.993994,2202100
2011-11-16,39.290001,39.330002,38.869999,38.910000,28.488794,3695300
2011-11-17,38.709999,39.060001,38.419998,38.619999,28.276461,3313300
2011-11-18,38.860001,39.000000,38.520000,38.549999,28.225216,4038100
2011-11-21,38.099998,38.500000,38.099998,38.369999,28.093426,3515700
2011-11-22,38.250000,38.630001,38.169998,38.470001,28.166645,2661600
2011-11-23,38.230000,38.320000,37.900002,37.959999,27.793232,3050700
2011-11-25,38.080002,38.389999,38.029999,38.230000,27.990923,1372700
2011-11-28,38.740002,38.900002,38.330002,38.500000,28.188602,3772500
2011-11-29,38.500000,39.290001,38.500000,39.060001,28.598627,4000100
2011-11-30,39.480000,39.950001,39.200001,39.950001,29.250257,4893400
2011-12-01,39.910000,40.060001,39.799999,39.900002,29.213646,4404900
2011-12-02,39.970001,40.040001,39.650002,39.959999,29.257580,3339500
2011-12-05,40.139999,40.500000,39.980000,40.209999,29.440622,3551500
2011-12-06,40.110001,40.630001,40.099998,40.450001,29.616352,4031000
2011-12-07,40.419998,40.720001,40.180000,40.560001,29.696890,3565900
2011-12-08,40.450001,40.560001,40.150002,40.240002,29.462587,3776200
2011-12-09,40.400002,40.540001,40.299999,40.419998,29.594378,2953700
2011-12-12,40.320000,40.529999,39.880001,40.090000,29.352764,3283300
2011-12-13,40.230000,40.310001,39.680000,39.790001,29.133104,4115800
2011-12-14,39.650002,39.950001,39.650002,39.730000,29.089170,2858800
2011-12-15,39.939999,40.110001,39.880001,39.959999,29.257580,3408900
2011-12-16,40.250000,40.250000,39.590000,39.720001,29.081858,5116000
2011-12-19,39.790001,40.009998,39.520000,39.590000,28.986670,3851500
2011-12-20,38.980000,39.380001,38.520000,39.270000,28.752386,8657700
2011-12-21,39.380001,40.169998,39.320000,40.160000,29.404015,4746000
2011-12-22,40.330002,40.529999,40.060001,40.310001,29.513844,3410500
2011-12-23,40.279999,40.610001,40.259998,40.570000,29.704187,2437100
2011-12-27,40.610001,40.799999,40.500000,40.610001,29.733494,1826600
2011-12-28,40.669998,40.689999,40.419998,40.439999,29.609013,1638100
2011-12-29,40.590000,40.700001,40.470001,40.660000,29.770098,2053400
2011-12-30,40.459999,40.540001,40.369999,40.410000,29.587048,1847600
2012-01-03,40.590000,40.700001,40.040001,40.299999,29.506529,4401000
2012-01-04,40.430000,40.590000,40.340000,40.540001,29.682238,3842100
2012-01-05,40.459999,40.750000,40.369999,40.720001,29.814035,4044700
2012-01-06,40.500000,40.540001,40.060001,40.070000,29.559521,3962400
2012-01-09,40.080002,40.150002,39.830002,40.000000,29.507891,2819600
2012-01-10,40.090000,40.380001,40.040001,40.330002,29.751331,3686300
2012-01-11,40.180000,40.490002,40.180000,40.419998,29.817717,3048700
2012-01-12,40.430000,40.700001,40.430000,40.639999,29.980015,2939700
2012-01-13,40.520000,40.750000,40.470001,40.639999,29.980015,3099100
2012-01-17,40.799999,41.060001,40.660000,40.770000,30.075909,2917400
2012-01-18,40.770000,41.049999,40.639999,41.049999,30.282471,3715300
2012-01-19,41.040001,41.049999,40.709999,40.950001,30.208693,1945000
2012-01-20,40.860001,40.880001,40.250000,40.669998,30.002134,3652900
2012-01-23,40.689999,40.689999,40.320000,40.630001,29.972635,2364100
2012-01-24,40.549999,40.549999,40.090000,40.099998,29.581661,3302800
2012-01-25,40.250000,40.660000,39.980000,40.619999,29.965250,3056800
2012-01-26,40.660000,40.810001,40.279999,40.389999,29.795576,2643800
2012-01-27,40.380001,40.470001,39.810001,40.029999,29.530010,2666600
2012-01-30,39.759998,39.970001,39.680000,39.860001,29.404610,2885100
2012-01-31,39.970001,40.049999,39.630001,39.830002,29.382483,2592400
2012-02-01,40.160000,40.389999,39.980000,40.020000,29.522638,3092600
2012-02-02,40.150002,40.240002,39.630001,39.930000,29.456242,4821600
2012-02-03,40.230000,40.410000,39.830002,39.849998,29.397224,4363700
2012-02-06,39.799999,39.970001,39.650002,39.669998,29.264439,3681200
2012-02-07,39.680000,39.810001,39.290001,39.389999,29.057888,5183100
2012-02-08,39.400002,39.500000,38.990002,39.020000,28.784933,6318700
2012-02-09,39.049999,39.220001,38.810001,39.080002,28.829205,5536700
2012-02-10,38.779999,39.090000,38.720001,39.090000,28.836582,3256500
2012-02-13,39.139999,39.520000,39.110001,39.340000,29.020994,4100400
2012-02-14,39.340000,39.880001,39.340000,39.799999,29.360346,5603900
2012-02-15,39.869999,40.000000,39.410000,39.610001,29.220186,4071200
2012-02-16,39.759998,39.919998,39.509998,39.779999,29.345591,3774300
2012-02-17,38.980000,39.259998,38.110001,38.340000,28.283302,14101900
2012-02-21,38.369999,38.490002,38.020000,38.230000,28.202162,5106000
2012-02-22,38.270000,38.680000,38.220001,38.660000,28.519373,6579300
2012-02-23,38.639999,39.299999,38.529999,38.630001,28.497242,5706100
2012-02-24,38.570000,38.720001,38.000000,38.150002,28.143145,9979200
2012-02-27,38.070000,38.160000,38.000000,38.040001,28.061998,7472200
2012-02-28,37.930000,38.110001,37.759998,38.090000,28.098881,7693300
2012-02-29,38.090000,38.520000,38.029999,38.310001,28.261177,4663900
2012-03-01,38.360001,38.419998,37.910000,38.169998,28.157896,6598400
2012-03-02,38.029999,38.389999,38.000000,38.189999,28.172644,5122500
2012-03-05,38.070000,38.880001,38.049999,38.599998,28.475111,5097800
2012-03-06,38.549999,38.669998,38.279999,38.360001,28.298061,3630400
2012-03-07,38.369999,38.560001,38.279999,38.459999,28.371830,4273700
2012-03-08,38.639999,38.680000,38.450001,38.470001,28.379211,3524900
2012-03-09,38.470001,38.680000,38.310001,38.580002,28.460356,3280400
2012-03-12,38.279999,38.660000,38.189999,38.509998,28.408716,3607200
2012-03-13,38.619999,38.660000,38.320000,38.590000,28.467724,4762100
2012-03-14,38.509998,38.709999,38.369999,38.500000,28.401333,3345600
2012-03-15,38.400002,38.709999,38.279999,38.689999,28.541504,3577900
2012-03-16,38.740002,39.330002,38.650002,38.830002,28.644772,5342700
2012-03-19,38.849998,38.950001,38.580002,38.720001,28.563623,3252800
2012-03-20,38.520000,38.840000,38.509998,38.759998,28.593142,4084700
2012-03-21,38.669998,38.689999,38.230000,38.580002,28.460356,5158500
2012-03-22,38.639999,38.680000,38.400002,38.610001,28.482481,3803400
2012-03-23,38.610001,38.919998,38.549999,38.849998,28.659533,3781800
2012-03-26,39.000000,39.349998,38.970001,39.240002,28.947231,5130400
2012-03-27,39.240002,39.369999,39.080002,39.110001,28.851336,3034200
2012-03-28,39.049999,39.169998,38.980000,39.150002,28.880844,2546100
2012-03-29,39.020000,39.200001,38.900002,39.119999,28.858713,3957000
2012-03-30,39.310001,39.590000,39.209999,39.450001,29.102158,5927200
2012-04-02,39.160000,39.709999,38.930000,39.619999,29.227560,5437900
2012-04-03,39.830002,39.900002,39.410000,39.639999,29.242313,5848900
2012-04-04,39.520000,39.799999,39.490002,39.689999,29.279188,5591700
2012-04-05,39.360001,39.369999,38.869999,39.000000,28.992983,6015400
2012-04-09,38.740002,38.919998,38.599998,38.709999,28.777399,2886900
2012-04-10,38.619999,38.709999,38.500000,38.509998,28.628719,3235600
2012-04-11,38.709999,38.830002,38.500000,38.570000,28.673315,2759500
2012-04-12,38.560001,38.759998,38.410000,38.759998,28.814571,3032700
2012-04-13,38.730000,38.950001,38.689999,38.700001,28.769960,3267400
2012-04-16,38.730000,38.840000,38.500000,38.740002,28.799698,3471400
2012-04-17,38.820000,39.169998,38.619999,39.119999,29.082190,3567500
2012-04-18,38.970001,39.209999,38.970001,39.110001,29.074770,3349500
2012-04-19,39.070000,39.139999,38.869999,39.020000,29.007847,3417000
2012-04-20,39.099998,39.169998,38.939999,38.939999,28.948370,3305700
2012-04-23,38.599998,38.779999,38.540001,38.610001,28.703058,4308000
2012-04-24,38.639999,39.009998,38.590000,38.639999,28.725359,3833100
2012-04-25,38.810001,38.970001,38.639999,38.799999,28.844299,2590700
2012-04-26,38.799999,39.020000,38.660000,38.900002,28.918653,2495600
2012-04-27,39.020000,39.090000,38.830002,38.930000,28.940943,2261900
2012-04-30,38.950001,38.980000,38.820000,38.889999,28.911209,2174000
2012-05-01,39.060001,39.150002,38.750000,38.930000,28.940943,2665900
2012-05-02,38.889999,38.939999,38.580002,38.689999,28.762524,2853200
2012-05-03,38.599998,38.730000,38.450001,38.470001,28.598976,3564300
2012-05-04,38.500000,38.669998,38.299999,38.320000,28.487463,3889000
2012-05-07,38.299999,38.639999,38.200001,38.529999,28.643578,3366800
2012-05-08,38.439999,38.880001,38.380001,38.820000,28.859167,4110700
2012-05-09,38.669998,39.150002,38.650002,38.910000,28.926071,4647800
2012-05-10,39.000000,39.369999,38.900002,39.250000,29.178843,3360800
2012-05-11,39.250000,39.529999,39.099998,39.270000,29.193703,2593500
2012-05-14,39.110001,39.279999,39.009998,39.160000,29.111931,3159800
2012-05-15,39.119999,39.639999,39.080002,39.580002,29.424166,6467700
2012-05-16,39.549999,39.720001,39.380001,39.639999,29.468763,5436200
2012-05-17,39.689999,39.700001,39.189999,39.189999,29.134233,3401900
2012-05-18,39.340000,39.349998,38.730000,38.950001,28.955812,5358900
2012-05-21,38.990002,39.009998,38.360001,38.549999,28.658445,4189400
2012-05-22,38.549999,38.639999,38.419998,38.580002,28.680746,3616800
2012-05-23,38.560001,38.630001,38.230000,38.590000,28.688189,3860000
2012-05-24,38.709999,39.020000,38.520000,38.980000,28.978117,4071700
2012-05-25,38.939999,39.130001,38.889999,39.080002,29.052458,3324800
2012-05-29,39.189999,39.259998,38.959999,39.070000,29.045023,3589200
2012-05-30,38.980000,39.310001,38.480000,38.520000,28.636147,5433300
2012-05-31,38.439999,38.529999,38.240002,38.279999,28.457729,4224300
2012-06-01,38.090000,38.220001,37.869999,37.900002,28.175236,4340200
2012-06-04,37.799999,37.919998,37.639999,37.840000,28.130627,3676700
2012-06-05,37.740002,37.860001,37.509998,37.799999,28.100899,2889300
2012-06-06,37.849998,37.990002,37.599998,37.930000,28.197538,6514700
2012-06-07,38.130001,38.320000,37.959999,38.020000,28.264446,5342900
2012-06-08,38.099998,38.209999,37.950001,38.200001,28.398254,3776100
2012-06-11,38.279999,38.380001,37.900002,37.910000,28.182667,4138500
2012-06-12,37.910000,38.049999,37.860001,37.939999,28.204962,4069500
2012-06-13,37.990002,38.119999,37.750000,38.029999,28.271873,4404100
2012-06-14,38.119999,38.259998,37.900002,38.090000,28.316484,3897400
2012-06-15,38.230000,38.540001,38.130001,38.459999,28.591547,4066000
2012-06-18,38.430000,38.750000,38.369999,38.650002,28.732798,2079400
2012-06-19,38.639999,38.919998,38.500000,38.799999,28.844299,3025100
2012-06-20,38.799999,38.939999,38.630001,38.720001,28.784830,3578200
2012-06-21,38.849998,38.959999,38.360001,38.360001,28.517199,3797100
2012-06-22,38.480000,38.580002,38.320000,38.439999,28.576670,2751600
2012-06-25,38.310001,38.529999,38.209999,38.430000,28.569244,4295500
2012-06-26,38.549999,38.549999,38.040001,38.150002,28.361086,4103100
2012-06-27,37.759998,37.869999,36.750000,37.549999,27.915039,8711700
2012-06-28,37.660000,37.860001,37.259998,37.799999,28.100899,6332700
2012-06-29,38.189999,38.540001,37.970001,38.540001,28.651022,5555200
2012-07-02,38.410000,39.000000,38.270000,38.980000,28.978117,4636300
2012-07-03,39.000000,39.180000,38.770000,39.020000,29.007847,2958800
2012-07-05,39.029999,39.220001,38.849998,39.040001,29.022715,4597500
2012-07-06,38.720001,38.840000,38.430000,38.759998,29.060219,3832200
2012-07-09,38.799999,38.820000,38.290001,38.459999,28.835287,4032000
2012-07-10,38.500000,38.720001,38.439999,38.650002,28.977741,4979100
2012-07-11,38.790001,39.330002,38.689999,39.130001,29.337608,6225100
2012-07-12,38.919998,39.090000,38.689999,38.820000,29.105185,4845500
2012-07-13,38.950001,39.099998,38.830002,39.040001,29.270130,4238500
2012-07-16,39.000000,39.090000,38.680000,38.770000,29.067711,3756500
2012-07-17,38.910000,38.919998,38.540001,38.849998,29.127686,4488100
2012-07-18,38.759998,39.049999,38.650002,39.009998,29.247648,3186600
2012-07-19,39.009998,39.060001,38.740002,38.980000,29.225143,3321000
2012-07-20,38.919998,38.919998,38.400002,38.779999,29.075207,5326000
2012-07-23,38.619999,38.619999,38.060001,38.209999,28.647850,4398500
2012-07-24,38.209999,38.240002,37.770000,37.910000,28.422924,3491300
2012-07-25,38.020000,38.139999,37.720001,37.959999,28.460413,3321700
2012-07-26,38.240002,38.400002,38.070000,38.189999,28.632845,3332900
2012-07-27,38.299999,38.610001,38.220001,38.520000,28.880272,5519600
2012-07-30,38.439999,38.849998,38.419998,38.740002,29.045214,3037300
2012-07-31,38.689999,38.830002,38.590000,38.700001,29.015226,3716700
2012-08-01,38.790001,38.950001,38.080002,38.430000,28.812796,6000200
2012-08-02,37.970001,38.240002,37.900002,38.020000,28.505394,5202400
2012-08-03,38.299999,38.770000,38.160000,38.520000,28.880272,4604500
2012-08-06,38.570000,38.810001,38.450001,38.490002,28.857767,4073400
2012-08-07,38.459999,38.500000,38.230000,38.340000,28.745316,3551000
2012-08-08,38.419998,38.610001,38.310001,38.400002,28.790300,4435700
2012-08-09,38.430000,38.610001,38.369999,38.529999,28.887758,2810900
2012-08-10,38.490002,38.669998,38.310001,38.630001,28.962740,2003800
2012-08-13,38.509998,38.619999,38.439999,38.500000,28.865273,2421300
2012-08-14,38.529999,38.590000,38.330002,38.419998,28.805288,2844900
2012-08-15,38.330002,38.470001,38.209999,38.349998,28.752811,3513500
2012-08-16,38.330002,38.500000,38.290001,38.490002,28.857767,5074100
2012-08-17,38.410000,38.500000,38.389999,38.500000,28.865273,3537300
2012-08-20,38.430000,38.840000,38.430000,38.810001,29.097698,3641600
2012-08-21,38.799999,38.820000,38.570000,38.630001,28.962740,3229300
2012-08-22,38.549999,38.630001,38.360001,38.459999,28.835287,2849000
2012-08-23,38.529999,38.540001,38.299999,38.330002,28.737822,2501400
2012-08-24,38.290001,39.090000,38.290001,39.040001,29.270130,5481100
2012-08-27,39.009998,39.549999,39.009998,39.410000,29.547544,5142400
2012-08-28,39.369999,39.689999,39.369999,39.439999,29.570032,3655200
2012-08-29,39.549999,39.759998,39.430000,39.570000,29.667509,4648300
2012-08-30,39.529999,39.590000,39.230000,39.340000,29.495058,2967200
2012-08-31,39.470001,39.470001,39.150002,39.330002,29.487574,3606100
2012-09-04,39.150002,39.380001,39.029999,39.330002,29.487574,4182800
2012-09-05,39.299999,39.299999,38.860001,38.990002,29.232655,3584000
2012-09-06,39.220001,39.349998,39.110001,39.320000,29.480068,4129100
2012-09-07,39.330002,39.480000,39.139999,39.240002,29.420090,4537200
2012-09-10,39.320000,39.430000,39.169998,39.290001,29.457573,3080900
2012-09-11,39.360001,39.389999,39.080002,39.290001,29.457573,4441900
2012-09-12,39.360001,39.500000,39.090000,39.299999,29.465069,3605500
2012-09-13,39.299999,39.490002,38.930000,39.459999,29.585032,4422500
2012-09-14,39.250000,39.250000,38.779999,38.889999,29.157677,6385200
2012-09-17,38.799999,39.139999,38.790001,38.959999,29.210161,4793100
2012-09-18,38.959999,39.400002,38.959999,39.310001,29.472574,7412600
2012-09-19,39.599998,40.240002,39.450001,40.020000,30.004887,10463700
2012-09-20,40.080002,40.759998,40.080002,40.439999,30.319786,6822800
2012-09-21,40.450001,40.520000,40.169998,40.299999,30.214819,6507800
2012-09-24,40.220001,40.340000,40.040001,40.230000,30.162334,2818700
2012-09-25,40.270000,40.340000,40.000000,40.110001,30.072372,4297300
2012-09-26,40.060001,40.220001,39.910000,39.950001,29.952408,3502700
2012-09-27,39.959999,40.080002,39.700001,39.889999,29.907415,3067700
2012-09-28,39.820000,39.900002,39.540001,39.849998,29.877432,3073300
2012-10-01,39.790001,40.160000,39.720001,39.970001,29.967409,3551000
2012-10-02,40.070000,40.250000,39.950001,40.119999,30.079863,3334500
2012-10-03,40.169998,40.259998,39.900002,40.169998,30.117346,2952800
2012-10-04,40.240002,40.369999,40.119999,40.320000,30.229811,2794500
2012-10-05,40.200001,40.310001,39.990002,40.049999,30.275173,3208500
2012-10-08,39.849998,40.070000,39.650002,39.810001,30.093744,2558000
2012-10-09,39.779999,39.930000,39.509998,39.509998,29.866968,3090900
2012-10-10,39.599998,39.849998,39.560001,39.580002,29.919884,2843800
2012-10-11,39.759998,39.820000,39.500000,39.500000,29.859417,3947100
2012-10-12,39.599998,39.630001,39.070000,39.189999,29.625065,3639700
2012-10-15,39.220001,39.419998,39.110001,39.299999,29.708214,3580700
2012-10-16,39.529999,39.860001,39.430000,39.700001,30.010599,3121500
2012-10-17,39.880001,40.209999,39.750000,40.070000,30.290283,2625000
2012-10-18,40.080002,40.619999,39.930000,40.500000,30.615345,4411400
2012-10-19,40.500000,40.520000,39.950001,39.990002,30.229816,3724700
2012-10-22,39.900002,39.959999,39.450001,39.820000,30.101305,2886200
2012-10-23,39.540001,39.660000,39.320000,39.480000,29.844292,2740200
2012-10-24,39.540001,39.779999,39.500000,39.580002,29.919884,3176700
2012-10-25,39.779999,39.910000,39.650002,39.910000,30.169342,3069700
2012-10-26,39.950001,39.970001,39.630001,39.849998,30.123980,3013500
2012-10-31,39.810001,40.090000,39.750000,40.080002,30.297853,5189400
2012-11-01,40.169998,40.299999,39.849998,40.180000,30.373444,3925700
2012-11-02,40.290001,40.349998,39.779999,39.810001,30.093744,3431900
2012-11-05,39.700001,39.869999,39.509998,39.770000,30.063507,4154800
2012-11-06,39.810001,40.040001,39.759998,39.799999,30.086189,3684300
2012-11-07,39.720001,39.980000,39.470001,39.720001,30.025715,3876300
2012-11-08,39.669998,39.669998,39.310001,39.310001,29.715784,3512100
2012-11-09,39.230000,39.660000,39.150002,39.369999,29.761139,2662100
2012-11-12,39.380001,39.410000,39.139999,39.200001,29.632624,2503000
2012-11-13,39.180000,39.580002,39.160000,39.349998,29.746012,3632800
2012-11-14,39.349998,40.299999,39.349998,39.860001,30.131538,7973500
2012-11-15,39.790001,40.000000,39.750000,39.869999,30.139099,5461800
2012-11-16,39.910000,39.970001,39.549999,39.790001,30.078623,4133000
2012-11-19,39.939999,40.459999,39.919998,40.459999,30.585112,4361600
2012-11-20,40.310001,40.490002,40.099998,40.419998,30.554859,3437400
2012-11-21,40.430000,40.470001,40.220001,40.459999,30.585112,2369900
2012-11-23,40.500000,40.770000,40.410000,40.770000,30.819441,1329400
2012-11-26,40.650002,40.689999,40.340000,40.450001,30.577551,2358200
2012-11-27,40.500000,40.889999,40.500000,40.619999,30.706038,2750900
2012-11-28,40.599998,40.779999,40.480000,40.650002,30.728731,3570800
2012-11-29,40.590000,40.889999,40.570000,40.799999,30.842115,3349100
2012-11-30,40.820000,40.990002,40.599998,40.990002,30.985750,4754900
2012-12-03,41.029999,41.029999,40.480000,40.480000,30.600220,3952600
2012-12-04,40.580002,40.750000,40.509998,40.630001,30.713608,3221600
2012-12-05,40.689999,40.990002,40.639999,40.950001,30.955513,3353400
2012-12-06,41.029999,41.029999,40.520000,40.730000,30.789204,2947300
2012-12-07,40.830002,40.950001,40.660000,40.939999,30.947947,3072200
2012-12-10,40.939999,41.009998,40.759998,41.000000,30.993303,3099300
2012-12-11,41.049999,41.490002,40.980000,41.389999,31.288115,4471400
2012-12-12,41.430000,41.459999,41.139999,41.279999,31.204969,3719900
2012-12-13,41.330002,41.619999,41.290001,41.490002,31.363722,3731700
2012-12-14,41.400002,41.520000,41.299999,41.450001,31.333481,3118900
2012-12-17,41.500000,41.730000,41.369999,41.730000,31.545151,4312200
2012-12-18,41.639999,41.770000,41.360001,41.770000,31.575377,5527000
2012-12-19,41.790001,41.880001,41.160000,41.270000,31.197405,5644900
2012-12-20,41.470001,41.650002,41.310001,41.570000,31.424192,3531400
2012-12-21,41.520000,41.650002,40.759998,41.099998,31.068907,5812700
2012-12-24,41.029999,41.160000,40.860001,41.000000,30.993303,1139300
2012-12-26,40.980000,41.070000,40.580002,40.700001,30.766527,2235100
2012-12-27,40.700001,40.790001,40.310001,40.580002,30.675816,2259700
2012-12-28,40.400002,40.549999,40.040001,40.060001,30.282730,3316700
2012-12-31,39.849998,40.459999,39.750000,40.419998,30.554859,4230900
2013-01-02,40.900002,41.320000,40.759998,41.320000,31.235201,3998000
2013-01-03,41.439999,41.490002,41.169998,41.340000,31.250334,4064900
2013-01-04,41.439999,41.869999,41.290001,41.770000,31.575377,4054700
2013-01-07,41.599998,41.750000,41.419998,41.599998,31.446873,4724300
2013-01-08,41.189999,41.380001,41.000000,41.270000,31.446869,4949100
2013-01-09,41.270000,41.369999,41.040001,41.230000,31.416388,2847500
2013-01-10,41.290001,41.599998,41.150002,41.599998,31.698317,3760400
2013-01-11,40.990002,41.150002,40.439999,40.619999,30.951574,7339100
2013-01-14,40.689999,41.080002,40.650002,40.930000,31.187809,3475300
2013-01-15,40.869999,40.910000,40.700001,40.820000,31.103977,3275200
2013-01-16,40.830002,41.020000,40.740002,40.840000,31.119213,3312400
2013-01-17,40.930000,41.310001,40.900002,41.150002,31.355433,3050200
2013-01-18,41.189999,41.369999,41.110001,41.369999,31.523067,2954500
2013-01-22,41.389999,41.599998,41.320000,41.490002,31.614508,2745300
2013-01-23,41.490002,41.599998,41.270000,41.509998,31.629738,2192500
2013-01-24,41.439999,41.830002,41.439999,41.700001,31.774519,2632200
2013-01-25,41.860001,41.869999,41.660000,41.750000,31.812614,2596900
2013-01-28,41.700001,41.820000,41.540001,41.740002,31.805002,2625500
2013-01-29,41.660000,42.009998,41.599998,41.970001,31.980251,2555000
2013-01-30,41.959999,42.180000,41.849998,42.040001,32.033596,3014000
2013-01-31,42.040001,42.240002,41.939999,41.939999,31.957390,3714700
2013-02-01,42.310001,42.450001,42.029999,42.130001,32.102161,2771400
2013-02-04,41.970001,42.119999,41.720001,41.750000,31.812614,2818000
2013-02-05,41.939999,42.330002,41.910000,42.130001,32.102161,3319700
2013-02-06,42.000000,42.360001,41.959999,42.360001,32.277431,3520700
2013-02-07,42.310001,42.610001,42.270000,42.470001,32.361244,2790500
2013-02-08,42.450001,42.660000,42.410000,42.599998,32.460297,2092000
2013-02-11,42.590000,42.669998,42.500000,42.669998,32.513638,2359600
2013-02-12,42.610001,42.990002,42.599998,42.970001,32.742233,3851700
2013-02-13,42.980000,43.090000,42.849998,42.980000,32.749847,3084900
2013-02-14,43.200001,44.520000,43.020000,44.310001,33.763294,11824000
2013-02-15,44.590000,44.619999,44.139999,44.590000,33.976639,6661400
2013-02-19,44.669998,45.439999,44.500000,45.430000,34.616699,6384900
2013-02-20,45.389999,45.730000,45.139999,45.470001,34.647175,5389200
2013-02-21,45.389999,45.450001,45.180000,45.330002,34.540501,3933800
2013-02-22,45.330002,45.669998,45.259998,45.669998,34.799576,3040900
2013-02-25,45.740002,46.009998,45.419998,45.419998,34.609070,4307400
2013-02-26,45.570000,46.029999,45.470001,46.009998,35.058651,5022800
2013-02-27,46.000000,46.369999,45.820000,46.279999,35.264378,2607700
2013-02-28,46.279999,46.470001,46.099998,46.250000,35.241535,3379400
2013-03-01,46.220001,46.529999,45.810001,46.389999,35.348202,5480000
2013-03-04,46.360001,46.490002,46.240002,46.450001,35.393913,4240500
2013-03-05,46.500000,46.689999,46.389999,46.490002,35.424397,4314000
2013-03-06,46.549999,46.720001,46.380001,46.430000,35.378677,3459200
2013-03-07,46.450001,46.689999,46.400002,46.459999,35.401539,3282000
2013-03-08,46.520000,46.619999,46.299999,46.330002,35.302479,3265300
2013-03-11,46.060001,46.200001,45.560001,45.700001,34.822441,6328800
2013-03-12,45.560001,46.349998,45.509998,46.270000,35.256756,4696000
2013-03-13,46.320000,46.500000,46.169998,46.480000,35.416771,3630000
2013-03-14,46.490002,46.529999,46.200001,46.419998,35.371063,3569700
2013-03-15,46.209999,46.400002,46.020000,46.240002,35.233906,5181400
2013-03-18,45.980000,46.459999,45.930000,46.330002,35.302479,3547000
2013-03-19,46.380001,46.500000,46.169998,46.419998,35.371063,4179600
2013-03-20,46.570000,48.020000,46.410000,47.610001,36.277802,9057800
2013-03-21,47.549999,48.310001,47.299999,47.860001,36.468304,7078500
2013-03-22,47.939999,48.290001,47.900002,48.150002,36.689285,3324800
2013-03-25,48.169998,48.639999,47.849998,48.080002,36.635937,3381800
2013-03-26,48.189999,48.630001,48.090000,48.630001,37.055031,3557300
2013-03-27,48.580002,48.950001,48.549999,48.790001,37.176952,3858500
2013-03-28,48.970001,49.369999,48.820000,49.310001,37.573177,4746600
2013-04-01,48.250000,48.980000,48.209999,48.680000,37.093128,4340200
2013-04-02,48.810001,49.139999,48.680000,48.810001,37.192192,3659600
2013-04-03,48.799999,48.799999,48.130001,48.270000,36.780712,4437000
2013-04-04,48.349998,49.049999,48.349998,49.020000,37.352200,5303300
2013-04-05,48.750000,48.849998,48.410000,48.740002,37.138847,3624400
2013-04-08,48.340000,48.700001,48.200001,48.700001,37.361328,3088600
2013-04-09,48.790001,48.950001,48.340000,48.689999,37.353661,2939000
2013-04-10,48.810001,49.169998,48.689999,49.029999,37.614494,3526200
2013-04-11,49.200001,49.580002,49.049999,49.250000,37.783276,3174100
2013-04-12,49.160000,49.410000,48.950001,49.349998,37.859978,2314700
2013-04-15,49.169998,49.480000,48.970001,49.060001,37.637520,4136300
2013-04-16,49.259998,49.880001,49.060001,49.860001,38.251251,3186000
2013-04-17,49.740002,49.849998,49.419998,49.540001,38.005749,3421200
2013-04-18,49.610001,49.910000,49.520000,49.860001,38.251251,3724600
2013-04-19,49.970001,50.520000,49.900002,50.340000,38.619488,4231600
2013-04-22,50.330002,50.529999,50.139999,50.450001,38.703880,1877200
2013-04-23,50.529999,50.900002,50.200001,50.680000,38.880333,3335800
2013-04-24,50.680000,50.779999,49.310001,49.340000,37.852318,5661900
2013-04-25,49.419998,49.680000,49.220001,49.389999,37.890675,3900700
2013-04-26,49.419998,49.820000,49.389999,49.680000,38.113155,2366500
2013-04-29,49.700001,50.299999,49.700001,50.209999,38.519764,2821800
2013-04-30,50.099998,50.419998,49.880001,50.419998,38.680866,2827100
2013-05-01,50.450001,50.750000,50.340000,50.400002,38.665535,3348400
2013-05-02,50.349998,50.590000,50.169998,50.450001,38.703880,2626300
2013-05-03,50.689999,50.869999,50.430000,50.720001,38.911022,2733100
2013-05-06,50.549999,50.610001,49.520000,49.590000,38.044121,4080400
2013-05-07,49.730000,50.759998,49.639999,50.759998,38.941711,4117400
2013-05-08,50.730000,50.840000,49.740002,49.939999,38.312626,4217300
2013-05-09,50.029999,50.130001,49.500000,49.630001,38.074810,3073300
2013-05-10,49.680000,49.980000,49.580002,49.910000,38.289612,2728300
2013-05-13,49.869999,50.299999,49.430000,50.090000,38.427700,3009000
2013-05-14,50.139999,50.709999,50.110001,50.630001,38.841980,3625000
2013-05-15,50.520000,50.970001,50.160000,50.930000,39.072124,2849500
2013-05-16,50.869999,50.970001,50.450001,50.470001,38.719238,2616800
2013-05-17,50.410000,50.529999,49.860001,50.360001,38.634834,3260500
2013-05-20,50.419998,50.639999,49.090000,49.130001,37.691216,5327000
2013-05-21,49.130001,49.520000,48.869999,49.360001,37.867668,4614300
2013-05-22,49.299999,49.790001,48.889999,49.029999,37.614494,4708200
2013-05-23,48.799999,48.970001,48.240002,48.849998,37.476406,3959800
2013-05-24,48.750000,48.980000,48.369999,48.980000,37.576141,2725000
2013-05-28,49.439999,49.490002,48.869999,49.110001,37.675869,2902500
2013-05-29,48.779999,49.150002,47.840000,48.180000,36.962402,4187800
2013-05-30,47.930000,48.279999,47.619999,47.840000,36.701561,3755400
2013-05-31,47.619999,47.810001,47.080002,47.080002,36.118515,6859300
2013-06-03,47.139999,47.500000,46.180000,47.500000,36.440735,6212600
2013-06-04,47.529999,48.049999,47.389999,47.869999,36.724579,3966400
2013-06-05,47.779999,47.790001,47.169998,47.189999,36.202896,3180400
2013-06-06,47.259998,47.480000,47.049999,47.400002,36.364002,3970200
2013-06-07,47.639999,48.130001,47.509998,48.080002,36.885681,3431900
2013-06-10,48.110001,48.200001,47.720001,48.200001,36.977749,2954600
2013-06-11,48.110001,48.730000,47.790001,48.330002,37.077469,3647300
2013-06-12,49.320000,49.320000,48.439999,48.459999,37.177204,3372200
2013-06-13,48.450001,49.070000,48.099998,49.020000,37.606823,2969800
2013-06-14,49.000000,49.529999,48.939999,49.290001,37.813961,3097800
2013-06-17,49.520000,49.970001,49.369999,49.799999,38.205219,3137000
2013-06-18,49.840000,49.990002,49.430000,49.910000,38.289612,2256100
2013-06-19,49.700001,50.020000,49.110001,49.180000,37.729572,3676400
2013-06-20,48.860001,49.119999,48.150002,48.209999,36.985413,4301000
2013-06-21,48.580002,48.840000,48.349998,48.639999,37.315304,4961100
2013-06-24,48.349998,48.820000,48.119999,48.320000,37.069809,4339000
2013-06-25,48.720001,49.020000,48.180000,48.330002,37.077469,3466600
2013-06-26,48.070000,48.250000,47.560001,48.099998,36.901031,5121000
2013-06-27,48.389999,48.750000,48.290001,48.340000,37.085152,4370600
2013-06-28,48.360001,48.840000,48.230000,48.529999,37.230911,5136500
2013-07-01,48.540001,49.130001,48.529999,48.790001,37.430378,2996800
2013-07-02,48.779999,49.310001,48.660000,49.169998,37.721897,3222800
2013-07-03,49.119999,49.209999,48.779999,48.950001,37.553135,2144900
2013-07-05,49.029999,49.270000,48.619999,49.029999,37.614494,2432800
2013-07-08,48.980000,49.520000,48.790001,49.299999,38.117058,3989300
2013-07-09,49.509998,49.730000,49.389999,49.529999,38.294868,3030200
2013-07-10,49.580002,50.000000,49.509998,49.910000,38.588696,3447900
2013-07-11,50.430000,51.130001,50.430000,51.029999,39.454620,3838000
2013-07-12,50.990002,51.400002,50.660000,51.090000,39.501015,3587300
2013-07-15,51.150002,51.580002,51.090000,51.220001,39.601524,2628000
2013-07-16,51.139999,51.290001,50.799999,51.150002,39.547409,2230500
2013-07-17,51.310001,51.410000,51.029999,51.139999,39.539688,2115400
2013-07-18,51.150002,51.490002,51.150002,51.259998,39.632462,2000100
2013-07-19,51.459999,51.799999,51.299999,51.680000,39.957199,2337600
2013-07-22,51.730000,51.830002,51.430000,51.529999,39.841213,1791000
2013-07-23,51.540001,51.669998,51.250000,51.459999,39.787094,2441600
2013-07-24,51.580002,51.590000,50.740002,51.060001,39.477818,3102100
2013-07-25,51.040001,51.500000,50.810001,51.430000,39.763905,1755900
2013-07-26,51.310001,51.529999,50.889999,51.509998,39.825745,2033900
2013-07-29,51.520000,51.980000,51.400002,51.830002,40.073166,2163300
2013-07-30,51.849998,52.380001,51.810001,51.889999,40.119545,2771500
2013-07-31,52.130001,52.279999,51.830002,52.000000,40.204597,3307200
2013-08-01,53.029999,53.070000,52.450001,52.730000,40.769009,4468900
2013-08-02,52.660000,52.660000,51.959999,52.349998,40.475204,3806100
2013-08-05,52.340000,52.689999,52.000000,52.570000,40.645306,2290700
2013-08-06,52.560001,52.779999,52.349998,52.610001,40.676231,2074600
2013-08-07,52.549999,52.660000,52.169998,52.439999,40.544792,1976100
2013-08-08,52.689999,52.849998,52.400002,52.669998,40.722618,1772900
2013-08-09,52.669998,52.700001,52.279999,52.419998,40.529331,1777000
2013-08-12,52.310001,52.610001,52.119999,52.490002,40.583447,1879100
2013-08-13,52.500000,52.770000,52.369999,52.419998,40.529331,2216600
2013-08-14,52.369999,52.500000,52.020000,52.049999,40.243259,2870100
2013-08-15,51.459999,51.560001,50.130001,50.549999,39.083511,5434800
2013-08-16,50.020000,50.099998,49.130001,49.380001,38.178909,5824000
2013-08-19,49.279999,49.660000,49.279999,49.500000,38.271702,2878000
2013-08-20,49.540001,49.740002,49.400002,49.400002,38.194378,3211300
2013-08-21,49.439999,49.580002,49.020000,49.070000,37.939224,3340600
2013-08-22,49.110001,49.540001,48.869999,49.299999,38.117058,2349000
2013-08-23,49.450001,49.930000,49.349998,49.820000,38.519104,2293100
2013-08-26,49.860001,49.950001,49.380001,49.380001,38.178909,3278000
2013-08-27,49.090000,49.490002,49.000000,49.139999,37.993343,3593000
2013-08-28,49.020000,49.189999,48.730000,48.740002,37.684074,2936700
2013-08-29,48.689999,49.439999,48.250000,49.209999,38.047478,3515400
2013-08-30,49.240002,49.369999,48.950001,49.320000,38.132515,3064300
2013-09-03,49.669998,49.799999,48.810001,49.189999,38.031998,3163800
2013-09-04,49.080002,49.290001,48.849998,49.099998,37.962410,3007600
2013-09-05,49.139999,49.139999,48.680000,49.099998,37.962410,3636300
2013-09-06,49.250000,49.500000,48.849998,49.189999,38.031998,2652600
2013-09-09,49.150002,49.430000,48.990002,49.060001,37.931496,3423700
2013-09-10,49.320000,49.480000,48.599998,48.709999,37.660881,5745700
2013-09-11,48.650002,48.959999,48.439999,48.799999,37.730461,6864400
2013-09-12,48.820000,48.939999,48.599998,48.880001,37.792324,9576800
2013-09-13,49.000000,49.250000,48.910000,49.250000,38.078396,2717700
2013-09-16,49.740002,50.070000,49.660000,49.730000,38.449512,3230800
2013-09-17,49.700001,50.070000,49.700001,49.779999,38.488171,2772400
2013-09-18,50.000000,50.360001,49.099998,50.150002,38.774246,5001500
2013-09-19,49.770000,49.770000,48.419998,48.830002,37.753666,5492400
2013-09-20,48.820000,48.830002,48.450001,48.660000,37.622231,5411900
2013-09-23,48.680000,48.730000,48.330002,48.639999,37.606766,2881600
2013-09-24,48.830002,49.099998,48.500000,48.849998,37.769135,3374800
2013-09-25,48.750000,48.869999,48.380001,48.380001,37.405743,3272200
2013-09-26,48.480000,48.639999,48.299999,48.520000,37.513981,1728900
2013-09-27,48.299999,48.400002,47.990002,48.080002,37.173790,2842600
2013-09-30,47.770000,47.930000,47.500000,47.919998,37.050087,3262800
2013-10-01,47.730000,48.000000,47.549999,47.980000,37.096478,3161000
2013-10-02,47.910000,48.009998,47.400002,48.009998,37.119671,3764900
2013-10-03,47.950001,47.990002,47.360001,47.630001,36.825874,3210800
2013-10-04,47.630001,48.000000,47.520000,47.950001,37.073288,2423800
2013-10-07,47.910000,48.240002,47.660000,47.990002,37.104210,3374200
2013-10-08,47.849998,47.849998,47.360001,47.410000,36.948345,4241400
2013-10-09,47.540001,47.970001,47.310001,47.680000,37.158764,3358900
2013-10-10,47.990002,48.450001,47.959999,48.450001,37.758846,3408600
2013-10-11,48.400002,48.480000,48.160000,48.349998,37.680912,1960000
2013-10-14,48.200001,48.459999,47.889999,48.340000,37.673122,2036600
2013-10-15,48.250000,48.400002,47.860001,47.910000,37.337997,1936900
2013-10-16,48.209999,48.799999,48.169998,48.770000,38.008240,2941400
2013-10-17,48.639999,49.070000,48.630001,48.970001,38.164108,2789500
2013-10-18,49.160000,49.310001,49.040001,49.189999,38.335552,2339800
2013-10-21,48.799999,49.040001,48.459999,48.970001,38.164108,3986100
2013-10-22,49.049999,49.820000,49.009998,49.650002,38.694057,2451100
2013-10-23,49.450001,50.230000,49.450001,50.020000,38.982407,2751200
2013-10-24,49.970001,50.110001,49.709999,49.910000,38.896679,1649400
2013-10-25,49.900002,50.070000,49.709999,50.060001,39.013580,1360800
2013-10-28,50.009998,50.980000,50.009998,50.700001,39.512356,3460300
2013-10-29,50.770000,51.119999,50.720001,51.060001,39.792919,1886500
2013-10-30,51.110001,51.110001,50.490002,50.639999,39.465595,2060900
2013-10-31,50.650002,50.799999,50.360001,50.419998,39.294144,2620900
2013-11-01,50.549999,50.750000,50.110001,50.320000,39.216206,3600600
2013-11-04,50.500000,50.750000,50.240002,50.459999,39.325317,1976200
2013-11-05,50.240002,50.770000,50.090000,50.700001,39.512356,2347400
2013-11-06,50.970001,51.250000,50.669998,51.150002,39.863052,1727200
2013-11-07,51.049999,51.240002,50.299999,50.400002,39.278561,2694000
2013-11-08,50.200001,50.540001,49.650002,50.540001,39.387661,2618000
2013-11-11,50.599998,50.820000,50.279999,50.450001,39.317520,1642500
2013-11-12,50.439999,50.480000,50.099998,50.459999,39.325317,1974200
2013-11-13,50.270000,50.889999,50.090000,50.880001,39.652641,2484600
2013-11-14,50.970001,51.570000,50.880001,51.529999,40.159199,2125100
2013-11-15,51.520000,51.660000,50.900002,51.310001,39.987747,2338000
2013-11-18,51.250000,51.320000,50.520000,50.950001,39.707195,3182100
2013-11-19,50.540001,50.580002,49.950001,50.380001,39.262970,4195400
2013-11-20,50.459999,50.459999,49.200001,49.240002,38.374527,5515700
2013-11-21,49.340000,49.689999,49.230000,49.419998,38.514812,2737700
2013-11-22,49.450001,50.220001,49.310001,50.119999,39.060337,3025500
2013-11-25,50.259998,50.410000,49.820000,49.880001,38.873302,2222500
2013-11-26,50.060001,50.680000,50.040001,50.480000,39.340893,4162900
2013-11-27,50.490002,50.610001,50.380001,50.529999,39.379883,1663000
2013-11-29,50.509998,50.919998,50.349998,50.430000,39.301929,1216100
2013-12-02,50.220001,50.430000,49.939999,50.259998,39.169441,1996400
2013-12-03,50.200001,50.599998,50.000000,50.599998,39.434425,2226600
2013-12-04,50.310001,50.939999,50.189999,50.709999,39.520149,2143100
2013-12-05,50.490002,50.669998,50.180000,50.259998,39.169441,2578400
2013-12-06,50.630001,51.509998,50.590000,51.500000,40.135830,3245200
2013-12-09,51.549999,51.959999,51.250000,51.439999,40.089066,2958200
2013-12-10,51.270000,51.299999,50.450001,50.730000,39.535732,2762200
2013-12-11,50.790001,50.930000,50.349998,50.590000,39.426628,3494100
2013-12-12,50.450001,50.459999,49.500000,49.570000,38.631706,4073200
2013-12-13,49.590000,49.910000,49.369999,49.639999,38.686264,2781900
2013-12-16,49.779999,50.119999,49.599998,49.910000,38.896679,3360200
2013-12-17,49.849998,50.130001,49.349998,49.580002,38.639500,3729000
2013-12-18,48.849998,49.750000,48.240002,49.730000,38.756413,7334500
2013-12-19,50.279999,50.279999,48.529999,49.360001,38.468048,5780700
2013-12-20,49.320000,49.560001,49.070000,49.299999,38.421291,5604800
2013-12-23,49.299999,49.450001,48.680000,49.160000,38.312180,3259100
2013-12-24,49.230000,49.500000,49.160000,49.279999,38.405701,1114600
2013-12-26,49.450001,49.740002,49.330002,49.700001,38.733028,2162900
2013-12-27,49.810001,50.110001,49.630001,49.840000,38.842129,1805500
2013-12-30,49.900002,50.000000,49.689999,49.959999,38.935638,2052100
2013-12-31,49.930000,50.009998,49.630001,49.910000,38.896679,1928800
2014-01-02,49.599998,49.680000,49.270000,49.400002,38.499226,2205500
2014-01-03,49.410000,49.560001,49.099998,49.259998,38.390118,2309700
2014-01-06,49.380001,49.599998,49.080002,49.340000,38.452457,3260200
2014-01-07,49.639999,49.939999,49.259998,49.849998,38.849918,4606800
2014-01-08,49.340000,49.419998,48.400002,48.570000,38.143135,5747800
2014-01-09,48.639999,49.070000,48.599998,49.000000,38.480816,4565600
2014-01-10,49.169998,49.310001,49.040001,49.290001,38.708553,2797700
2014-01-13,49.130001,49.470001,48.730000,48.810001,38.331608,2674600
2014-01-14,48.270000,49.020000,48.250000,48.799999,38.323753,4311800
2014-01-15,48.930000,48.950001,48.349998,48.400002,38.009632,3929400
2014-01-16,48.299999,48.730000,48.259998,48.520000,38.103867,3255100
2014-01-17,48.439999,48.599998,48.220001,48.279999,37.915386,3790700
2014-01-21,48.549999,48.799999,48.290001,48.540001,38.119572,3473800
2014-01-22,48.540001,48.980000,48.500000,48.770000,38.300198,2986500
2014-01-23,48.500000,48.830002,48.209999,48.709999,38.253075,3504100
2014-01-24,48.450001,49.110001,48.279999,48.279999,37.915386,4033200
2014-01-27,48.340000,48.790001,48.279999,48.529999,38.111710,3413400
2014-01-28,48.529999,49.130001,48.500000,48.959999,38.449413,3129000
2014-01-29,48.669998,48.709999,47.849998,47.939999,37.648380,5125700
2014-01-30,48.070000,48.660000,47.939999,48.570000,38.143135,3290600
2014-01-31,48.020000,48.369999,47.720001,48.020000,37.711205,3734200
2014-02-03,48.070000,48.070000,46.830002,46.860001,36.800236,4716800
2014-02-04,46.990002,47.290001,46.900002,47.090000,36.980850,2649200
2014-02-05,46.889999,47.459999,46.700001,47.360001,37.192886,3004400
2014-02-06,47.490002,47.750000,47.310001,47.660000,37.428486,3025100
2014-02-07,47.740002,48.130001,47.669998,48.049999,37.734753,2376800
2014-02-10,47.959999,48.349998,47.840000,48.310001,37.938953,1863000
2014-02-11,48.130001,49.000000,47.900002,48.930000,38.425846,3307000
2014-02-12,48.799999,49.110001,48.470001,48.529999,38.111710,2918400
2014-02-13,48.270000,49.270000,48.259998,49.189999,38.630024,2607400
2014-02-14,49.139999,49.950001,49.080002,49.889999,39.179756,3774600
2014-02-18,49.939999,49.939999,49.360001,49.680000,39.014839,2825900
2014-02-19,49.470001,49.650002,49.180000,49.270000,38.692848,2131600
2014-02-20,49.270000,49.939999,49.209999,49.779999,39.093380,2436000
2014-02-21,49.889999,50.090000,49.490002,49.509998,38.881336,2937200
2014-02-24,49.730000,50.060001,49.619999,49.849998,39.148346,2828300
2014-02-25,49.930000,50.270000,49.810001,50.049999,39.305412,2760400
2014-02-26,50.090000,50.290001,49.570000,49.660000,38.999134,2141600
2014-02-27,49.480000,49.830002,49.450001,49.779999,39.093380,2172300
2014-02-28,49.820000,50.320000,49.790001,50.029999,39.289700,3337200
2014-03-03,49.520000,50.009998,49.520000,49.860001,39.156197,3464600
2014-03-04,50.220001,50.759998,50.119999,50.740002,39.847282,3823600
2014-03-05,50.619999,50.910000,50.459999,50.639999,39.768738,2317300
2014-03-06,50.580002,50.840000,50.560001,50.669998,39.792313,1962100
2014-03-07,50.730000,50.840000,50.430000,50.799999,39.894402,1808600
2014-03-10,50.549999,50.570000,50.279999,50.450001,39.619537,2581800
2014-03-11,50.560001,50.840000,50.400002,50.740002,39.847282,2281100
2014-03-12,50.610001,51.400002,50.549999,51.349998,40.326321,2964600
2014-03-13,51.389999,51.669998,50.799999,51.009998,40.059319,3737200
2014-03-14,49.439999,50.320000,49.439999,49.770000,39.085522,5782700
2014-03-17,50.040001,50.529999,49.970001,50.430000,39.603840,3428800
2014-03-18,50.709999,50.990002,50.349998,50.709999,39.823719,3077500
2014-03-19,50.650002,51.400002,50.610001,50.740002,39.847282,3425700
2014-03-20,50.880001,51.290001,50.720001,51.049999,40.090733,3369600
2014-03-21,51.439999,51.700001,51.029999,51.029999,40.075020,6460100
2014-03-24,51.220001,51.439999,50.720001,50.720001,39.831573,3534500
2014-03-25,51.029999,51.250000,50.799999,51.080002,40.114292,3425200
2014-03-26,51.049999,51.209999,50.840000,51.099998,40.129990,4643700
2014-03-27,51.070000,51.360001,50.959999,51.080002,40.114292,4844200
2014-03-28,51.369999,51.520000,51.130001,51.299999,40.287064,1943100
2014-03-31,51.529999,52.000000,51.490002,51.820000,40.695427,2995600
2014-04-01,51.650002,51.889999,51.380001,51.779999,40.664013,2782200
2014-04-02,51.849998,51.860001,51.430000,51.619999,40.538368,2339700
2014-04-03,51.919998,52.330002,51.540001,52.230000,41.017422,3611400
2014-04-04,51.919998,52.020000,51.209999,51.250000,40.247807,4452200
2014-04-07,51.450001,52.299999,51.340000,51.849998,40.718990,5409100
2014-04-08,51.439999,51.540001,51.110001,51.279999,40.592335,4559300
2014-04-09,51.220001,51.410000,51.049999,51.270000,40.584423,3248000
2014-04-10,51.360001,52.040001,50.980000,51.000000,40.370701,4626400
2014-04-11,51.020000,51.540001,50.970001,51.150002,40.489426,4236400
2014-04-14,51.470001,51.549999,51.040001,51.299999,40.608177,2618200
2014-04-15,51.340000,51.430000,51.049999,51.250000,40.568588,4045300
2014-04-16,51.560001,52.400002,51.480000,52.259998,41.368088,3755700
2014-04-17,52.230000,52.250000,51.849998,52.090000,41.233521,2648800
2014-04-21,52.070000,52.490002,51.919998,52.299999,41.399750,2039100
2014-04-22,52.160000,52.400002,52.020000,52.189999,41.312672,2163100
2014-04-23,52.230000,52.650002,52.130001,52.369999,41.455166,2660800
2014-04-24,52.330002,52.540001,52.240002,52.430000,41.502663,2290600
2014-04-25,52.430000,52.669998,52.139999,52.290001,41.391834,2205000
2014-04-28,52.580002,53.320000,52.509998,53.169998,42.088428,3315500
2014-04-29,53.270000,53.389999,52.770000,52.810001,41.803455,2055600
2014-04-30,52.779999,53.090000,52.750000,53.020000,41.969688,2273400
2014-05-01,53.220001,53.250000,52.459999,52.680000,41.700554,2115300
2014-05-02,52.540001,52.889999,52.470001,52.750000,41.755959,1943300
2014-05-05,52.580002,53.060001,52.450001,53.009998,41.961769,1773700
2014-05-06,52.990002,53.340000,52.840000,52.860001,41.843037,2309100
2014-05-07,53.070000,53.639999,53.040001,53.540001,42.381325,2637700
2014-05-08,53.439999,53.689999,53.320000,53.669998,42.484211,2208800
2014-05-09,53.660000,54.450001,53.590000,54.400002,43.062080,3889000
2014-05-12,54.549999,54.779999,54.080002,54.259998,42.951260,2748200
2014-05-13,54.259998,54.500000,54.230000,54.369999,43.038330,1788100
2014-05-14,54.400002,54.419998,54.009998,54.099998,42.824596,1480600
2014-05-15,53.980000,54.180000,53.320000,53.410000,42.278408,3143200
2014-05-16,53.320000,53.840000,53.320000,53.810001,42.595039,2657400
2014-05-19,53.560001,53.820000,53.439999,53.720001,42.523800,1241400
2014-05-20,53.700001,53.700001,53.270000,53.480000,42.333813,2100900
2014-05-21,53.500000,53.560001,53.160000,53.480000,42.333813,1842700
2014-05-22,53.500000,53.799999,53.310001,53.740002,42.539627,1694000
2014-05-23,53.750000,53.910000,53.740002,53.810001,42.595039,1317100
2014-05-27,53.959999,54.279999,53.930000,54.240002,42.935421,2210000
2014-05-28,54.349998,54.369999,54.200001,54.240002,42.935421,1899900
2014-05-29,54.389999,54.709999,54.160000,54.700001,43.299549,1674500
2014-05-30,54.509998,54.980000,54.509998,54.930000,43.481609,2516300
2014-06-02,54.869999,55.060001,54.750000,54.910000,43.465782,1883300
2014-06-03,54.599998,55.070000,54.599998,55.049999,43.576599,2100500
2014-06-04,54.900002,55.570000,54.900002,55.560001,43.980312,2405100
2014-06-05,55.480000,55.639999,55.270000,55.340000,43.806168,1776000
2014-06-06,55.299999,55.450001,55.209999,55.410000,43.861576,1580200
2014-06-09,55.410000,55.630001,55.090000,55.169998,43.671593,1815800
2014-06-10,55.070000,55.279999,54.939999,55.160000,43.663681,1772200
2014-06-11,55.139999,55.240002,54.650002,54.750000,43.339130,1559600
2014-06-12,54.509998,54.750000,54.009998,54.200001,42.903759,2276700
2014-06-13,54.259998,54.450001,54.090000,54.310001,42.990833,2414400
2014-06-16,54.310001,54.310001,54.119999,54.209999,42.911678,2468400
2014-06-17,54.310001,54.410000,54.189999,54.290001,42.974998,2379800
2014-06-18,54.060001,54.709999,54.000000,54.680000,43.283714,3641600
2014-06-19,54.549999,54.840000,54.490002,54.840000,43.410362,2506200
2014-06-20,54.980000,55.060001,54.540001,54.639999,43.252056,4096900
2014-06-23,54.639999,54.669998,54.200001,54.270000,42.959175,2761200
2014-06-24,54.160000,54.169998,53.700001,53.700001,42.507954,4624000
2014-06-25,51.799999,52.259998,51.500000,51.759998,40.972301,8822200
2014-06-26,51.869999,52.220001,51.689999,52.029999,41.186028,5677200
2014-06-27,52.000000,52.369999,51.830002,52.310001,41.407677,4480000
2014-06-30,52.250000,52.840000,52.080002,52.540001,41.589733,4011100
2014-07-01,52.180000,53.119999,52.180000,52.900002,41.874702,3924100
2014-07-02,52.889999,53.139999,52.799999,53.009998,41.961769,2465300
2014-07-03,53.360001,53.520000,53.049999,53.049999,41.993435,2975100
2014-07-07,53.099998,53.650002,53.099998,53.419998,42.286324,2934100
2014-07-08,53.000000,53.419998,52.730000,53.099998,42.358109,4049900
2014-07-09,53.330002,53.430000,53.029999,53.259998,42.485756,2711900
2014-07-10,52.900002,53.259998,52.730000,53.020000,42.294308,2737800
2014-07-11,53.080002,53.080002,52.740002,52.910000,42.206562,2053400
2014-07-14,53.119999,53.270000,52.980000,53.040001,42.310253,2280200
2014-07-15,53.009998,53.110001,52.889999,52.930000,42.222511,2430200
2014-07-16,52.980000,53.119999,52.709999,53.080002,42.342171,2831200
2014-07-17,53.000000,53.169998,52.770000,52.779999,42.102852,2609500
2014-07-18,53.020000,53.259998,52.810001,53.060001,42.326206,2869700
2014-07-21,52.939999,53.090000,52.770000,52.860001,42.166664,1699300
2014-07-22,52.759998,53.099998,52.720001,52.950001,42.238464,1770100
2014-07-23,52.950001,53.110001,52.820000,52.900002,42.198574,2213300
2014-07-24,52.959999,53.080002,52.880001,52.950001,42.238464,2051400
2014-07-25,52.919998,52.990002,52.630001,52.810001,42.126781,1665300
2014-07-28,52.790001,53.150002,52.790001,52.869999,42.174648,1900000
2014-07-29,52.810001,53.130001,52.509998,52.509998,41.887466,1966900
2014-07-30,52.580002,52.700001,51.619999,51.650002,41.201454,3684900
2014-07-31,51.349998,51.400002,50.139999,50.150002,40.004894,5499600
2014-08-01,50.279999,51.090000,50.240002,50.930000,40.627098,4714400
2014-08-04,51.090000,51.299999,50.860001,51.290001,40.914276,2926900
2014-08-05,51.240002,51.240002,50.790001,50.880001,40.587212,2969400
2014-08-06,50.820000,51.779999,50.709999,51.720001,41.257282,3270600
2014-08-07,51.349998,51.919998,51.169998,51.279999,40.906292,1872200
2014-08-08,51.369999,51.990002,51.250000,51.970001,41.456707,2113000
2014-08-11,52.020000,52.720001,52.020000,52.439999,41.831631,2422600
2014-08-12,52.250000,52.570000,52.169998,52.480000,41.863548,1908500
2014-08-13,52.689999,52.700001,52.400002,52.549999,41.919380,1607700
2014-08-14,52.500000,52.779999,52.480000,52.779999,42.102852,1696700
2014-08-15,52.930000,53.150002,52.369999,52.660000,42.007118,1973200
2014-08-18,52.930000,53.040001,52.720001,52.990002,42.270367,2166900
2014-08-19,53.000000,53.299999,52.770000,53.230000,42.461815,1637400
2014-08-20,53.049999,53.520000,52.910000,53.419998,42.613384,1662000
2014-08-21,53.500000,53.650002,53.189999,53.220001,42.453842,2389600
2014-08-22,53.240002,53.369999,52.630001,52.709999,42.047012,3286400
2014-08-25,53.099998,53.150002,52.740002,52.849998,42.158695,2269700
2014-08-26,53.160000,53.270000,52.889999,52.980000,42.262394,2242800
2014-08-27,52.910000,53.270000,52.910000,53.259998,42.485756,1532600
2014-08-28,53.080002,53.290001,53.060001,53.189999,42.429909,1380400
2014-08-29,53.200001,53.430000,53.180000,53.380001,42.581490,2313700
2014-09-02,53.400002,53.740002,53.240002,53.360001,42.565525,2045600
2014-09-03,53.580002,53.650002,53.360001,53.540001,42.709106,2191300
2014-09-04,53.560001,53.779999,53.349998,53.480000,42.661240,1882200
2014-09-05,53.450001,53.840000,53.240002,53.820000,42.932465,1959800
2014-09-08,53.540001,53.830002,53.470001,53.509998,42.685177,1365700
2014-09-09,53.330002,53.669998,53.139999,53.169998,42.413960,3897200
2014-09-10,53.110001,53.290001,52.830002,53.230000,42.461815,2233300
2014-09-11,53.189999,53.279999,52.950001,53.270000,42.493725,2113300
2014-09-12,53.169998,53.279999,52.660000,52.790001,42.110825,1951800
2014-09-15,52.880001,53.230000,52.599998,53.180000,42.421928,2209300
2014-09-16,53.180000,53.560001,53.020000,53.180000,42.421928,3174700
2014-09-17,52.040001,52.290001,50.560001,50.830002,40.547329,11820900
2014-09-18,50.840000,51.380001,50.340000,51.220001,40.858421,7498600
2014-09-19,51.450001,51.450001,51.090000,51.279999,40.906292,4140100
2014-09-22,51.200001,51.279999,50.740002,50.750000,40.483517,3550500
2014-09-23,50.560001,50.660000,50.389999,50.410000,40.212296,4522800
2014-09-24,50.500000,50.840000,50.430000,50.450001,40.244202,5138300
2014-09-25,50.490002,50.490002,49.930000,50.119999,39.980957,4126500
2014-09-26,50.119999,50.430000,49.860001,50.279999,40.108585,3002400
2014-09-29,50.090000,50.790001,50.040001,50.630001,40.387787,2691400
2014-09-30,50.459999,50.700001,50.299999,50.450001,40.244202,2822800
2014-10-01,49.709999,50.090000,49.599998,49.980000,39.869286,3788400
2014-10-02,49.980000,50.230000,49.830002,50.139999,39.996922,3471900
2014-10-03,50.410000,50.639999,50.220001,50.470001,40.260162,2383700
2014-10-06,50.610001,50.730000,50.230000,50.590000,40.355881,2866300
2014-10-07,50.410000,50.689999,50.180000,50.180000,40.028824,3305600
2014-10-08,49.799999,50.209999,49.619999,50.150002,40.334450,3417500
2014-10-09,50.180000,50.630001,49.889999,49.889999,40.125336,3548000
2014-10-10,49.889999,50.509998,49.770000,49.810001,40.060982,3800300
2014-10-13,50.029999,50.040001,49.259998,49.279999,39.634724,2955900
2014-10-14,49.419998,49.980000,49.299999,49.520000,39.827759,2621100
2014-10-15,49.169998,49.419998,48.320000,49.110001,39.498001,4586100
2014-10-16,48.430000,49.160000,48.400002,48.860001,39.296928,3742000
2014-10-17,49.330002,49.580002,49.029999,49.290001,39.642765,3005500
2014-10-20,49.299999,50.049999,49.250000,49.919998,40.149464,2614300
2014-10-21,50.220001,50.490002,49.900002,50.459999,40.583767,3401400
2014-10-22,50.619999,50.919998,50.520000,50.599998,40.696373,2170100
2014-10-23,50.830002,50.900002,50.450001,50.509998,40.623978,1709700
2014-10-24,50.540001,51.040001,50.540001,51.029999,41.042198,1744800
2014-10-27,51.000000,51.450001,50.840000,51.160000,41.146767,1366300
2014-10-28,51.439999,51.439999,51.029999,51.380001,41.323715,1370600
2014-10-29,51.419998,51.450001,50.400002,50.900002,40.937656,2920300
2014-10-30,50.650002,51.560001,50.599998,51.450001,41.380005,2055500
2014-10-31,51.910000,52.000000,51.660000,51.959999,41.790180,2666300
2014-11-03,52.000000,52.730000,51.889999,52.660000,42.353172,3457700
2014-11-04,52.720001,52.959999,52.590000,52.860001,42.514027,3903800
2014-11-05,53.130001,53.439999,52.919998,53.169998,42.763363,2398200
2014-11-06,53.209999,53.320000,52.770000,53.270000,42.843784,1962600
2014-11-07,51.459999,52.130001,51.099998,51.360001,41.307621,6440300
2014-11-10,51.299999,51.299999,50.430000,50.869999,40.913517,4397400
2014-11-11,50.830002,51.150002,50.669998,50.970001,40.993946,2570600
2014-11-12,50.599998,51.080002,50.529999,50.959999,40.985912,2615800
2014-11-13,51.110001,51.169998,50.610001,51.000000,41.018082,3048200
2014-11-14,50.990002,51.040001,50.639999,50.820000,40.873306,2814100
2014-11-17,50.820000,51.439999,50.799999,51.349998,41.299576,2196300
2014-11-18,51.419998,51.720001,51.259998,51.590000,41.492603,2215300
2014-11-19,51.400002,51.959999,51.369999,51.919998,41.758011,1920600
2014-11-20,51.820000,51.849998,51.549999,51.639999,41.532818,1540100
2014-11-21,52.230000,52.230000,51.599998,51.849998,41.701717,2508700
2014-11-24,51.790001,51.990002,51.369999,51.500000,41.420223,2213600
2014-11-25,51.500000,51.849998,51.389999,51.650002,41.540863,3555200
2014-11-26,51.720001,51.889999,51.639999,51.849998,41.701717,1355500
2014-11-28,52.130001,52.860001,52.000000,52.750000,42.425564,1664500
2014-12-01,52.529999,52.759998,52.220001,52.630001,42.329048,2183900
2014-12-02,52.790001,53.130001,52.669998,53.049999,42.666847,3093400
2014-12-03,52.900002,53.450001,52.660000,53.040001,42.658802,4708000
2014-12-04,52.950001,53.189999,52.740002,53.000000,42.626633,2933100
2014-12-05,53.000000,53.230000,52.869999,53.119999,42.723148,2579300
2014-12-08,52.910000,53.240002,52.610001,52.930000,42.570335,2878600
2014-12-09,52.590000,52.810001,52.110001,52.279999,42.047550,2956600
2014-12-10,52.509998,52.529999,51.950001,51.990002,41.814312,2518700
2014-12-11,52.090000,52.700001,52.029999,52.480000,42.208412,4118200
2014-12-12,52.060001,52.549999,52.009998,52.099998,41.902790,4610000
2014-12-15,52.160000,52.349998,51.230000,51.470001,41.396084,3319100
2014-12-16,51.430000,52.450001,51.080002,51.130001,41.122635,3904700
2014-12-17,51.529999,52.410000,51.400002,52.189999,41.975166,4644500
2014-12-18,52.500000,53.529999,52.459999,53.509998,43.036812,4622100
2014-12-19,53.500000,53.980000,53.259998,53.810001,43.278099,4901900
2014-12-22,53.950001,54.389999,53.820000,54.380001,43.736526,2552400
2014-12-23,54.560001,54.610001,54.230000,54.410000,43.760670,2340700
2014-12-24,54.340000,54.560001,54.240002,54.310001,43.680241,1214500
2014-12-26,54.340000,54.580002,54.259998,54.380001,43.736526,1053800
2014-12-29,54.220001,54.450001,54.119999,54.310001,43.680241,1486500
2014-12-30,54.299999,54.599998,54.240002,54.349998,43.712402,1361600
2014-12-31,54.189999,54.270000,53.240002,53.330002,42.892052,2516700
2015-01-02,53.099998,53.599998,52.799999,53.110001,42.715118,2165000
2015-01-05,52.270000,52.689999,52.060001,52.150002,41.942997,4149500
2015-01-06,52.439999,52.619999,51.900002,52.020000,41.838440,3036200
2015-01-07,52.450001,53.259998,52.369999,53.119999,42.723148,3204200
2015-01-08,53.090000,53.660000,52.970001,53.570000,43.420197,3998400
2015-01-09,53.590000,53.680000,52.799999,53.029999,42.982517,2051900
2015-01-12,52.880001,53.180000,52.520000,52.650002,42.674522,2009400
2015-01-13,53.029999,53.270000,52.470001,52.709999,42.723148,2967600
2015-01-14,52.419998,52.990002,52.299999,52.919998,42.893360,4427800
2015-01-15,53.180000,53.919998,52.810001,53.450001,43.322937,4532100
2015-01-16,53.320000,53.549999,53.029999,53.410000,43.290524,4273100
2015-01-20,53.610001,54.549999,53.220001,54.400002,44.092949,5217700
2015-01-21,54.099998,54.480000,53.880001,54.080002,43.833576,3565500
2015-01-22,54.410000,54.799999,53.900002,54.779999,44.400944,2986200
2015-01-23,54.680000,54.720001,54.240002,54.560001,44.222630,2998800
2015-01-26,54.500000,54.970001,54.279999,54.950001,44.538742,3717200
2015-01-27,54.360001,55.470001,54.270000,55.110001,44.668423,4819600
2015-01-28,55.240002,55.590000,54.020000,54.080002,43.833576,3116500
2015-01-29,53.599998,53.730000,52.860001,53.630001,43.468838,4450100
2015-01-30,53.189999,53.400002,52.419998,52.480000,42.536728,3919500
2015-02-02,52.650002,53.099998,51.900002,53.070000,43.014935,3631400
2015-02-03,53.450001,53.500000,52.830002,53.259998,43.168941,2632400
2015-02-04,53.279999,53.660000,53.060001,53.220001,43.136520,2434800
2015-02-05,53.270000,53.450001,53.110001,53.400002,43.282417,1948800
2015-02-06,53.259998,53.459999,52.990002,53.160000,43.087887,1997100
2015-02-09,53.060001,53.230000,52.820000,53.000000,42.958202,3168100
2015-02-10,53.099998,53.410000,52.840000,53.230000,43.144623,2529900
2015-02-11,53.369999,53.529999,52.770000,53.160000,43.087887,2523600
2015-02-12,52.549999,52.959999,52.410000,52.930000,42.901463,3115600
2015-02-13,52.660000,52.660000,51.950001,52.480000,42.536728,3464700
2015-02-17,52.330002,52.520000,52.000000,52.340000,42.423256,3534100
2015-02-18,52.340000,52.959999,52.330002,52.880001,42.860931,2572900
2015-02-19,52.880001,53.639999,52.750000,53.450001,43.322937,3431700
2015-02-20,53.410000,53.570000,53.029999,53.470001,43.339153,3113000
2015-02-23,53.380001,53.549999,53.259998,53.490002,43.355366,1747200
2015-02-24,53.369999,53.500000,53.020000,53.419998,43.298622,2463500
2015-02-25,53.360001,53.660000,53.320000,53.540001,43.395889,1824200
2015-02-26,53.630001,53.630001,53.360001,53.419998,43.298622,2099100
2015-02-27,53.450001,53.840000,53.330002,53.790001,43.598518,3038300
2015-03-02,53.610001,53.759998,53.330002,53.500000,43.363476,1518900
2015-03-03,53.410000,53.500000,53.049999,53.480000,43.347252,1690700
2015-03-04,53.340000,53.439999,52.970001,53.209999,43.128407,1993300
2015-03-05,53.349998,53.349998,52.919998,53.279999,43.185154,1600700
2015-03-06,52.939999,52.950001,51.939999,52.130001,42.253040,3430900
2015-03-09,52.090000,52.660000,51.939999,52.500000,42.552948,2170100
2015-03-10,52.209999,52.310001,51.790001,51.790001,41.977451,2280200
2015-03-11,51.959999,52.099998,51.430000,51.700001,41.904510,2545100
2015-03-12,51.880001,52.700001,51.869999,52.619999,42.650200,2501100
2015-03-13,52.470001,52.549999,51.770000,52.150002,42.269253,2240100
2015-03-16,52.340000,52.610001,52.090000,52.410000,42.479984,2811800
2015-03-17,52.220001,52.220001,51.799999,52.049999,42.188198,2854500
2015-03-18,51.889999,53.150002,51.450001,52.860001,42.844723,5122800
2015-03-19,52.730000,53.169998,52.509998,52.540001,42.585361,2496000
2015-03-20,52.830002,53.730000,52.770000,53.450001,43.322937,4070100
2015-03-23,53.450001,54.070000,53.400002,53.740002,43.557995,2623000
2015-03-24,53.880001,54.099998,53.180000,53.200001,43.120312,2854600
2015-03-25,53.770000,54.830002,53.330002,53.740002,43.557995,6753300
2015-03-26,53.529999,54.040001,53.509998,53.939999,43.720089,5693100
2015-03-27,53.910000,55.000000,53.860001,54.990002,44.571156,4990800
2015-03-30,55.029999,56.380001,54.730000,56.349998,45.673481,7165900
2015-03-31,56.220001,57.250000,56.160000,56.599998,45.876106,7898300
2015-04-01,56.389999,56.520000,55.689999,56.480000,45.778847,4627900
2015-04-02,56.439999,56.830002,56.250000,56.549999,45.835594,3270800
2015-04-06,57.540001,57.730000,56.630001,56.740002,45.989597,4173000
2015-04-07,56.740002,56.740002,56.000000,56.080002,45.454636,3108600
2015-04-08,55.700001,55.860001,55.430000,55.830002,45.609863,2874400
2015-04-09,55.700001,56.209999,55.599998,56.130001,45.854939,2261000
2015-04-10,56.169998,56.509998,56.060001,56.490002,46.149033,2962900
2015-04-13,56.470001,56.599998,56.360001,56.430000,46.100029,2555800
2015-04-14,56.490002,56.860001,56.279999,56.630001,46.263420,2443900
2015-04-15,56.779999,56.840000,56.349998,56.450001,46.116364,2067600
2015-04-16,56.380001,56.400002,56.099998,56.230000,45.936634,2704600
2015-04-17,55.860001,56.189999,55.689999,56.090000,45.822269,2639300
2015-04-20,56.689999,57.119999,56.400002,56.450001,46.116364,2276600
2015-04-21,56.450001,56.599998,56.040001,56.110001,45.838600,1805700
2015-04-22,56.369999,56.369999,55.950001,56.209999,45.920296,1891600
2015-04-23,55.980000,56.500000,55.880001,56.290001,45.985649,2411700
2015-04-24,56.459999,56.639999,56.200001,56.380001,46.059181,1754800
2015-04-27,56.439999,56.500000,56.000000,56.049999,45.789574,1696300
2015-04-28,56.000000,56.230000,55.759998,56.099998,45.830437,1805500
2015-04-29,56.009998,56.189999,55.470001,55.570000,45.397446,2069200
2015-04-30,55.580002,55.680000,55.110001,55.340000,45.209560,1815600
2015-05-01,55.509998,55.820000,55.259998,55.700001,45.503658,2573900
2015-05-04,55.730000,55.930000,55.669998,55.849998,45.626186,1425600
2015-05-05,56.000000,56.160000,55.410000,55.630001,45.446468,2097800
2015-05-06,55.860001,55.930000,54.939999,55.299999,45.176880,2197800
2015-05-07,55.250000,55.790001,55.139999,55.630001,45.446468,1620900
2015-05-08,55.939999,56.529999,55.919998,56.270000,45.969315,1884800
2015-05-11,56.139999,56.439999,56.040001,56.070000,45.805927,1351600
2015-05-12,55.919998,56.490002,55.770000,56.400002,46.075516,1780100
2015-05-13,56.360001,56.799999,56.110001,56.220001,45.928463,1735500
2015-05-14,56.599998,56.869999,56.389999,56.840000,46.434971,2412600
2015-05-15,56.779999,57.250000,56.700001,57.139999,46.680054,2170500
2015-05-18,56.900002,57.029999,56.709999,56.849998,46.443127,2545300
2015-05-19,56.790001,56.959999,56.610001,56.860001,46.451305,1566600
2015-05-20,56.840000,57.250000,56.830002,56.970001,46.541180,1391100
2015-05-21,56.950001,57.020000,56.660000,56.820000,46.418633,1572500
2015-05-22,56.709999,56.860001,56.520000,56.520000,46.173553,1813500
2015-05-26,56.509998,56.570000,55.930000,55.980000,45.732391,2141300
2015-05-27,56.130001,56.560001,56.009998,56.470001,46.132702,1617200
2015-05-28,56.349998,56.450001,56.080002,56.250000,45.952972,1841900
2015-05-29,56.220001,56.279999,55.869999,56.150002,45.871284,3132300
2015-06-01,56.320000,56.389999,55.910000,56.290001,45.985649,2285400
2015-06-02,56.130001,56.259998,55.630001,55.860001,45.634369,1244900
2015-06-03,56.049999,56.099998,55.570000,55.700001,45.503658,1820400
2015-06-04,55.389999,55.689999,54.970001,55.060001,44.980812,2186300
2015-06-05,54.869999,54.919998,54.139999,54.419998,44.457962,2454900
2015-06-08,54.480000,54.619999,54.290001,54.360001,44.408958,1609600
2015-06-09,54.540001,54.889999,54.349998,54.450001,44.482487,2178500
2015-06-10,54.669998,55.290001,54.500000,55.090000,45.005322,2287900
2015-06-11,55.150002,55.320000,55.000000,55.110001,45.021664,1843200
2015-06-12,55.009998,55.099998,54.740002,54.919998,44.866440,1342400
2015-06-15,54.610001,54.730000,54.349998,54.400002,44.441631,2200400
2015-06-16,54.509998,55.150002,54.439999,55.090000,45.005322,2302300
2015-06-17,55.060001,55.400002,54.849998,55.250000,45.136036,2301500
2015-06-18,55.470001,56.150002,55.310001,55.849998,45.626186,2999400
2015-06-19,55.849998,56.419998,55.669998,56.130001,45.854939,4183700
2015-06-22,56.389999,56.860001,56.279999,56.570000,46.214394,2174900
2015-06-23,56.570000,56.790001,56.419998,56.560001,46.206215,2163000
2015-06-24,56.549999,56.910000,56.410000,56.549999,46.198059,4657500
2015-06-25,57.020000,57.020000,56.310001,56.490002,46.149033,3766700
2015-06-26,56.689999,57.060001,56.470001,56.930000,46.508503,5394700
2015-06-29,56.520000,56.740002,55.990002,56.060001,45.797764,3735900
2015-06-30,56.360001,56.490002,55.650002,55.720001,45.520004,3432100
2015-07-01,55.119999,57.180000,54.130001,57.090000,46.639206,10353200
2015-07-02,57.180000,57.799999,56.840000,57.049999,46.606522,8850700
2015-07-06,56.910000,57.299999,56.310001,56.590000,46.230743,3468700
2015-07-07,56.700001,57.980000,56.599998,57.889999,47.292763,4285700
2015-07-08,57.290001,57.529999,56.950001,56.950001,46.881153,3604000
2015-07-09,57.410000,57.669998,56.910000,56.930000,46.864700,2234600
2015-07-10,57.259998,57.500000,57.180000,57.270000,47.144581,2011000
2015-07-13,57.490002,57.669998,57.320000,57.520000,47.350384,2412700
2015-07-14,57.500000,57.630001,57.060001,57.250000,47.128117,3175400
2015-07-15,57.070000,57.380001,56.650002,56.810001,46.765903,3591700
2015-07-16,57.160000,57.540001,56.939999,57.029999,46.947010,2871500
2015-07-17,56.849998,57.000000,56.619999,56.939999,46.872921,2514600
2015-07-20,56.980000,57.200001,56.700001,56.830002,46.782383,4683500
2015-07-21,57.380001,57.480000,57.080002,57.209999,47.095184,4491200
2015-07-22,57.250000,57.950001,57.250000,57.630001,47.440933,2045300
2015-07-23,57.549999,57.700001,57.020000,57.080002,46.988182,1717900
2015-07-24,56.939999,57.250000,56.779999,56.919998,46.856464,1994600
2015-07-27,56.599998,57.060001,56.450001,56.959999,46.889378,2927000
2015-07-28,57.259998,57.580002,56.630001,57.549999,47.375076,2846300
2015-07-29,57.549999,57.860001,57.369999,57.490002,47.325687,3360300
2015-07-30,57.299999,58.360001,57.110001,58.259998,47.959557,2716200
2015-07-31,58.490002,58.529999,58.040001,58.209999,47.918392,3013900
2015-08-03,58.290001,58.950001,58.200001,58.930000,48.511093,2593300
2015-08-04,58.900002,59.310001,58.660000,58.990002,48.560482,2502400
2015-08-05,59.080002,59.689999,58.580002,59.400002,48.897999,2248000
2015-08-06,59.759998,59.869999,59.130001,59.549999,49.021477,2583700
2015-08-07,59.290001,59.490002,58.799999,59.110001,48.659275,2325200
2015-08-10,59.230000,59.549999,59.160000,59.400002,48.897999,1895400
2015-08-11,58.970001,59.310001,58.750000,59.139999,48.683956,1798000
2015-08-12,58.770000,59.139999,58.110001,59.099998,48.651031,2881600
2015-08-13,58.939999,59.340000,58.810001,58.889999,48.478157,2527200
2015-08-14,58.950001,59.299999,58.770000,59.259998,48.782742,1440500
2015-08-17,59.080002,59.459999,58.919998,59.290001,48.807442,1484600
2015-08-18,59.160000,59.500000,58.849998,58.939999,48.519321,2180800
2015-08-19,58.680000,58.880001,57.990002,58.529999,48.181820,3119500
2015-08-20,58.070000,58.419998,57.770000,57.820000,47.597351,2668100
2015-08-21,57.520000,57.599998,56.180000,56.209999,46.271999,4083600
2015-08-24,53.930000,55.610001,47.500000,54.520000,44.880787,6846800
2015-08-25,55.869999,55.980000,54.810001,54.810001,45.119522,5662300
2015-08-26,55.759998,56.320000,54.389999,55.889999,46.008560,5065400
2015-08-27,56.340000,58.470001,55.880001,56.959999,46.889378,4011200
2015-08-28,56.610001,57.169998,56.610001,57.130001,47.029339,4289000
2015-08-31,56.790001,57.020000,56.560001,56.759998,46.724758,3389400
2015-09-01,55.849998,56.209999,55.240002,55.529999,45.712223,4629300
2015-09-02,56.580002,56.820000,56.070000,56.820000,46.774139,5751700
2015-09-03,56.790001,57.930000,56.700001,57.610001,47.424465,5217600
2015-09-04,56.939999,57.020000,56.400002,56.590000,46.584808,4330200
2015-09-08,57.209999,57.439999,56.630001,57.160000,47.054031,3844600
2015-09-09,57.480000,57.540001,55.619999,55.790001,45.926250,4923700
2015-09-10,55.709999,56.250000,55.529999,55.889999,46.008560,4112800
2015-09-11,55.759998,56.490002,55.590000,56.470001,46.486027,2623200
2015-09-14,56.369999,56.470001,55.910000,56.090000,46.173210,3336800
2015-09-15,56.250000,56.840000,55.709999,56.740002,46.708290,2508100
2015-09-16,56.939999,57.250000,56.639999,57.119999,47.021099,3031200
2015-09-17,57.180000,58.139999,57.000000,57.480000,47.317451,2826300
2015-09-18,56.619999,57.430000,56.439999,56.570000,46.568348,5248100
2015-09-21,56.950001,57.119999,56.660000,56.790001,46.749443,4194400
2015-09-22,56.779999,57.419998,56.209999,57.130001,47.029339,5960300
2015-09-23,57.180000,57.470001,56.700001,57.410000,47.259830,4745600
2015-09-24,57.189999,57.380001,56.549999,56.950001,46.881153,5120900
2015-09-25,57.139999,58.439999,57.139999,57.430000,47.276299,4836000
2015-09-28,57.200001,57.439999,55.139999,55.410000,45.613426,8991100
2015-09-29,55.560001,55.740002,55.180000,55.560001,45.736912,4037000
2015-09-30,56.139999,56.299999,55.480000,56.130001,46.206139,4474100
2015-10-01,55.889999,56.220001,55.290001,55.990002,46.090897,3493600
2015-10-02,55.599998,56.660000,55.310001,56.619999,46.609512,4062300
2015-10-05,57.000000,57.270000,56.770000,57.220001,47.103420,4898100
2015-10-06,57.230000,57.230000,55.660000,55.700001,45.852165,5045400
2015-10-07,55.570000,55.990002,55.310001,55.720001,46.233852,4356900
2015-10-08,55.650002,56.570000,55.509998,56.480000,47.237469,2836900
2015-10-09,56.419998,56.959999,56.419998,56.610001,47.346203,2593900
2015-10-12,56.520000,57.169998,56.500000,57.169998,47.814564,2357200
2015-10-13,56.900002,57.200001,56.480000,56.590000,47.329475,2492300
2015-10-14,56.560001,56.830002,55.990002,56.090000,46.911289,2330700
2015-10-15,56.450001,56.529999,55.880001,56.400002,47.170570,2137100
2015-10-16,56.560001,56.959999,56.330002,56.939999,47.622196,2331800
2015-10-19,56.810001,57.090000,56.599998,56.680000,47.404751,1939100
2015-10-20,56.700001,56.840000,56.320000,56.599998,47.337833,2025200
2015-10-21,56.669998,57.369999,56.520000,56.980000,47.655655,3316600
2015-10-22,57.259998,59.360001,57.250000,59.230000,49.537460,4470000
2015-10-23,59.230000,59.250000,58.110001,58.330002,48.784740,3335100
2015-10-26,58.459999,58.500000,58.130001,58.310001,48.768005,2385000
2015-10-27,58.020000,58.400002,57.810001,58.220001,48.692738,2765400
2015-10-28,58.490002,58.549999,57.689999,58.119999,48.609104,2353700
2015-10-29,58.029999,58.369999,57.639999,58.180000,48.659279,1620700
2015-10-30,58.119999,58.630001,57.910000,58.110001,48.600746,2373700
2015-11-02,58.180000,58.259998,57.549999,57.980000,48.492008,1842500
2015-11-03,57.689999,57.709999,57.049999,57.310001,47.931656,3530000
2015-11-04,57.509998,57.580002,57.150002,57.290001,47.914932,2485200
2015-11-05,57.250000,57.669998,57.090000,57.619999,48.190922,2419200
2015-11-06,57.310001,57.320000,56.160000,56.580002,47.321110,3318700
2015-11-09,56.380001,56.669998,55.970001,56.430000,47.195660,3864500
2015-11-10,56.290001,56.840000,56.270000,56.660000,47.388016,2460300
2015-11-11,56.830002,57.419998,56.669998,57.130001,47.781113,1907700
2015-11-12,56.689999,57.029999,56.200001,56.200001,47.003292,2378500
2015-11-13,56.139999,56.650002,55.730000,55.810001,46.677113,3124800
2015-11-16,55.910000,57.130001,55.910000,57.110001,47.764385,2771000
2015-11-17,57.080002,57.299999,56.040001,56.189999,46.994938,4712300
2015-11-18,56.270000,57.240002,56.250000,57.169998,47.814564,2636100
2015-11-19,57.290001,57.410000,56.900002,56.910000,47.597107,3296800
2015-11-20,57.230000,57.630001,56.689999,56.750000,47.463291,2643400
2015-11-23,56.950001,58.029999,56.840000,57.810001,48.349831,2704700
2015-11-24,57.520000,58.160000,57.400002,57.970001,48.483650,3217800
2015-11-25,57.980000,58.459999,57.869999,58.240002,48.709469,1912300
2015-11-27,58.330002,58.570000,58.110001,58.410000,48.851643,950200
2015-11-30,58.570000,58.610001,57.750000,57.759998,48.308006,3706300
2015-12-01,58.200001,58.919998,57.959999,58.259998,48.726204,3413900
2015-12-02,58.139999,58.220001,57.720001,57.790001,48.333099,2674800
2015-12-03,57.889999,58.310001,56.980000,57.270000,47.898197,4353500
2015-12-04,57.490002,58.709999,57.450001,58.520000,48.943645,4048000
2015-12-07,58.400002,58.830002,58.000000,58.580002,48.993828,3932200
2015-12-08,58.090000,59.160000,58.000000,59.009998,49.353451,3421500
2015-12-09,58.580002,59.240002,58.380001,58.580002,48.993828,3309300
2015-12-10,58.590000,59.110001,58.279999,58.779999,49.161095,2635300
2015-12-11,58.240002,58.439999,57.770000,58.099998,48.592373,3910400
2015-12-14,58.200001,58.660000,57.990002,58.430000,48.868378,3637300
2015-12-15,58.849998,58.910000,58.189999,58.549999,48.968723,3975000
2015-12-16,58.779999,59.330002,58.320000,59.189999,49.503998,4610700
2015-12-17,57.910000,58.180000,56.419998,57.230000,47.864735,7538800
2015-12-18,56.599998,57.720001,56.230000,56.939999,47.622196,6772600
2015-12-21,57.279999,57.599998,56.790001,57.410000,48.015285,4099300
2015-12-22,57.689999,58.570000,57.410000,58.410000,48.851643,3037100
2015-12-23,58.549999,59.000000,58.279999,58.919998,49.278187,3050500
2015-12-24,58.919998,58.980000,58.500000,58.720001,49.110924,1252400
2015-12-28,58.540001,58.810001,58.430000,58.580002,48.993828,2344500
2015-12-29,58.770000,59.009998,58.740002,58.880001,49.244732,2187300
2015-12-30,58.980000,59.049999,58.480000,58.560001,48.977093,1880600
2015-12-31,58.070000,58.259998,57.209999,57.660000,48.224380,2341900
2016-01-04,56.840000,57.480000,56.660000,57.459999,48.057106,4257500
2016-01-05,57.680000,57.910000,56.959999,57.200001,47.839645,3653800
2016-01-06,56.799999,57.200001,56.500000,56.730000,47.446560,4709400
2016-01-07,55.700001,55.959999,54.919998,55.110001,46.451942,5417400
2016-01-08,55.169998,55.939999,55.060001,55.290001,46.603676,4295600
2016-01-11,55.389999,56.040001,55.320000,55.910000,47.126263,4830800
2016-01-12,56.209999,56.450001,55.820000,56.369999,47.514000,3511300
2016-01-13,56.490002,56.540001,55.180000,55.299999,46.612099,4001800
2016-01-14,55.340000,55.639999,55.099998,55.349998,46.654251,4465100
2016-01-15,54.270000,54.910000,54.169998,54.740002,46.140083,6695500
2016-01-19,55.299999,55.630001,55.110001,55.419998,46.713245,4203700
2016-01-20,54.770000,55.139999,53.700001,54.560001,45.988354,4257600
2016-01-21,54.590000,54.779999,53.529999,54.119999,45.617485,4912300
2016-01-22,54.759998,55.540001,54.299999,55.330002,46.637394,3452200
2016-01-25,55.279999,55.330002,54.720001,54.799999,46.190647,2848000
2016-01-26,54.860001,55.480000,54.860001,55.130001,46.468800,2716600
2016-01-27,55.259998,55.599998,54.639999,54.939999,46.308651,2553500
2016-01-28,55.349998,55.700001,54.980000,55.209999,46.536243,3283400
2016-01-29,55.209999,56.619999,55.209999,56.509998,47.631996,4407700
2016-02-01,56.560001,56.900002,56.270000,56.669998,47.766861,2415700
2016-02-02,56.119999,56.380001,55.660000,55.799999,47.033539,3177700
2016-02-03,55.939999,56.209999,55.160000,55.669998,46.923965,3277500
2016-02-04,55.380001,55.509998,54.840000,55.119999,46.460381,3089100
2016-02-05,55.119999,55.520000,54.910000,55.369999,46.671097,3245300
2016-02-08,55.130001,55.889999,54.860001,55.720001,46.966114,3279100
2016-02-09,55.299999,56.230000,54.840000,55.939999,47.151546,3983100
2016-02-10,56.160000,57.009998,55.980000,56.090000,47.277985,2991400
2016-02-11,55.400002,56.270000,55.360001,55.980000,47.185268,3302500
2016-02-12,56.169998,56.939999,56.020000,56.889999,47.952297,3569800
2016-02-16,57.000000,57.700001,56.340000,57.660000,48.601334,4095500
2016-02-17,57.990002,58.430000,57.570000,58.139999,49.005920,5210800
2016-02-18,58.110001,58.750000,57.840000,58.599998,49.393654,3141200
2016-02-19,58.529999,59.139999,58.200001,58.720001,49.494801,2626300
2016-02-22,58.959999,59.090000,58.259998,58.369999,49.199791,3887400
2016-02-23,58.290001,58.919998,58.259998,58.820000,49.579094,2675300
2016-02-24,58.529999,59.000000,58.189999,58.959999,49.697098,2683800
2016-02-25,59.040001,60.180000,58.939999,60.139999,50.691708,3195700
2016-02-26,60.049999,60.150002,58.680000,59.000000,49.730808,2774700
2016-02-29,58.930000,59.340000,58.660000,58.849998,49.604389,2804200
2016-03-01,59.250000,59.459999,58.900002,59.369999,50.042683,2869900
2016-03-02,59.150002,59.540001,58.700001,59.529999,50.177544,2862700
2016-03-03,59.490002,59.840000,59.110001,59.790001,50.396702,2272600
2016-03-04,59.709999,60.240002,59.549999,60.200001,50.742290,2667300
2016-03-07,59.799999,60.000000,59.410000,59.619999,50.253414,2242700
2016-03-08,59.330002,60.099998,59.220001,59.950001,50.531563,3333500
2016-03-09,60.110001,60.919998,60.029999,60.439999,50.944580,3051400
2016-03-10,60.590000,60.740002,60.040001,60.529999,51.020443,2638800
2016-03-11,60.889999,61.259998,60.700001,61.060001,51.467182,2794600
2016-03-14,60.990002,61.070000,60.700001,60.889999,51.323875,1920300
2016-03-15,60.639999,61.310001,60.290001,61.240002,51.618896,2387400
2016-03-16,61.110001,61.580002,60.500000,61.389999,51.745331,2458800
2016-03-17,61.570000,62.070000,61.299999,61.779999,52.074059,3229300
2016-03-18,61.810001,61.820000,61.360001,61.790001,52.082485,8676300
2016-03-21,61.549999,61.660000,60.990002,61.299999,51.669472,4670600
2016-03-22,61.110001,61.220001,60.590000,60.790001,51.239601,4229400
2016-03-23,60.529999,61.360001,60.139999,61.009998,51.425026,5265200
2016-03-24,60.799999,61.889999,60.669998,61.360001,51.720039,4916300
2016-03-28,61.450001,62.150002,61.450001,61.880001,52.158348,3444500
2016-03-29,61.919998,63.150002,61.799999,62.939999,53.051819,6390900
2016-03-30,63.360001,63.470001,62.560001,63.310001,53.363689,4861200
2016-03-31,63.209999,63.730000,63.209999,63.349998,53.397392,8874500
2016-04-01,62.900002,65.000000,62.900002,64.959999,54.754471,7433900
2016-04-04,65.000000,65.379997,64.139999,65.360001,55.091614,6174600
2016-04-05,65.370003,65.489998,64.220001,64.279999,54.181297,4835500
2016-04-06,64.419998,64.489998,63.790001,64.139999,54.063290,5110500
2016-04-07,63.139999,63.560001,62.779999,63.119999,53.587852,4445900
2016-04-08,63.200001,63.439999,62.919998,63.299999,53.740677,3470900
2016-04-11,63.419998,63.680000,62.709999,62.880001,53.384109,3295900
2016-04-12,63.119999,63.590000,62.970001,63.459999,53.876514,3606400
2016-04-13,63.450001,63.520000,62.500000,62.689999,53.222797,2559100
2016-04-14,62.680000,62.820000,62.060001,62.110001,52.730381,2687300
2016-04-15,62.240002,62.470001,61.950001,62.450001,53.019039,2960500
2016-04-18,62.450001,62.619999,62.110001,62.529999,53.086960,3185900
2016-04-19,62.700001,62.740002,62.040001,62.380001,52.959621,2135100
2016-04-20,62.369999,62.369999,61.599998,61.639999,52.331360,2464800
2016-04-21,61.580002,61.660000,60.099998,60.119999,51.040913,3570000
2016-04-22,60.230000,60.590000,60.040001,60.560001,51.414459,3207100
2016-04-25,60.450001,61.270000,60.349998,61.090000,51.864422,2258700
2016-04-26,61.119999,61.279999,60.580002,60.709999,51.541813,2164200
2016-04-27,60.900002,61.470001,60.570000,61.130001,51.898376,2685500
2016-04-28,60.700001,61.660000,60.389999,61.259998,52.008747,2166100
2016-04-29,61.060001,61.470001,60.889999,61.340000,52.076664,2703200
2016-05-02,61.590000,62.360001,61.520000,62.220001,52.823780,2848500
2016-05-03,61.919998,62.200001,61.470001,61.650002,52.339859,2731500
2016-05-04,61.330002,62.060001,61.209999,61.740002,52.416260,2648100
2016-05-05,61.799999,62.290001,61.779999,62.080002,52.704926,3084800
2016-05-06,62.070000,62.270000,61.459999,62.110001,52.730381,2271900
2016-05-09,62.209999,62.880001,62.000000,62.730000,53.256756,2418900
2016-05-10,62.880001,63.799999,62.730000,63.730000,54.105743,3245700
2016-05-11,63.730000,64.370003,63.700001,64.010002,54.343456,3449800
2016-05-12,64.129997,64.779999,64.080002,64.720001,54.946236,2563800
2016-05-13,64.610001,65.110001,64.169998,64.519997,54.776432,2763800
2016-05-16,64.389999,64.790001,64.230003,64.570000,54.818874,2274800
2016-05-17,64.300003,64.430000,62.740002,62.990002,53.477489,3497200
2016-05-18,62.720001,62.820000,61.930000,62.389999,52.968098,3023600
2016-05-19,62.279999,62.950001,62.060001,62.919998,53.418068,2577100
2016-05-20,62.910000,62.910000,62.279999,62.450001,53.019039,3313300
2016-05-23,62.549999,63.029999,62.490002,62.700001,53.231297,2127200
2016-05-24,61.689999,62.720001,61.599998,62.400002,52.976589,4197400
2016-05-25,62.509998,62.750000,62.200001,62.360001,52.942635,2631400
2016-05-26,62.529999,63.119999,62.419998,62.869999,53.375607,1776300
2016-05-27,62.709999,63.230000,62.650002,62.869999,53.375607,1634100
2016-05-31,62.959999,63.349998,62.549999,62.779999,53.299206,3160700
2016-06-01,62.770000,63.330002,62.650002,63.169998,53.630306,2538500
2016-06-02,63.070000,63.259998,62.840000,63.230000,53.681244,1593600
2016-06-03,63.200001,63.840000,63.189999,63.689999,54.071777,1979900
2016-06-06,63.660000,63.889999,63.270000,63.580002,53.978394,1649200
2016-06-07,63.680000,64.169998,63.630001,64.019997,54.351944,2000500
2016-06-08,64.000000,64.489998,63.830002,64.419998,54.691532,2323200
2016-06-09,64.430000,65.389999,64.349998,65.339996,55.472603,2460600
2016-06-10,65.059998,65.500000,65.010002,65.410004,55.532043,2677100
2016-06-13,65.019997,65.489998,64.730003,64.849998,55.056595,2400100
2016-06-14,64.639999,65.129997,64.290001,65.040001,55.217911,2671400
2016-06-15,64.970001,65.250000,64.709999,64.889999,55.090569,2042400
2016-06-16,64.839996,65.790001,64.769997,65.779999,55.846149,2147100
2016-06-17,65.629997,65.820000,65.089996,65.809998,55.871628,3331300
2016-06-20,65.970001,66.410004,65.870003,65.879997,55.931065,2321600
2016-06-21,66.070000,66.660004,65.989998,66.519997,56.474396,3132800
2016-06-22,66.589996,66.790001,66.199997,66.400002,56.372517,2630200
2016-06-23,66.750000,66.879997,66.260002,66.769997,56.686646,2107800
2016-06-24,65.660004,66.849998,65.410004,66.139999,56.151787,4836000
2016-06-27,65.830002,66.400002,65.629997,66.190002,56.194248,4252300
2016-06-28,66.250000,66.250000,65.160004,65.760002,55.829178,4961400
2016-06-29,66.169998,67.910004,65.639999,67.860001,57.612030,7759700
2016-06-30,68.000000,71.779999,68.000000,71.320000,60.549530,12380000
2016-07-01,71.190002,72.190002,70.860001,71.940002,61.075897,6075900
2016-07-05,71.879997,72.660004,71.730003,72.110001,61.220222,4806000
2016-07-06,72.269997,72.949997,71.860001,72.559998,61.602264,7086800
2016-07-07,72.440002,72.769997,71.769997,72.019997,61.550987,4383900
2016-07-08,72.389999,72.480003,71.559998,72.459999,61.927032,4234100
2016-07-11,72.269997,72.300003,71.699997,71.809998,61.371513,3559900
2016-07-12,71.470001,71.809998,71.120003,71.419998,61.038208,3486500
2016-07-13,71.489998,71.970001,71.360001,71.940002,61.482616,2852100
2016-07-14,71.690002,72.320000,71.680000,72.089996,61.610806,2689500
2016-07-15,72.250000,72.279999,71.849998,72.019997,61.550987,2848900
2016-07-18,72.190002,72.400002,71.970001,72.279999,61.773212,2217100
2016-07-19,72.209999,72.660004,72.000000,72.639999,62.080883,1996200
2016-07-20,72.650002,72.699997,71.639999,71.699997,61.277496,2841000
2016-07-21,71.709999,71.720001,70.989998,71.209999,60.858734,3008800
2016-07-22,71.440002,71.639999,71.070000,71.220001,60.867290,3079200
2016-07-25,71.209999,71.720001,71.150002,71.690002,61.268967,2574700
2016-07-26,71.650002,72.510002,71.190002,71.279999,60.918552,2592100
2016-07-27,71.480003,71.589996,70.400002,70.550003,60.294674,4578300
2016-07-28,70.510002,71.440002,70.500000,71.339996,60.969826,2724500
2016-07-29,71.190002,72.220001,71.169998,71.889999,61.439899,2728800
2016-08-01,71.980003,72.150002,71.400002,71.629997,61.217686,3417600
2016-08-02,71.550003,71.720001,70.820000,70.970001,60.653618,4370300
2016-08-03,71.120003,71.139999,69.230003,69.779999,59.636604,5387400
2016-08-04,70.000000,70.510002,69.919998,70.489998,60.243385,4234700
2016-08-05,70.500000,70.800003,70.300003,70.550003,60.294674,2539200
2016-08-08,70.489998,70.879997,70.150002,70.629997,60.363045,2428700
2016-08-09,70.750000,71.059998,70.529999,70.930000,60.619438,2333000
2016-08-10,70.959999,71.300003,70.830002,71.059998,60.730541,2189600
2016-08-11,71.099998,71.279999,70.860001,71.070000,60.739090,2212700
2016-08-12,71.160004,71.449997,71.010002,71.169998,60.824551,1871300
2016-08-15,71.029999,71.169998,70.779999,71.040001,60.713448,2096200
2016-08-16,70.570000,70.989998,70.370003,70.500000,60.251942,2642300
2016-08-17,70.510002,70.870003,70.220001,70.559998,60.303211,3923300
2016-08-18,70.559998,71.400002,70.510002,71.269997,60.910000,2517000
2016-08-19,71.260002,71.500000,70.919998,71.449997,61.063843,2543700
2016-08-22,71.529999,71.820000,71.269997,71.559998,61.157841,2277400
2016-08-23,71.559998,71.629997,70.930000,71.099998,60.764736,2270300
2016-08-24,71.000000,71.059998,70.459999,71.000000,60.679249,2494700
2016-08-25,70.820000,71.959999,70.760002,71.389999,61.012562,3197300
2016-08-26,71.339996,71.680000,70.690002,70.870003,60.568157,1975300
2016-08-29,70.989998,71.570000,70.989998,71.419998,61.038208,2489600
2016-08-30,71.389999,71.580002,70.349998,70.510002,60.260490,4402700
2016-08-31,70.559998,70.910004,70.379997,70.820000,60.525425,3776200
2016-09-01,70.669998,70.800003,69.660004,70.110001,59.918640,4253500
2016-09-02,70.570000,71.120003,70.449997,70.940002,60.627983,2446600
2016-09-06,71.040001,71.330002,70.360001,70.900002,60.593800,3566500
2016-09-07,70.449997,70.639999,67.610001,67.849998,57.987144,6769900
2016-09-08,67.599998,68.070000,67.309998,67.470001,57.662395,4110500
2016-09-09,66.970001,66.980003,65.050003,65.050003,55.594173,6391300
2016-09-12,65.000000,66.419998,65.000000,66.279999,56.645382,4290800
2016-09-13,66.489998,66.529999,65.550003,65.599998,56.064209,3536400
2016-09-14,65.809998,66.010002,65.209999,65.480003,55.961662,3010700
2016-09-15,65.220001,65.720001,65.139999,65.540001,56.012939,2821300
2016-09-16,65.260002,65.459999,64.830002,65.190002,55.713810,3705300
2016-09-19,65.050003,65.510002,64.959999,65.209999,55.730911,2546000
2016-09-20,65.199997,65.400002,64.660004,64.699997,55.295040,3527600
2016-09-21,64.059998,65.370003,63.150002,65.260002,55.773647,5468900
2016-09-22,65.260002,65.570000,64.790001,65.059998,55.602707,4140200
2016-09-23,64.889999,65.239998,64.650002,64.650002,55.252312,3252600
2016-09-26,64.449997,64.480003,63.799999,63.900002,54.611332,3176500
2016-09-27,64.059998,64.080002,63.560001,63.919998,54.628426,2693100
2016-09-28,64.150002,64.190002,63.759998,64.080002,54.765167,2474900
2016-09-29,64.050003,64.389999,63.650002,63.660000,54.406223,3006600
2016-09-30,63.919998,64.180000,63.689999,63.880001,54.594246,3328400
2016-10-03,63.759998,64.019997,63.380001,63.880001,54.594246,2758800
2016-10-04,63.860001,63.919998,62.889999,63.049999,53.884888,3618000
2016-10-05,62.610001,62.880001,62.029999,62.360001,53.704044,5118100
2016-10-06,62.160000,62.650002,62.020000,62.419998,53.755718,3091400
2016-10-07,62.400002,62.590000,61.639999,62.130001,53.505974,2759300
2016-10-10,62.450001,62.770000,62.169998,62.439999,53.772934,2847000
2016-10-11,62.279999,62.380001,61.709999,61.950001,53.350956,3007500
2016-10-12,62.169998,62.310001,61.889999,62.130001,53.505974,2832500
2016-10-13,61.759998,62.259998,61.680000,62.220001,53.583473,2683200
2016-10-14,62.419998,62.480000,61.730000,61.779999,53.204544,3337200
2016-10-17,62.480000,62.480000,61.709999,61.770000,53.195938,3404100
2016-10-18,62.240002,62.250000,61.730000,61.910000,53.316505,5041300
2016-10-19,61.950001,61.950001,61.340000,61.570000,53.023705,4423300
2016-10-20,61.560001,61.560001,60.939999,61.000000,52.532818,4403100
2016-10-21,60.790001,60.919998,60.439999,60.709999,52.283070,3710000
2016-10-24,60.990002,61.240002,60.580002,60.889999,52.438076,3040500
2016-10-25,60.970001,61.139999,60.849998,61.099998,52.618938,2012000
2016-10-26,61.200001,61.320000,60.770000,60.840000,52.395027,1852600
2016-10-27,61.009998,61.220001,60.630001,60.720001,52.291679,2277500
2016-10-28,60.840000,61.849998,60.790001,61.660000,53.101204,2750100
2016-10-31,61.700001,62.020000,61.500000,61.980000,53.376789,2745300
2016-11-01,62.160000,62.189999,61.389999,61.630001,53.075378,3449700
2016-11-02,61.619999,61.910000,61.360001,61.380001,52.860065,2889600
2016-11-03,61.360001,61.669998,61.049999,61.119999,52.636162,2317100
2016-11-04,61.049999,61.209999,60.650002,60.650002,52.231396,2578300
2016-11-07,61.029999,61.939999,60.910000,61.830002,53.247612,3173900
2016-11-08,61.860001,63.930000,61.840000,63.709999,54.866653,4599900
2016-11-09,62.419998,62.950001,61.169998,62.740002,54.031292,4893200
2016-11-10,62.419998,62.509998,60.810001,61.070000,52.593102,6338200
2016-11-11,61.090000,61.650002,60.549999,61.040001,52.567272,3329700
2016-11-14,60.930000,61.470001,60.660000,61.200001,52.705051,3466500
2016-11-15,61.470001,61.619999,61.000000,61.299999,52.791176,3852400
2016-11-16,61.330002,61.720001,61.060001,61.259998,52.756725,3284300
2016-11-17,61.320000,61.689999,60.970001,61.360001,52.842842,2902900
2016-11-18,61.360001,61.630001,60.980000,61.259998,52.756725,2227900
2016-11-21,61.259998,61.779999,60.950001,61.630001,53.075378,2392800
2016-11-22,61.930000,62.799999,61.919998,62.680000,53.979622,2739500
2016-11-23,62.419998,62.750000,61.389999,61.480000,52.946190,2557400
2016-11-25,61.740002,62.299999,61.740002,62.299999,53.652367,1069500
2016-11-28,62.119999,62.380001,61.880001,62.080002,53.462914,2206300
2016-11-29,62.250000,62.810001,61.790001,62.660000,53.962406,3143600
2016-11-30,62.330002,62.400002,60.910000,60.939999,52.481140,5940000
2016-12-01,60.919998,60.919998,60.369999,60.590000,52.179726,3215100
2016-12-02,60.790001,61.189999,60.580002,60.939999,52.481140,2349200
2016-12-05,61.000000,61.160000,60.830002,61.130001,52.644772,2133000
2016-12-06,61.180000,61.380001,60.799999,61.029999,52.558647,1821400
2016-12-07,61.240002,63.270000,61.240002,62.990002,54.246593,3564600
2016-12-08,62.700001,62.770000,62.130001,62.480000,53.807388,2646200
2016-12-09,62.560001,63.220001,62.360001,63.200001,54.427452,1938500
2016-12-12,63.049999,63.919998,63.049999,63.869999,55.004440,1802600
2016-12-13,63.849998,64.029999,63.470001,63.740002,54.892498,3113000
2016-12-14,63.900002,64.059998,62.669998,62.869999,54.143246,2594100
2016-12-15,62.070000,62.970001,61.919998,62.820000,54.100189,2963700
2016-12-16,62.880001,63.669998,62.880001,63.500000,54.685806,3883900
2016-12-19,63.740002,63.740002,62.910000,63.060001,54.306877,2913300
2016-12-20,61.060001,62.189999,60.520000,61.450001,52.920357,6168100
2016-12-21,61.419998,62.950001,61.400002,62.389999,53.729877,4290200
2016-12-22,62.279999,62.520000,62.020000,62.459999,53.790157,2645300
2016-12-23,62.459999,62.470001,61.869999,62.160000,53.531803,1460100
2016-12-27,62.320000,62.430000,61.970001,62.200001,53.566250,1599700
2016-12-28,62.110001,62.500000,61.669998,61.889999,53.299282,1701700
2016-12-29,61.709999,62.419998,61.669998,62.360001,53.704044,1483300
2016-12-30,62.369999,62.470001,61.580002,61.770000,53.195938,1937700
2017-01-03,62.090000,62.240002,61.360001,62.090000,53.471523,2327900
2017-01-04,62.049999,62.560001,61.950001,62.070000,53.454300,2137200
2017-01-05,62.000000,62.470001,61.709999,62.250000,53.609303,2558500
2017-01-06,61.720001,61.820000,61.360001,61.470001,53.348946,2282000
2017-01-09,61.360001,61.560001,60.520000,60.560001,52.559166,3408900
2017-01-10,60.599998,60.730000,60.270000,60.450001,52.463703,3244300
2017-01-11,60.450001,61.110001,60.310001,60.980000,52.923687,3374000
2017-01-12,60.919998,61.880001,60.860001,61.270000,53.175369,2961800
2017-01-13,61.209999,61.470001,60.930000,61.080002,53.010471,1853800
2017-01-17,60.959999,62.060001,60.959999,61.980000,53.791557,2775100
2017-01-18,61.880001,62.279999,61.820000,62.080002,53.878353,2116400
2017-01-19,62.110001,62.130001,61.619999,61.650002,53.505169,2421500
2017-01-20,62.000000,62.720001,61.919998,62.419998,54.173431,3104000
2017-01-23,62.189999,62.349998,61.549999,62.119999,53.913067,2837400
2017-01-24,62.070000,62.889999,62.060001,62.669998,54.390408,2632500
2017-01-25,62.840000,63.110001,62.419998,63.009998,54.685486,2681400
2017-01-26,62.889999,63.040001,62.419998,62.700001,54.416435,1957100
2017-01-27,62.750000,62.860001,62.279999,62.720001,54.433792,1845100
2017-01-30,62.560001,62.939999,62.330002,62.599998,54.329651,1692300
2017-01-31,62.599998,62.950001,62.320000,62.480000,54.225506,3543600
2017-02-01,62.320000,62.450001,61.360001,61.369999,53.262142,2644100
2017-02-02,61.639999,62.020000,61.500000,61.720001,53.565926,2167900
2017-02-03,62.130001,62.990002,61.869999,62.730000,54.442486,2532400
2017-02-06,62.540001,62.610001,61.400002,61.439999,53.322903,2335600
2017-02-07,61.680000,61.889999,61.520000,61.820000,53.652702,1622800
2017-02-08,61.740002,62.330002,61.630001,62.220001,53.999855,1682200
2017-02-09,62.220001,63.230000,62.009998,63.060001,54.728882,2509300
2017-02-10,62.860001,63.340000,62.630001,62.759998,54.468513,1977900
2017-02-13,62.770000,63.029999,62.439999,62.889999,54.581348,1843600
2017-02-14,62.810001,63.730000,62.540001,63.090000,54.754913,3639700
2017-02-15,62.680000,63.349998,62.009998,63.189999,54.841709,2651400
2017-02-16,63.070000,63.270000,61.389999,61.540001,53.409698,6019600
2017-02-17,58.889999,60.180000,58.700001,59.230000,51.404884,11680900
2017-02-21,60.919998,61.590000,60.029999,61.020000,52.958397,7527700
2017-02-22,60.750000,60.990002,60.240002,60.590000,52.585197,3327000
2017-02-23,60.889999,60.980000,60.459999,60.779999,52.750107,2499900
2017-02-24,60.830002,61.380001,60.759998,61.369999,53.262142,2594300
2017-02-27,61.110001,61.110001,59.790001,59.939999,52.021072,3803800
2017-02-28,60.080002,60.660000,59.990002,60.369999,52.394268,3654100
2017-03-01,60.779999,60.939999,60.099998,60.549999,52.550480,3178700
2017-03-02,60.599998,60.970001,60.340000,60.910000,52.862926,3826700
2017-03-03,60.980000,61.000000,60.500000,60.730000,52.706707,1891300
2017-03-06,60.459999,60.630001,60.099998,60.430000,52.446335,2246100
2017-03-07,60.490002,60.900002,60.200001,60.250000,52.290115,2282400
2017-03-08,60.299999,60.360001,59.950001,60.070000,52.133907,2114800
2017-03-09,60.250000,60.680000,60.000000,60.630001,52.619915,2272100
2017-03-10,60.910000,61.099998,60.500000,60.570000,52.567833,2745300
2017-03-13,60.470001,60.560001,60.150002,60.520000,52.524448,2988300
2017-03-14,60.520000,60.590000,60.259998,60.459999,52.472378,1710500
2017-03-15,60.430000,61.340000,60.389999,61.160000,53.079895,4713100
2017-03-16,60.990002,61.150002,60.509998,60.810001,52.776142,4250100
2017-03-17,61.070000,61.150002,60.630001,60.660000,52.645958,10957800
2017-03-20,60.770000,60.950001,60.259998,60.259998,52.298790,4817600
2017-03-21,59.660000,60.750000,59.509998,59.759998,51.864849,5442300
2017-03-22,59.480000,59.599998,58.590000,58.939999,51.153191,5135300
2017-03-23,58.910000,59.700001,58.910000,59.369999,51.526382,2982100
2017-03-24,59.639999,59.750000,59.009998,59.160000,51.344120,3070900
2017-03-27,59.009998,59.290001,58.759998,58.790001,51.023006,3263800
2017-03-28,58.770000,59.220001,58.610001,59.009998,51.213943,2517900
2017-03-29,59.180000,59.529999,58.959999,59.439999,51.587132,2505500
2017-03-30,59.410000,59.549999,59.029999,59.070000,51.266018,1936200
2017-03-31,59.099998,59.450001,59.000000,59.009998,51.213943,2506800
2017-04-03,59.049999,59.220001,58.380001,58.549999,50.814716,3398400
2017-04-04,58.590000,58.840000,58.099998,58.380001,50.667183,3430300
2017-04-05,58.439999,58.840000,58.250000,58.250000,50.554352,3185000
2017-04-06,57.889999,58.029999,57.500000,57.689999,50.484341,3471100
2017-04-07,57.820000,57.910000,57.619999,57.650002,50.449348,2217200
2017-04-10,57.680000,57.880001,57.450001,57.520000,50.335575,2483400
2017-04-11,57.470001,57.610001,57.139999,57.419998,50.248066,2494700
2017-04-12,57.250000,57.820000,57.240002,57.580002,50.388088,3230500
2017-04-13,57.529999,57.799999,57.169998,57.169998,50.029289,2226400
2017-04-17,57.259998,57.720001,57.200001,57.599998,50.405582,2333100
2017-04-18,57.700001,58.599998,57.599998,58.160000,50.895645,3223700
2017-04-19,58.200001,58.410000,57.689999,57.840000,50.615608,2464100
2017-04-20,57.849998,58.130001,57.459999,57.880001,50.650616,2967000
2017-04-21,57.830002,58.049999,57.630001,57.730000,50.519348,2219700
2017-04-24,58.029999,58.270000,57.889999,58.139999,50.878136,2638900
2017-04-25,58.169998,58.360001,58.020000,58.240002,50.965649,2549800
2017-04-26,58.290001,58.330002,57.750000,57.880001,50.650616,2401900
2017-04-27,58.040001,58.060001,57.330002,57.410000,50.239315,2393000
2017-04-28,57.500000,57.560001,57.139999,57.509998,50.326817,3564900
2017-05-01,57.560001,57.639999,56.590000,56.599998,49.530487,3035900
2017-05-02,56.900002,56.900002,55.799999,55.919998,48.935421,4419900
2017-05-03,55.990002,56.240002,55.669998,56.049999,49.049183,3473900
2017-05-04,56.110001,60.209999,55.959999,57.049999,49.924274,19747400
2017-05-05,57.330002,57.450001,57.060001,57.299999,50.143063,3745900
2017-05-08,57.369999,57.740002,57.090000,57.400002,50.230560,2982400
2017-05-09,57.400002,57.490002,56.130001,56.369999,49.329216,4154600
2017-05-10,56.369999,56.549999,56.209999,56.340000,49.302967,3914500
2017-05-11,56.400002,56.439999,55.889999,56.259998,49.232952,3963700
2017-05-12,56.160000,56.320000,56.080002,56.250000,49.224201,2316200
2017-05-15,56.320000,56.590000,56.180000,56.360001,49.320461,2239100
2017-05-16,56.439999,56.450001,56.029999,56.090000,49.084194,2303400
2017-05-17,56.090000,56.290001,55.570000,56.029999,49.031689,2786700
2017-05-18,56.000000,56.160000,55.750000,55.910000,48.926670,3304400
2017-05-19,55.919998,56.330002,55.630001,56.230000,49.206699,3748600
2017-05-22,56.090000,56.860001,56.090000,56.709999,49.626743,3703000
2017-05-23,56.720001,56.970001,56.570000,56.689999,49.609245,2544200
2017-05-24,56.680000,56.950001,56.560001,56.910000,49.801762,2388300
2017-05-25,56.889999,57.020000,56.689999,56.830002,49.731758,2115500
2017-05-26,56.970001,57.320000,56.770000,57.320000,50.160561,2920400
2017-05-30,57.070000,57.110001,56.259998,56.570000,49.504238,5513700
2017-05-31,56.500000,57.029999,56.430000,56.740002,49.653000,6567500
2017-06-01,56.889999,57.549999,56.619999,57.549999,50.361828,3283900
2017-06-02,57.689999,57.720001,57.240002,57.549999,50.361828,3544900
2017-06-05,57.470001,57.590000,57.090000,57.439999,50.265572,2734200
2017-06-06,57.430000,57.720001,57.200001,57.529999,50.344326,3384200
2017-06-07,57.599998,57.830002,57.349998,57.700001,50.493095,3034700
2017-06-08,57.700001,57.830002,57.169998,57.200001,50.055553,3650800
2017-06-09,57.070000,57.459999,56.860001,57.090000,49.959282,2866000
2017-06-12,57.090000,57.599998,56.959999,57.240002,50.090553,3851800
2017-06-13,57.230000,58.279999,56.709999,58.169998,50.904385,4012700
2017-06-14,58.360001,59.580002,58.299999,58.750000,51.411942,6702700
2017-06-15,58.740002,58.939999,58.360001,58.830002,51.481949,4683600
2017-06-16,58.610001,58.790001,56.680000,57.099998,49.968033,7376700
2017-06-19,57.310001,57.320000,56.700001,57.119999,49.985542,3401000
2017-06-20,57.180000,57.270000,56.730000,56.740002,49.653000,2313700
2017-06-21,56.830002,56.950001,56.090000,56.209999,49.189198,2691100
2017-06-22,56.160000,56.439999,55.900002,56.000000,49.005432,3037500
2017-06-23,55.939999,56.189999,55.759998,55.939999,48.952927,5621900
2017-06-26,56.009998,56.459999,55.880001,56.169998,49.154198,3095100
2017-06-27,56.020000,56.349998,55.509998,55.520000,48.585377,4248800
2017-06-28,56.869999,57.790001,56.320000,56.419998,49.372967,6688600
2017-06-29,56.400002,56.450001,54.889999,54.970001,48.104084,6560700
2017-06-30,55.110001,55.770000,55.029999,55.400002,48.480366,4250800
2017-07-03,55.290001,55.500000,55.099998,55.180000,48.287849,2083100
2017-07-05,55.230000,55.570000,54.810001,54.810001,47.964066,4845500
2017-07-06,54.209999,54.450001,53.759998,53.820000,47.522564,5105600
2017-07-07,53.869999,53.959999,53.549999,53.630001,47.354797,3825200
2017-07-10,53.730000,53.779999,53.310001,53.400002,47.151711,3209300
2017-07-11,53.290001,54.009998,53.240002,53.529999,47.266502,7055300
2017-07-12,53.880001,54.099998,53.410000,53.439999,47.187031,3962400
2017-07-13,53.410000,53.560001,53.240002,53.279999,47.045753,3247000
2017-07-14,53.400002,53.860001,53.400002,53.740002,47.451927,2853600
2017-07-17,53.650002,54.299999,53.610001,54.150002,47.813961,7040800
2017-07-18,54.110001,54.160000,53.610001,53.669998,47.390114,3985800
2017-07-19,53.599998,54.029999,53.549999,53.849998,47.549053,2880200
2017-07-20,53.939999,54.189999,53.509998,54.169998,47.831615,3947500
2017-07-21,54.080002,54.430000,53.910000,54.349998,47.990551,3664500
2017-07-24,54.340000,54.779999,54.200001,54.480000,48.105343,4570000
2017-07-25,54.639999,55.320000,54.610001,55.119999,48.670456,3129100
2017-07-26,55.080002,55.230000,54.779999,55.130001,48.679295,3402100
2017-07-27,55.070000,55.529999,54.830002,55.490002,48.997162,3837200
2017-07-28,55.450001,55.529999,55.090000,55.330002,48.855881,2409500
2017-07-31,55.310001,55.869999,55.209999,55.660000,49.147270,3782800
2017-08-01,55.639999,55.669998,54.970001,55.200001,48.741093,3727900
2017-08-02,55.209999,56.790001,54.720001,56.070000,49.509300,6152900
2017-08-03,56.080002,56.509998,56.020000,56.220001,49.641743,3970600
2017-08-04,56.299999,56.610001,55.950001,56.169998,49.597599,5578300
2017-08-07,56.180000,56.549999,56.029999,56.380001,49.783024,3412600
2017-08-08,56.189999,56.320000,55.740002,55.779999,49.253227,3124900
2017-08-09,55.720001,55.889999,55.619999,55.770000,49.244404,2660400
2017-08-10,55.520000,56.439999,55.509998,56.290001,49.703560,3668200
2017-08-11,56.250000,56.990002,56.119999,56.590000,49.968460,3702000
2017-08-14,56.720001,57.549999,56.680000,57.400002,50.683678,3509600
2017-08-15,57.330002,57.570000,57.250000,57.310001,50.604206,4509500
2017-08-16,57.310001,57.730000,57.230000,57.529999,50.798458,2792800
2017-08-17,57.480000,57.840000,57.360001,57.570000,50.833782,4338300
2017-08-18,57.480000,57.529999,57.040001,57.139999,50.454109,4595600
2017-08-21,57.150002,57.599998,57.099998,57.290001,50.586552,2914800
2017-08-22,57.200001,57.610001,57.150002,57.500000,50.771976,1926800
2017-08-23,57.419998,57.790001,57.389999,57.680000,50.930912,3344100
2017-08-24,57.389999,57.450001,55.630001,55.680000,49.164928,4606500
2017-08-25,56.029999,56.029999,55.009998,55.020000,48.582150,3735600
2017-08-28,55.049999,55.070000,54.160000,54.279999,47.928745,3675500
2017-08-29,54.410000,54.410000,53.900002,53.930000,47.619694,4260900
2017-08-30,53.950001,54.119999,53.430000,53.750000,47.460751,3923500
2017-08-31,53.419998,53.799999,52.759998,53.259998,47.028091,6367700
2017-09-01,53.259998,54.119999,53.259998,53.720001,47.434269,3912400
2017-09-05,53.759998,54.060001,53.380001,53.720001,47.434269,4257200
2017-09-06,53.880001,54.730000,53.599998,54.700001,48.299606,5716000
2017-09-07,54.419998,54.980000,54.090000,54.660000,48.264282,4754100
2017-09-08,54.660000,55.740002,54.570000,55.349998,48.873543,3388500
2017-09-11,55.580002,56.070000,55.470001,55.779999,49.253227,2869500
2017-09-12,55.840000,56.209999,55.380001,55.560001,49.058975,2900400
2017-09-13,55.500000,55.860001,55.230000,55.290001,48.820564,2253800
2017-09-14,55.150002,55.259998,54.669998,55.049999,48.608650,3128100
2017-09-15,55.040001,55.849998,54.930000,55.799999,49.270893,4350200
2017-09-18,55.820000,56.540001,55.700001,56.430000,49.827179,4519400
2017-09-19,56.180000,56.299999,55.189999,55.380001,48.900036,6223900
2017-09-20,51.750000,53.220001,50.400002,52.169998,46.065628,16077000
2017-09-21,52.070000,52.500000,51.389999,51.689999,45.641788,6509600
2017-09-22,51.799999,52.180000,51.060001,51.230000,45.235619,4499100
2017-09-25,51.230000,52.430000,51.220001,52.270000,46.153934,4141400
2017-09-26,52.299999,52.450001,51.860001,51.970001,45.889034,2782900
2017-09-27,51.939999,52.470001,51.389999,52.430000,46.295212,4358800
2017-09-28,52.130001,52.880001,52.000000,52.259998,46.145100,2755400
2017-09-29,52.459999,52.720001,51.740002,51.759998,45.703606,4430700
2017-10-02,51.570000,51.970001,51.209999,51.810001,45.747757,4336100
2017-10-03,51.869999,51.869999,51.290001,51.320000,45.315094,3435800
2017-10-04,51.320000,52.820000,51.080002,52.009998,45.924351,5458900
2017-10-05,52.029999,52.560001,51.959999,52.090000,45.994991,3229900
2017-10-06,51.730000,51.840000,51.310001,51.400002,45.816715,2606100
2017-10-09,51.439999,51.520000,50.130001,50.189999,44.738155,4798000
2017-10-10,50.419998,50.959999,50.340000,50.950001,45.415604,3458700
2017-10-11,50.970001,51.270000,50.650002,50.869999,45.344288,3992800
2017-10-12,50.860001,51.570000,50.759998,51.270000,45.700844,3399200
2017-10-13,51.450001,51.549999,51.310001,51.529999,45.932598,3619400
2017-10-16,51.529999,51.880001,51.430000,51.810001,46.182186,2650700
2017-10-17,51.810001,51.849998,51.310001,51.700001,46.084129,3049500
2017-10-18,51.680000,52.480000,51.270000,52.250000,46.574390,5962900
2017-10-19,52.110001,52.299999,51.560001,52.029999,46.378284,3903800
2017-10-20,52.110001,52.130001,51.689999,52.009998,46.360458,3372400
2017-10-23,52.110001,52.340000,51.590000,51.669998,46.057388,2992300
2017-10-24,51.799999,52.060001,51.610001,51.790001,46.164360,3049000
2017-10-25,51.669998,51.759998,51.160000,51.529999,45.932598,2752200
2017-10-26,51.590000,52.040001,51.310001,51.759998,46.137615,3248500
2017-10-27,51.799999,51.830002,51.230000,51.570000,45.968254,2096700
2017-10-30,51.759998,51.810001,50.439999,50.660000,45.157104,5329400
2017-10-31,51.060001,52.200001,51.060001,51.919998,46.280231,4668300
2017-11-01,51.980000,52.340000,51.570000,52.029999,46.378284,2647700
2017-11-02,51.970001,52.110001,51.400002,51.759998,46.137615,2665400
2017-11-03,51.610001,51.799999,51.250000,51.340000,45.763245,1955000
2017-11-06,51.080002,51.189999,50.080002,50.099998,44.657932,3778900
2017-11-07,50.070000,51.029999,49.650002,50.970001,45.433426,3655500
2017-11-08,51.490002,52.250000,51.380001,52.240002,46.565472,3989900
2017-11-09,52.060001,52.610001,51.709999,51.779999,46.155441,3907600
2017-11-10,51.580002,53.400002,51.500000,53.279999,47.492504,5059000
2017-11-13,53.020000,53.590000,52.740002,52.970001,47.216183,3453800
2017-11-14,53.060001,54.279999,53.029999,54.119999,48.241264,5395400
2017-11-15,53.950001,54.410000,52.500000,52.529999,46.823978,4864000
2017-11-16,52.779999,53.770000,52.730000,53.669998,47.840137,3355300
2017-11-17,53.490002,53.930000,53.380001,53.720001,47.884716,4463500
2017-11-20,53.689999,54.470001,53.660000,54.240002,48.348228,3728100
2017-11-21,53.830002,54.119999,53.340000,53.520000,47.706440,3928800
2017-11-22,53.410000,53.669998,53.209999,53.650002,47.822311,2186500
2017-11-24,53.840000,53.980000,53.580002,53.650002,47.822311,1036300
2017-11-27,53.669998,54.180000,53.419998,54.049999,48.178867,3058000
2017-11-28,54.200001,54.849998,53.880001,54.840000,48.883057,3947900
2017-11-29,54.790001,56.560001,54.779999,56.340000,50.220116,5637700
2017-11-30,56.320000,56.959999,55.709999,56.560001,50.416222,6381600
2017-12-01,56.509998,56.660000,55.290001,56.459999,50.327080,4289500
2017-12-04,56.650002,57.930000,56.500000,57.860001,51.575008,6296100
2017-12-05,57.119999,58.090000,56.779999,57.250000,51.031269,4209800
2017-12-06,57.200001,57.630001,57.060001,57.410000,51.173889,2973400
2017-12-07,56.779999,57.240002,56.529999,56.689999,50.532097,3129900
2017-12-08,56.709999,56.709999,55.470001,55.840000,49.774426,3991000
2017-12-11,55.650002,55.930000,55.380001,55.889999,49.818996,3303400
2017-12-12,56.040001,56.360001,55.970001,56.060001,49.970531,2785900
2017-12-13,56.060001,56.580002,55.840000,56.470001,50.335999,4274100
2017-12-14,56.360001,56.480000,56.119999,56.130001,50.032928,2842700
2017-12-15,56.380001,57.169998,56.160000,56.889999,50.710365,9335800
2017-12-18,57.500000,58.099998,57.430000,57.799999,51.521530,5170400
2017-12-19,57.950001,58.380001,57.560001,57.630001,51.369991,5604900
2017-12-20,58.099998,59.029999,56.630001,58.759998,52.377243,6879100
2017-12-21,58.950001,60.080002,58.779999,59.529999,53.063610,7547600
2017-12-22,59.669998,60.189999,59.630001,60.130001,53.598438,6498100
2017-12-26,60.040001,60.320000,59.950001,60.119999,53.589516,2224600
2017-12-27,60.000000,60.590000,59.930000,60.180000,53.643002,2292400
2017-12-28,60.099998,60.169998,59.340000,59.549999,53.081432,2237800
2017-12-29,59.490002,60.150002,59.279999,59.290001,52.849678,2450700
2018-01-02,59.430000,59.509998,58.549999,59.040001,52.626835,4103600
2018-01-03,59.590000,59.619999,58.709999,58.730000,52.350510,3118800
2018-01-04,59.009998,59.610001,58.630001,59.410000,52.956642,3211100
2018-01-05,59.580002,59.950001,59.320000,59.919998,53.411240,2308100
2018-01-08,59.779999,60.200001,59.570000,60.119999,53.589516,3332700
2018-01-09,59.680000,59.680000,59.200001,59.320000,53.310917,2865600
2018-01-10,58.889999,58.959999,58.360001,58.630001,52.690815,3097200
2018-01-11,58.700001,58.790001,57.919998,58.090000,52.205521,2878400
2018-01-12,58.270000,58.340000,57.730000,57.849998,51.989822,2585300
2018-01-16,57.970001,58.750000,57.900002,58.430000,52.511070,3961500
2018-01-17,58.669998,59.490002,58.490002,59.119999,53.131176,3186500
2018-01-18,59.230000,59.230000,58.369999,58.660000,52.717777,2298800
2018-01-19,58.860001,59.560001,58.630001,59.110001,53.122192,4130400
2018-01-22,59.180000,59.790001,58.990002,59.770000,53.715332,3154700
2018-01-23,59.509998,60.060001,59.180000,59.790001,53.733307,2682900
2018-01-24,59.919998,60.119999,59.720001,59.720001,53.670395,4391300
2018-01-25,59.930000,60.689999,59.549999,60.139999,54.047852,2352100
2018-01-26,60.150002,60.200001,59.400002,60.200001,54.101776,5439000
2018-01-29,60.349998,60.490002,59.520000,59.580002,53.544582,2263400
2018-01-30,59.430000,59.950001,58.570000,58.580002,52.645882,3177000
2018-01-31,58.650002,58.930000,58.220001,58.490002,52.564995,3535200
2018-02-01,58.900002,59.009998,57.720001,57.880001,52.016792,3538500
2018-02-02,57.590000,57.599998,55.880001,55.950001,50.282299,4130200
2018-02-05,55.830002,56.340000,54.009998,54.009998,48.538818,4534600
2018-02-06,53.490002,55.849998,52.959999,55.779999,50.129520,5553300
2018-02-07,55.470001,56.240002,54.619999,54.650002,49.113995,3502600
2018-02-08,54.750000,55.270000,53.959999,53.990002,48.520851,3359600
2018-02-09,54.410000,55.230000,53.310001,54.720001,49.176899,3037500
2018-02-12,55.000000,55.450001,54.560001,54.919998,49.356628,2589900
2018-02-13,54.709999,55.049999,54.139999,54.790001,49.239799,2069600
2018-02-14,54.869999,56.080002,54.509998,56.029999,50.354195,3233600
2018-02-15,56.119999,56.910000,55.150002,56.889999,51.127071,2636600
2018-02-16,56.470001,56.720001,56.070000,56.430000,50.713673,3423500
2018-02-20,56.119999,56.369999,55.320000,55.950001,50.282299,4500200
2018-02-21,55.959999,56.320000,54.480000,54.480000,48.961212,5077300
2018-02-22,54.759998,55.689999,54.680000,54.950001,49.383602,3589500
2018-02-23,52.299999,53.430000,51.660000,52.980000,47.613159,11895800
2018-02-26,51.470001,52.490002,51.009998,51.419998,46.211182,10259900
2018-02-27,51.700001,51.939999,50.669998,50.779999,45.636017,11478700
2018-02-28,50.900002,51.250000,50.270000,50.549999,45.429314,7330400
2018-03-01,50.599998,51.360001,50.220001,50.570000,45.447285,8649300
2018-03-02,50.430000,51.209999,50.430000,50.939999,45.779808,3815300
2018-03-05,50.790001,51.419998,50.610001,50.619999,45.492226,5695200
2018-03-06,50.619999,51.130001,50.310001,51.060001,45.887650,6230600
2018-03-07,50.639999,51.340000,50.470001,51.060001,45.887650,4674400
2018-03-08,51.180000,51.790001,50.910000,51.700001,46.462814,4088400
2018-03-09,51.900002,51.980000,51.160000,51.450001,46.238148,2701800
2018-03-12,51.580002,52.480000,51.580002,51.970001,46.705475,3644700
2018-03-13,52.230000,52.349998,51.830002,51.990002,46.723446,4207500
2018-03-14,52.099998,52.869999,51.730000,51.810001,46.561680,4577700
2018-03-15,51.790001,52.110001,50.520000,50.930000,45.770817,5328700
2018-03-16,51.000000,51.270000,50.410000,50.490002,45.375389,8455200
2018-03-19,50.380001,50.830002,50.040001,50.209999,45.123756,4930800
2018-03-20,50.340000,50.529999,49.700001,49.930000,44.872116,6444000
2018-03-21,45.029999,46.250000,44.790001,45.509998,40.899864,25201900
2018-03-22,45.430000,45.939999,44.439999,44.450001,39.947239,11606900
2018-03-23,44.959999,45.680000,44.150002,44.209999,39.731556,10248600
2018-03-26,44.630001,45.480000,44.599998,45.299999,40.711136,9082700
2018-03-27,45.599998,46.430000,44.959999,45.310001,40.720131,9419100
2018-03-28,43.959999,45.049999,43.959999,44.349998,39.857368,19133200
2018-03-29,44.830002,45.259998,44.570000,45.060001,40.495449,7767500
2018-04-02,45.000000,45.119999,43.840000,44.090000,39.623707,9616600
2018-04-03,44.310001,44.490002,43.860001,44.299999,39.812439,6313900
2018-04-04,44.080002,45.549999,43.939999,45.369999,40.774040,10253000
2018-04-05,45.509998,45.680000,45.110001,45.430000,40.827972,5409500
2018-04-06,45.500000,45.980000,45.150002,45.470001,40.863914,6369100
2018-04-09,45.139999,45.500000,44.509998,44.950001,40.836666,5040700
2018-04-10,45.070000,45.250000,44.430000,44.509998,40.436920,6704700
2018-04-11,44.470001,45.070000,44.349998,44.869999,40.763981,4316300
2018-04-12,44.990002,45.110001,44.270000,44.580002,40.500523,3888900
2018-04-13,44.700001,45.110001,44.360001,44.799999,40.700382,4340400
2018-04-16,44.799999,45.580002,44.619999,45.240002,41.100124,3585400
2018-04-17,45.360001,45.549999,45.020000,45.259998,41.118294,3757600
2018-04-18,45.220001,45.279999,44.700001,44.730000,40.636787,3768600
2018-04-19,44.660000,44.730000,43.730000,44.029999,40.000847,8286900
2018-04-20,44.200001,44.580002,43.180000,43.410000,39.437584,5464700
2018-04-23,43.880001,44.590000,43.540001,44.560001,40.482353,5166100
2018-04-24,44.700001,44.770000,44.000000,44.369999,40.309731,6492500
2018-04-25,44.340000,44.730000,43.889999,44.040001,40.009937,5908600
2018-04-26,44.009998,44.520000,43.529999,44.369999,40.309731,4440600
2018-04-27,44.560001,44.900002,44.330002,44.520000,40.446007,3601900
2018-04-30,44.650002,44.730000,43.689999,43.740002,39.737392,4635400
2018-05-01,43.880001,43.930000,43.200001,43.549999,39.564766,4366000
2018-05-02,43.470001,43.470001,42.340000,42.490002,38.601776,5543800
2018-05-03,42.520000,42.529999,41.009998,41.209999,37.438911,9867100
2018-05-04,41.250000,42.820000,41.250000,42.540001,38.647198,6150700
2018-05-07,42.540001,42.630001,41.919998,42.340000,38.465500,4190800
2018-05-08,42.119999,42.340000,41.910000,42.299999,38.429161,3704400
2018-05-09,42.490002,42.810001,42.180000,42.509998,38.619942,2989900
2018-05-10,42.669998,42.919998,42.509998,42.619999,38.719875,3703300
2018-05-11,42.730000,42.959999,42.389999,42.660000,38.756222,3249400
2018-05-14,42.709999,42.750000,42.410000,42.529999,38.638107,4398800
2018-05-15,42.439999,43.070000,42.139999,42.490002,38.601776,4588600
2018-05-16,42.709999,43.049999,42.450001,43.049999,39.110531,3468500
2018-05-17,42.910000,43.150002,42.570000,42.810001,38.892490,3686700
2018-05-18,42.180000,42.200001,41.060001,41.820000,37.993088,7512300
2018-05-21,41.930000,42.189999,41.450001,41.770000,37.947666,4815600
2018-05-22,41.939999,42.070000,41.660000,41.930000,38.093018,5184100
2018-05-23,41.919998,42.299999,41.880001,42.290001,38.420074,3853300
2018-05-24,42.250000,42.380001,41.840000,42.200001,38.338314,4104200
2018-05-25,42.259998,43.160000,42.259998,42.639999,38.738045,3901400
2018-05-29,42.439999,42.880001,42.310001,42.480000,38.592686,5404800
2018-05-30,42.630001,43.119999,42.320000,42.900002,38.974258,5289200
2018-05-31,42.750000,42.770000,42.020000,42.290001,38.420074,10900400
2018-06-01,42.389999,42.919998,42.270000,42.599998,38.701710,4189800
2018-06-04,42.950001,43.540001,42.820000,43.279999,39.319477,5105900
2018-06-05,43.389999,43.389999,42.310001,42.490002,38.601776,6784300
2018-06-06,42.650002,42.650002,41.970001,42.599998,38.701710,4650600
2018-06-07,41.950001,42.869999,41.820000,42.220001,38.356483,8108400
2018-06-08,42.380001,43.049999,42.279999,42.910000,38.983334,5084700
2018-06-11,43.099998,44.570000,43.060001,44.419998,40.355156,8167600
2018-06-12,44.529999,44.639999,43.799999,44.520000,40.446007,5146000
2018-06-13,44.500000,44.919998,44.389999,44.619999,40.536858,5782400
2018-06-14,44.700001,44.720001,44.299999,44.509998,40.436920,5219700
2018-06-15,44.349998,45.509998,44.349998,45.430000,41.272739,12354100
2018-06-18,45.720001,46.650002,44.340000,44.730000,40.636787,8514000
2018-06-19,44.599998,45.110001,44.490002,44.980000,40.863918,4150000
2018-06-20,44.860001,45.040001,44.139999,44.869999,40.763981,4102900
2018-06-21,44.799999,45.470001,44.759998,44.970001,40.854832,3882200
2018-06-22,44.950001,45.680000,44.889999,45.220001,41.081955,5853700
2018-06-25,45.360001,46.139999,45.250000,46.009998,41.799656,6909700
2018-06-26,46.020000,46.279999,45.700001,46.060001,41.845085,7207700
2018-06-27,46.500000,47.139999,45.419998,45.730000,41.545284,11075500
2018-06-28,45.500000,46.029999,44.180000,44.680000,40.591370,7967500
2018-06-29,44.709999,44.720001,43.770000,44.259998,40.209805,6546600
2018-07-02,44.020000,44.160000,43.360001,43.439999,39.464836,7075600
2018-07-03,43.599998,43.900002,43.459999,43.529999,39.546597,3167600
2018-07-05,43.680000,44.840000,43.529999,44.840000,40.736725,6755300
2018-07-06,45.000000,45.410000,44.639999,45.040001,40.918423,4302600
2018-07-09,44.549999,44.900002,44.209999,44.310001,40.697990,3777200
2018-07-10,44.310001,44.720001,43.799999,44.689999,41.047012,6012200
2018-07-11,44.599998,44.910000,44.320000,44.689999,41.047012,4057300
2018-07-12,44.740002,45.160000,44.369999,44.580002,40.945984,4524800
2018-07-13,44.700001,45.029999,44.610001,44.910000,41.249077,2922300
2018-07-16,44.970001,44.970001,43.849998,43.959999,40.376518,3954200
2018-07-17,43.910000,44.419998,43.880001,44.230000,40.624512,3485800
2018-07-18,44.150002,44.189999,43.029999,43.090000,39.577435,4526400
2018-07-19,43.029999,43.430000,42.820000,43.349998,39.816246,4363800
2018-07-20,43.349998,43.570000,43.130001,43.360001,39.825436,3427400
2018-07-23,43.299999,43.349998,42.720001,42.889999,39.393738,2988000
2018-07-24,42.860001,43.240002,42.650002,43.090000,39.577435,4801600
2018-07-25,43.259998,43.639999,42.980000,43.549999,39.999935,3375900
2018-07-26,43.790001,44.689999,43.790001,44.169998,40.569405,3849900
2018-07-27,44.360001,45.029999,44.250000,44.980000,41.313374,5342300
2018-07-30,44.680000,45.990002,44.619999,45.919998,42.176739,5746400
2018-07-31,46.060001,46.360001,45.700001,46.060001,42.305336,7127700
2018-08-01,46.049999,46.189999,45.070000,45.080002,41.405224,5684200
2018-08-02,44.990002,45.790001,44.400002,45.740002,42.011425,5298600
2018-08-03,45.930000,47.770000,45.770000,47.240002,43.389145,8204100
2018-08-06,47.200001,47.520000,46.950001,47.099998,43.260555,4034300
2018-08-07,47.099998,47.099998,46.299999,46.480000,42.691101,4347400
2018-08-08,46.599998,46.599998,45.160000,45.220001,41.533810,6007900
2018-08-09,45.250000,45.520000,45.029999,45.270000,41.579731,2498100
2018-08-10,45.130001,45.439999,44.770000,45.180000,41.497066,2566300
2018-08-13,45.459999,45.520000,44.930000,45.470001,41.763432,3489500
2018-08-14,45.669998,46.180000,45.610001,45.799999,42.066525,3093900
2018-08-15,45.779999,46.439999,45.419998,46.230000,42.461475,4976800
2018-08-16,46.320000,47.049999,46.290001,46.599998,42.801315,4127700
2018-08-17,46.419998,47.270000,46.419998,47.209999,43.361588,3374000
2018-08-20,47.250000,47.709999,47.169998,47.580002,43.701427,3717700
2018-08-21,47.459999,47.490002,46.060001,46.130001,42.369629,3774600
2018-08-22,46.000000,46.049999,45.360001,45.750000,42.020611,2936200
2018-08-23,45.450001,45.880001,45.250000,45.590000,41.873650,2788000
2018-08-24,45.639999,46.220001,45.480000,45.980000,42.231850,2231400
2018-08-27,46.110001,46.270000,45.759998,45.869999,42.130829,2179700
2018-08-28,45.840000,45.959999,45.279999,45.380001,41.680771,2499700
2018-08-29,45.380001,45.689999,45.209999,45.680000,41.956310,2275500
2018-08-30,45.490002,45.860001,45.270000,45.639999,41.919567,2681000
2018-08-31,45.820000,46.340000,45.720001,46.009998,42.259407,3628900
2018-09-04,46.000000,46.259998,45.779999,45.919998,42.176739,4056400
2018-09-05,45.660000,46.380001,45.259998,45.549999,41.836906,6033200
2018-09-06,45.560001,47.139999,45.549999,47.009998,43.177887,4913000
2018-09-07,46.790001,47.610001,46.590000,47.549999,43.673870,3982900
2018-09-10,47.639999,48.090000,47.240002,47.430000,43.563660,3285900
2018-09-11,47.369999,47.430000,46.570000,46.750000,42.939079,4303600
2018-09-12,46.779999,47.590000,46.750000,47.509998,43.637138,2651300
2018-09-13,47.669998,47.779999,47.250000,47.590000,43.710613,3015900
2018-09-14,47.570000,47.759998,47.220001,47.750000,43.857567,4884200
2018-09-17,47.500000,48.110001,47.500000,47.770000,43.875946,7788400
2018-09-18,46.560001,46.970001,43.570000,44.130001,40.532665,16268000
2018-09-19,44.340000,45.320000,43.959999,44.270000,40.661251,10130000
2018-09-20,44.410000,44.580002,44.160000,44.369999,40.753094,6018800
2018-09-21,44.560001,45.020000,44.130001,44.459999,40.835758,8076200
2018-09-24,44.389999,44.830002,43.970001,44.009998,40.422443,3365600
2018-09-25,44.029999,44.270000,43.619999,43.779999,40.211189,3735500
2018-09-26,43.849998,44.049999,43.630001,43.700001,40.137714,3669500
2018-09-27,43.360001,43.759998,42.869999,43.029999,39.522331,4580400
2018-09-28,43.080002,43.160000,42.610001,42.919998,39.421299,4950000
2018-10-01,42.970001,43.060001,42.480000,42.669998,39.191677,5797200
2018-10-02,42.990002,43.549999,42.700001,43.220001,39.696846,4008900
2018-10-03,43.529999,43.740002,42.900002,43.000000,39.494774,4350500
2018-10-04,42.869999,43.419998,42.650002,43.340000,39.807064,3368100
2018-10-05,43.349998,43.740002,43.330002,43.490002,39.944836,4341100
2018-10-08,43.560001,44.480000,43.419998,44.389999,40.771465,4931600
2018-10-09,43.900002,44.029999,43.060001,43.290001,40.204941,3639200
2018-10-10,43.240002,44.689999,43.099998,43.939999,40.808620,6114800
2018-10-11,44.029999,44.189999,42.660000,42.849998,39.796295,5175900
2018-10-12,43.029999,43.230000,42.439999,43.099998,40.028477,4272300
2018-10-15,43.110001,43.889999,43.080002,43.570000,40.464985,3148600
2018-10-16,43.570000,44.419998,43.410000,44.369999,41.207970,4004400
2018-10-17,44.200001,44.459999,43.750000,44.060001,40.920067,2857200
2018-10-18,44.160000,44.430000,43.570000,43.650002,40.539284,3092900
2018-10-19,43.910000,44.770000,43.910000,44.540001,41.365852,3852000
2018-10-22,44.529999,44.900002,43.860001,44.150002,41.003654,3436500
2018-10-23,44.020000,44.599998,43.730000,44.490002,41.319427,4377600
2018-10-24,44.500000,45.400002,44.490002,44.820000,41.625900,4000800
2018-10-25,44.630001,45.000000,44.110001,44.470001,41.300846,4140800
2018-10-26,44.410000,44.930000,43.250000,43.520000,40.418552,5142600
2018-10-29,43.750000,44.680000,43.750000,44.139999,40.994366,5483700
2018-10-30,44.540001,45.560001,44.349998,45.500000,42.257442,7296600
2018-10-31,44.680000,44.680000,43.119999,43.799999,40.678593,6805400
2018-11-01,43.950001,44.509998,43.720001,44.320000,41.161537,4365500
2018-11-02,43.869999,44.070000,41.740002,42.169998,39.164753,9583100
2018-11-05,42.270000,43.299999,42.259998,42.970001,39.907742,5852700
2018-11-06,42.880001,43.939999,42.740002,43.820000,40.697170,3773300
2018-11-07,43.990002,44.060001,43.130001,43.849998,40.725029,3631700
2018-11-08,43.700001,44.549999,43.700001,44.439999,41.272984,3676800
2018-11-09,44.480000,45.419998,44.480000,45.310001,42.080990,4825500
2018-11-12,45.250000,46.130001,45.250000,45.680000,42.424618,4211500
2018-11-13,45.689999,46.330002,45.200001,45.480000,42.238873,3719500
2018-11-14,45.250000,45.830002,45.009998,45.299999,42.071701,3837600
2018-11-15,44.889999,45.419998,44.490002,45.230000,42.006687,4013400
2018-11-16,45.180000,45.470001,44.110001,44.180000,41.031513,6056400
2018-11-19,44.230000,44.779999,43.689999,44.230000,41.077950,6875900
2018-11-20,44.480000,45.099998,43.980000,44.180000,41.031513,3717300
2018-11-21,44.119999,44.150002,43.090000,43.310001,40.223522,4111900
2018-11-23,43.389999,43.639999,43.040001,43.369999,40.279236,1114600
2018-11-26,43.389999,43.639999,42.320000,42.380001,39.359795,4636800
2018-11-27,42.230000,42.650002,41.889999,42.450001,39.424801,4094100
2018-11-28,41.950001,41.959999,41.369999,41.880001,38.895424,5269500
2018-11-29,41.849998,42.380001,41.700001,42.209999,39.201904,6458000
2018-11-30,42.110001,42.590000,41.990002,42.310001,39.294777,6085200
2018-12-03,42.060001,42.340000,41.060001,41.500000,38.542511,7978500
2018-12-04,41.660000,41.950001,40.209999,40.270000,37.400162,8535300
2018-12-06,40.340000,40.380001,39.320000,39.730000,36.898647,12064800
2018-12-07,39.560001,39.700001,38.169998,38.480000,35.737728,10226800
2018-12-10,38.740002,38.939999,38.080002,38.540001,35.793449,6664800
2018-12-11,38.709999,39.450001,38.450001,38.730000,35.969910,6570100
2018-12-12,38.939999,39.310001,38.509998,38.560001,35.812031,9250000
2018-12-13,38.560001,38.680000,38.070000,38.119999,35.403381,7061000
2018-12-14,38.009998,38.070000,37.220001,37.380001,34.716118,6719500
2018-12-17,37.410000,37.700001,36.419998,36.740002,34.121727,8633300
2018-12-18,36.990002,37.340000,36.549999,36.700001,34.084576,8108700
2018-12-19,38.799999,40.380001,38.410000,38.549999,35.802738,14213500
2018-12-20,38.189999,39.230000,37.419998,39.070000,36.285679,10024600
2018-12-21,39.000000,40.419998,38.750000,38.810001,36.044205,13092200
2018-12-24,38.730000,38.860001,37.540001,37.590000,34.911152,3958000
2018-12-26,37.810001,38.430000,37.340000,38.419998,35.681999,6692700
2018-12-27,38.320000,39.029999,37.349998,39.029999,36.248524,8036100
2018-12-28,39.080002,39.459999,38.500000,38.759998,35.997768,5779600
2018-12-31,38.740002,38.990002,38.279999,38.939999,36.164944,5292900
2019-01-02,38.820000,38.939999,38.119999,38.430000,35.691288,6478900
2019-01-03,38.380001,39.410000,38.200001,39.029999,36.248524,6359800
2019-01-04,39.119999,39.939999,38.900002,39.820000,36.982231,6326100
2019-01-07,39.810001,40.740002,39.490002,40.480000,37.595196,5695600
2019-01-08,40.790001,41.220001,40.630001,41.090000,38.161724,6609400
2019-01-09,40.349998,40.779999,40.049999,40.419998,37.992531,4521300
2019-01-10,40.419998,41.439999,40.419998,41.419998,38.932472,8279800
2019-01-11,41.450001,41.820000,41.080002,41.799999,39.289658,7417400
2019-01-14,41.650002,41.799999,41.419998,41.790001,39.280254,3874400
2019-01-15,41.680000,42.060001,41.459999,41.900002,39.383656,4486300
2019-01-16,41.970001,42.299999,41.689999,42.270000,39.731430,4905600
2019-01-17,42.279999,43.049999,42.200001,42.970001,40.389389,4664400
2019-01-18,43.200001,43.700001,43.020000,43.470001,40.859364,5564800
2019-01-22,43.509998,43.720001,42.880001,43.240002,40.643177,9260500
2019-01-23,43.680000,44.290001,43.619999,44.009998,41.366932,5208600
2019-01-24,43.450001,44.000000,42.880001,43.520000,40.906361,4700400
2019-01-25,43.560001,44.220001,43.209999,43.290001,40.690170,7013900
2019-01-28,43.419998,43.570000,42.840000,43.549999,40.934551,3552900
2019-01-29,43.650002,43.720001,43.200001,43.580002,40.962757,3431900
2019-01-30,43.490002,44.009998,43.450001,43.709999,41.084946,3140900
2019-01-31,43.730000,44.470001,43.480000,44.439999,41.771111,4730000
2019-02-01,44.700001,45.000000,43.820000,44.240002,41.583118,5061700
2019-02-04,44.230000,44.299999,43.590000,43.830002,41.197742,3462400
2019-02-05,43.830002,44.630001,43.680000,44.610001,41.930901,4625900
2019-02-06,44.480000,44.689999,43.770000,43.849998,41.216537,3527100
2019-02-07,43.000000,44.180000,42.799999,43.860001,41.225937,4021200
2019-02-08,43.709999,43.970001,43.119999,43.950001,41.310535,3362000
2019-02-11,44.080002,44.189999,43.500000,43.990002,41.348133,4027900
2019-02-12,43.990002,44.939999,43.990002,44.840000,42.147083,4349500
2019-02-13,44.840000,44.939999,44.299999,44.470001,41.799305,2993300
2019-02-14,44.189999,44.759998,43.910000,44.529999,41.855698,2867700
2019-02-15,44.840000,45.299999,44.770000,45.040001,42.335075,4188300
2019-02-19,45.000000,45.919998,44.810001,45.740002,42.993034,5193200
2019-02-20,45.740002,47.119999,45.709999,46.950001,44.130371,6591700
2019-02-21,46.750000,47.220001,46.430000,46.950001,44.130371,5108200
2019-02-22,44.639999,46.599998,44.130001,46.580002,43.782589,9796000
2019-02-25,46.730000,46.799999,45.820000,46.200001,43.425407,6076800
2019-02-26,46.549999,47.040001,46.349998,46.860001,44.045773,6002700
2019-02-27,46.750000,47.090000,46.509998,47.090000,44.261963,5274500
2019-02-28,47.150002,47.320000,46.730000,47.130001,44.299557,4245600
2019-03-01,47.250000,47.400002,46.830002,47.220001,44.384151,3342400
2019-03-04,47.299999,47.349998,46.230000,46.779999,43.970577,3450400
2019-03-05,46.619999,47.000000,46.430000,46.820000,44.008171,3609800
2019-03-06,46.919998,47.020000,46.509998,46.810001,43.998775,2905100
2019-03-07,46.509998,46.799999,46.250000,46.400002,43.613400,3081700
2019-03-08,46.580002,46.680000,46.189999,46.560001,43.763786,2440800
2019-03-11,46.459999,46.939999,46.410000,46.910000,44.092766,3158700
2019-03-12,46.919998,47.090000,46.759998,46.830002,44.017578,3066800
2019-03-13,46.830002,47.380001,46.830002,47.080002,44.252563,3924200
2019-03-14,47.500000,47.750000,47.299999,47.459999,44.609741,5222000
2019-03-15,47.509998,47.709999,47.180000,47.509998,44.656738,8548000
2019-03-18,47.419998,47.810001,47.380001,47.619999,44.760124,4196200
2019-03-19,47.180000,47.689999,47.020000,47.240002,44.402950,5196900
2019-03-20,48.340000,49.500000,48.169998,48.290001,45.389893,12337400
2019-03-21,48.230000,50.189999,48.230000,50.040001,47.034794,7582700
2019-03-22,50.220001,50.980000,50.189999,50.740002,47.692760,5314500
2019-03-25,50.540001,51.169998,50.410000,51.090000,48.021740,3267600
2019-03-26,51.200001,51.930000,50.889999,51.799999,48.689095,3734600
2019-03-27,51.680000,51.880001,51.279999,51.299999,48.219128,4201300
2019-03-28,51.419998,51.680000,51.169998,51.490002,48.397709,4718700
2019-03-29,51.459999,51.959999,51.340000,51.750000,48.642097,4884900
2019-04-01,51.740002,51.810001,50.619999,50.990002,47.927742,6089800
2019-04-02,50.990002,51.009998,50.650002,50.980000,47.918343,4857300
2019-04-03,50.820000,50.880001,50.270000,50.290001,47.269775,5171100
2019-04-04,50.430000,50.540001,50.150002,50.259998,47.241581,3342600
2019-04-05,50.250000,50.889999,50.189999,50.880001,47.824348,3686800
2019-04-08,50.810001,51.380001,50.750000,51.310001,48.228527,3642500
2019-04-09,50.669998,51.279999,50.529999,51.029999,48.427811,4412800
2019-04-10,50.990002,51.599998,50.980000,51.549999,48.921299,4208800
2019-04-11,51.709999,51.740002,51.299999,51.560001,48.930790,2666400
2019-04-12,51.369999,51.680000,51.139999,51.580002,48.949768,1959900
2019-04-15,51.689999,51.830002,51.450001,51.720001,49.082630,2331900
2019-04-16,51.720001,52.169998,51.259998,51.470001,48.845379,3025000
2019-04-17,51.639999,51.830002,51.290001,51.750000,49.111095,2420700
2019-04-18,51.590000,51.970001,51.509998,51.720001,49.082630,2321800
2019-04-22,51.720001,51.900002,51.560001,51.750000,49.111095,1732000
2019-04-23,51.700001,52.000000,50.810001,51.009998,48.408833,4866400
2019-04-24,50.889999,51.250000,50.459999,50.680000,48.095661,5687200
2019-04-25,50.450001,50.639999,50.020000,50.220001,47.659119,4034800
2019-04-26,50.549999,51.099998,50.290001,51.090000,48.484756,2812300
2019-04-29,50.939999,51.099998,50.840000,50.939999,48.342403,2248400
2019-04-30,51.070000,51.630001,50.950001,51.470001,48.845379,4730600
2019-05-01,51.560001,51.730000,51.150002,51.310001,48.693539,3563700
2019-05-02,51.040001,51.349998,50.650002,51.259998,48.646084,2978200
2019-05-03,51.230000,51.500000,51.110001,51.180000,48.570164,2408000
2019-05-06,51.130001,51.570000,50.810001,51.450001,48.826397,2224400
2019-05-07,51.060001,51.430000,50.910000,51.189999,48.579659,3548000
2019-05-08,51.250000,51.250000,50.610001,50.869999,48.275974,2645100
2019-05-09,50.939999,51.549999,50.779999,51.410000,48.788437,3621400
2019-05-10,51.169998,51.610001,50.650002,51.540001,48.911804,2921700
2019-05-13,51.139999,51.910000,50.959999,51.790001,49.149055,3053600
2019-05-14,51.770000,52.299999,51.509998,51.970001,49.319881,3254200
2019-05-15,51.910000,52.459999,51.509998,52.410000,49.737442,2355800
2019-05-16,52.419998,53.000000,51.970001,52.099998,49.443253,5230400
2019-05-17,52.049999,52.560001,51.900002,52.400002,49.727959,3954400
2019-05-20,52.349998,52.880001,52.240002,52.709999,50.022148,4319400
2019-05-21,52.770000,52.810001,52.290001,52.389999,49.718460,3501400
2019-05-22,52.490002,52.799999,51.980000,52.709999,50.022148,2876200
2019-05-23,52.599998,53.660000,52.380001,53.430000,50.705433,6855600
2019-05-24,53.450001,53.529999,52.779999,52.810001,50.117046,3033900
2019-05-28,52.570000,52.939999,51.049999,51.090000,48.484756,7617100
2019-05-29,49.049999,49.110001,47.779999,48.250000,45.789574,11266300
2019-05-30,48.439999,48.980000,48.240002,48.820000,46.330513,5388800
2019-05-31,48.590000,49.500000,48.320000,49.439999,46.918896,4499300
2019-06-03,49.430000,50.880001,49.430000,50.639999,48.057701,4230400
2019-06-04,50.889999,51.189999,50.619999,50.880001,48.285465,4467300
2019-06-05,51.549999,51.650002,51.000000,51.279999,48.665066,4372200
2019-06-06,51.340000,51.509998,50.830002,51.330002,48.712517,3412500
2019-06-07,51.619999,52.040001,51.549999,51.810001,49.168037,2749000
2019-06-10,51.700001,51.849998,50.820000,51.340000,48.722008,2718000
2019-06-11,51.099998,52.560001,51.000000,52.369999,49.699482,4044800
2019-06-12,52.660000,52.860001,52.419998,52.610001,49.927246,3151800
2019-06-13,52.689999,53.169998,52.610001,52.990002,50.287868,2496800
2019-06-14,53.160000,53.599998,53.099998,53.410000,50.686443,2449900
2019-06-17,53.500000,53.639999,52.599998,52.980000,50.278374,2884000
2019-06-18,53.279999,53.330002,52.400002,52.450001,49.775402,3015100
2019-06-19,52.369999,53.369999,52.090000,53.320000,50.601040,3321800
2019-06-20,53.349998,54.189999,52.900002,54.020000,51.265350,4221000
2019-06-21,54.040001,54.389999,53.750000,53.770000,51.028095,7342100
2019-06-24,54.000000,54.139999,53.299999,53.669998,50.933186,3151900
2019-06-25,53.869999,54.139999,53.509998,53.700001,50.961662,5883400
2019-06-26,50.389999,51.930000,48.570000,51.310001,48.693539,15537900
2019-06-27,51.200001,52.349998,50.869999,52.220001,49.557133,5996800
2019-06-28,52.150002,53.009998,51.959999,52.520000,49.841827,6302200
2019-07-01,52.889999,53.880001,52.680000,53.330002,50.610527,5756500
2019-07-02,53.439999,53.680000,53.009998,53.549999,50.819313,3700300
2019-07-03,53.840000,54.599998,53.720001,54.340000,51.569027,4190800
2019-07-05,54.150002,54.299999,53.220001,54.180000,51.417183,2955500
2019-07-08,54.230000,54.630001,53.810001,54.049999,51.293812,3483200
2019-07-09,53.580002,53.689999,52.820000,53.310001,51.054394,3767000
2019-07-10,53.689999,54.740002,53.689999,54.500000,52.194038,5428000
2019-07-11,54.660000,54.730000,53.290001,53.560001,51.293816,5411600
2019-07-12,53.639999,53.730000,52.959999,53.439999,51.178890,3420500
2019-07-15,53.490002,53.869999,52.630001,53.119999,50.872433,3792000
2019-07-16,52.959999,53.389999,52.750000,52.860001,50.623432,5142900
2019-07-17,52.660000,53.110001,52.430000,53.049999,50.805393,3595800
2019-07-18,53.020000,53.410000,52.660000,53.279999,51.025661,3415900
2019-07-19,53.470001,53.500000,52.759998,52.770000,50.537239,2322300
2019-07-22,52.849998,52.930000,52.110001,52.459999,50.240356,2444400
2019-07-23,52.639999,52.889999,52.130001,52.389999,50.173317,3013800
2019-07-24,52.250000,52.880001,52.009998,52.840000,50.604279,3110000
2019-07-25,52.820000,53.799999,52.450001,53.730000,51.456623,4329100
2019-07-26,53.770000,53.790001,53.250000,53.639999,51.370430,2788300
2019-07-29,53.720001,53.869999,53.459999,53.700001,51.427891,2632500
2019-07-30,53.860001,53.910000,53.419998,53.680000,51.408741,2588500
2019-07-31,53.709999,53.790001,52.259998,53.110001,50.862850,4185900
2019-08-01,53.330002,54.619999,53.320000,54.009998,51.724777,4957300
2019-08-02,54.020000,54.220001,53.330002,53.700001,51.427891,3521400
2019-08-05,53.529999,53.830002,52.360001,52.810001,50.575550,3763000
2019-08-06,52.700001,53.000000,52.110001,52.509998,50.288239,3499500
2019-08-07,52.380001,53.150002,51.619999,52.919998,50.680893,3183200
2019-08-08,52.439999,54.060001,52.250000,54.020000,51.734356,3147000
2019-08-09,53.980000,54.480000,53.730000,53.919998,51.638580,2579200
2019-08-12,53.919998,54.380001,53.610001,54.270000,51.973770,2930700
2019-08-13,54.389999,54.730000,54.080002,54.380001,52.079124,2970100
2019-08-14,54.259998,54.630001,53.590000,53.770000,51.494930,3562200
2019-08-15,53.970001,54.720001,53.509998,54.330002,52.031235,3398600
2019-08-16,54.849998,55.290001,54.639999,55.020000,52.692039,4339100
2019-08-19,55.080002,55.430000,54.660000,55.200001,52.864422,4191800
2019-08-20,55.009998,55.040001,54.250000,54.290001,51.992928,3067100
2019-08-21,54.619999,54.840000,54.220001,54.380001,52.079124,2843300
2019-08-22,54.410000,54.830002,54.220001,54.680000,52.366425,2022100
2019-08-23,54.790001,54.830002,53.369999,53.630001,51.360851,2715900
2019-08-26,53.830002,54.139999,53.650002,53.980000,51.696045,3758200
2019-08-27,53.419998,53.490002,51.250000,51.910000,49.713627,6000000
2019-08-28,52.029999,53.180000,51.980000,53.119999,50.872433,3444700
2019-08-29,53.419998,53.540001,52.869999,53.349998,51.092701,2194300
2019-08-30,53.730000,54.380001,53.500000,53.799999,51.523663,3400600
2019-09-03,53.779999,54.340000,53.389999,54.299999,52.002502,3414900
2019-09-04,54.500000,54.590000,53.490002,54.310001,52.012085,3766900
2019-09-05,54.490002,54.580002,53.970001,54.160000,51.868427,2622500
2019-09-06,54.200001,55.209999,54.070000,54.959999,52.634579,3391800
2019-09-09,55.049999,56.400002,54.619999,55.590000,53.237926,6216000
2019-09-10,55.250000,55.810001,54.099998,54.529999,52.222771,4662400
2019-09-11,54.330002,54.759998,53.860001,54.320000,52.021656,4218100
2019-09-12,54.730000,55.020000,54.049999,54.090000,51.801392,3246900
2019-09-13,53.799999,54.580002,53.740002,53.970001,51.686462,2971200
2019-09-16,53.700001,54.910000,53.680000,54.540001,52.232353,3409800
2019-09-17,54.470001,55.619999,54.389999,55.029999,52.701614,4909300
2019-09-18,55.639999,55.930000,53.630001,54.529999,52.222771,6600700
2019-09-19,54.380001,54.740002,54.119999,54.389999,52.088696,4449200
2019-09-20,54.529999,54.580002,54.189999,54.330002,52.031235,6122400
2019-09-23,54.490002,54.900002,53.849998,53.900002,51.619423,2165300
2019-09-24,54.160000,54.639999,53.750000,54.180000,51.887581,3315100
2019-09-25,54.299999,54.549999,53.980000,54.169998,51.878002,2830700
2019-09-26,54.310001,55.000000,54.270000,54.990002,52.663311,2417000
2019-09-27,55.000000,55.020000,54.360001,54.869999,52.548386,2083500
2019-09-30,54.980000,55.590000,54.900002,55.119999,52.787807,2609000
2019-10-01,55.130001,55.430000,54.270000,54.389999,52.088696,2448400
2019-10-02,54.220001,54.400002,52.790001,52.910000,50.671314,3764500
2019-10-03,53.200001,53.570000,52.790001,53.369999,51.111855,2953700
2019-10-04,53.580002,54.299999,53.419998,54.299999,52.002502,4293800
2019-10-07,54.070000,54.650002,53.810001,54.500000,52.194038,2377900
2019-10-08,54.430000,54.430000,53.759998,54.150002,51.858852,3465500
2019-10-09,53.799999,54.369999,53.669998,54.160000,52.342068,3612000
2019-10-10,53.950001,54.849998,53.910000,54.610001,52.776962,2623200
2019-10-11,54.810001,54.810001,53.910000,54.349998,52.525688,3114200
2019-10-14,54.400002,54.580002,53.840000,54.009998,52.197102,4744200
2019-10-15,54.099998,54.200001,53.389999,53.610001,51.810528,3847800
2019-10-16,53.599998,53.660000,52.610001,52.650002,50.882751,4073200
2019-10-17,52.529999,53.020000,52.150002,52.959999,51.182346,3414300
2019-10-18,52.880001,53.049999,52.380001,52.549999,50.786110,3064400
2019-10-21,52.360001,52.740002,52.200001,52.509998,50.747452,1927000
2019-10-22,52.570000,52.599998,50.970001,51.090000,49.375118,4014300
2019-10-23,51.060001,51.410000,50.810001,51.180000,49.462097,2954300
2019-10-24,51.080002,51.299999,50.520000,51.110001,49.394447,2314900
2019-10-25,51.150002,51.310001,50.090000,50.509998,48.814583,2898000
2019-10-28,50.509998,50.599998,49.970001,50.000000,48.321701,3350600
2019-10-29,50.400002,51.020000,50.070000,50.459999,48.766258,3127900
2019-10-30,50.830002,50.830002,50.130001,50.709999,49.007866,4417500
2019-10-31,50.840000,51.369999,50.410000,50.860001,49.152840,3710700
2019-11-01,50.990002,51.380001,50.919998,51.180000,49.462097,2746600
2019-11-04,51.200001,51.529999,51.020000,51.380001,49.655384,2526300
2019-11-05,51.389999,51.630001,51.200001,51.590000,49.858337,3022800
2019-11-06,51.799999,52.910000,51.650002,52.470001,50.708794,4153600
2019-11-07,52.139999,52.669998,51.750000,51.980000,50.235237,3273400
2019-11-08,51.919998,52.509998,51.770000,52.500000,50.737789,2656300
2019-11-11,52.450001,52.459999,52.130001,52.360001,50.602489,2362900
2019-11-12,52.220001,52.430000,51.939999,52.360001,50.602489,1958700
2019-11-13,52.500000,53.049999,52.330002,52.599998,50.834431,2407800
2019-11-14,52.860001,52.959999,52.360001,52.529999,50.766777,1850000
2019-11-15,52.509998,52.630001,52.340000,52.560001,50.795773,2098500
2019-11-18,52.580002,53.200001,52.209999,52.889999,51.114693,1987400
2019-11-19,53.000000,53.060001,52.790001,52.910000,51.134026,2484700
2019-11-20,52.950001,53.189999,52.660000,53.169998,51.385300,2240100
2019-11-21,53.000000,53.060001,52.250000,52.340000,50.583160,1797100
2019-11-22,52.480000,52.910000,52.240002,52.689999,50.921410,2097600
2019-11-25,52.889999,52.889999,52.480000,52.720001,50.950401,2496300
2019-11-26,52.820000,53.340000,52.599998,53.299999,51.510933,2533900
2019-11-27,53.439999,53.720001,53.200001,53.480000,51.684895,1884100
2019-11-29,53.459999,53.549999,52.919998,53.320000,51.530262,1144300
2019-12-02,53.099998,53.610001,52.720001,53.480000,51.684895,2339500
2019-12-03,53.669998,53.790001,53.139999,53.650002,51.849190,3607400
2019-12-04,53.509998,53.980000,53.230000,53.299999,51.510933,3146700
2019-12-05,53.099998,53.900002,53.049999,53.900002,52.090797,3123800
2019-12-06,53.970001,53.990002,53.230000,53.310001,51.520599,2815000
2019-12-09,53.439999,53.470001,52.980000,53.160000,51.375633,2766900
2019-12-10,53.220001,53.439999,53.020000,53.240002,51.452950,3566500
2019-12-11,53.070000,53.230000,51.360001,51.580002,49.848667,5365200
2019-12-12,51.950001,52.450001,51.590000,51.660000,49.925980,4398700
2019-12-13,51.590000,51.990002,51.270000,51.599998,49.867996,4405300
2019-12-16,51.820000,52.590000,51.730000,52.380001,50.621819,5553600
2019-12-17,52.209999,52.619999,51.930000,52.169998,50.418865,4612600
2019-12-18,52.680000,53.360001,51.919998,53.180000,51.394962,9596200
2019-12-19,53.480000,53.599998,52.529999,53.200001,51.414288,5892200
2019-12-20,53.750000,53.790001,53.060001,53.279999,51.491604,7900100
2019-12-23,53.490002,53.660000,52.580002,52.720001,50.950401,3088500
2019-12-24,52.820000,52.980000,52.730000,52.980000,51.201675,811200
2019-12-26,52.980000,53.049999,52.250000,52.419998,50.660477,2843600
2019-12-27,52.560001,53.189999,52.459999,53.189999,51.404625,2017400
2019-12-30,52.939999,53.099998,52.599998,52.740002,50.969734,2578300
2019-12-31,52.750000,53.560001,52.599998,53.560001,51.762211,3945800
2020-01-02,53.630001,53.799999,52.040001,52.130001,50.380211,4422100
2020-01-03,52.230000,52.520000,51.820000,51.939999,50.196587,4718900
2020-01-06,52.080002,52.730000,51.980000,52.590000,50.824768,3884700
2020-01-07,52.299999,52.490002,51.939999,52.230000,50.476845,4274300
2020-01-08,52.490002,53.060001,52.279999,52.980000,51.201675,4143400
2020-01-09,52.259998,52.660000,51.970001,52.380001,51.094379,3842000
2020-01-10,52.490002,52.520000,52.180000,52.250000,50.967567,2274400
2020-01-13,52.369999,53.060001,52.299999,53.060001,51.757687,3670300
2020-01-14,53.099998,53.310001,52.759998,53.000000,51.699162,3351700
2020-01-15,52.959999,53.570000,52.930000,53.369999,52.060078,3213100
2020-01-16,53.529999,53.939999,53.349998,53.720001,52.401489,4395300
2020-01-17,53.910000,53.950001,53.599998,53.849998,52.528294,3231500
2020-01-21,53.759998,54.419998,53.709999,54.340000,53.006271,5254100
2020-01-22,54.299999,54.570000,53.959999,53.980000,52.655106,2976800
2020-01-23,53.830002,54.410000,53.799999,54.240002,52.908726,2905500
2020-01-24,54.369999,54.369999,53.470001,53.709999,52.391735,2554400
2020-01-27,53.330002,53.730000,53.160000,53.220001,51.913761,2547000
2020-01-28,53.130001,53.540001,52.959999,53.009998,51.708912,2553700
2020-01-29,53.020000,53.480000,52.830002,53.029999,51.728420,2680000
2020-01-30,53.049999,53.820000,53.000000,53.730000,52.411243,2802500
2020-01-31,53.610001,53.759998,52.090000,52.220001,50.938305,4695800
2020-02-03,52.610001,53.040001,52.439999,52.990002,51.689404,4367100
2020-02-04,53.349998,53.650002,52.549999,52.549999,51.260204,3889800
2020-02-05,52.619999,52.939999,52.060001,52.560001,51.269958,4967400
2020-02-06,52.320000,52.500000,51.560001,51.709999,50.440819,4006900
2020-02-07,51.770000,51.959999,51.480000,51.900002,50.626160,2470800
2020-02-10,51.900002,52.480000,51.840000,52.360001,51.074867,2147900
2020-02-11,52.410000,52.869999,52.259998,52.759998,51.465050,2731900
2020-02-12,52.750000,53.049999,52.540001,52.930000,51.630878,3174200
2020-02-13,52.900002,53.029999,52.520000,52.990002,51.689404,2405900
2020-02-14,53.169998,53.770000,53.049999,53.310001,52.001549,2525400
2020-02-18,52.500000,53.779999,52.500000,53.540001,52.225910,3181500
2020-02-19,53.560001,53.570000,52.830002,53.240002,51.933270,4543100
2020-02-20,53.200001,54.160000,53.009998,54.130001,52.801426,4830500
2020-02-21,54.029999,55.180000,53.880001,53.919998,52.596577,5010600
2020-02-24,53.320000,53.919998,53.000000,53.720001,52.401489,4159600
2020-02-25,53.680000,53.959999,52.480000,52.529999,51.240692,3947500
2020-02-26,52.759998,53.599998,52.139999,52.139999,50.860268,3366700
2020-02-27,51.810001,52.259998,50.130001,50.139999,48.909355,5097500
2020-02-28,48.869999,49.009998,46.590000,49.000000,47.797337,10113600
2020-03-02,49.209999,51.410000,48.860001,51.410000,50.148182,7603400
2020-03-03,51.400002,53.060001,51.060001,51.650002,50.382298,7073000
2020-03-04,52.490002,54.169998,52.299999,54.169998,52.840443,4298100
2020-03-05,53.439999,54.459999,53.189999,54.299999,52.967251,5406600
2020-03-06,52.599998,55.020000,52.439999,54.770000,53.425716,6130000
2020-03-09,51.669998,55.020000,51.630001,54.139999,52.811176,8204100
2020-03-10,54.669998,55.680000,51.869999,54.090000,52.762405,7927800
2020-03-11,52.860001,53.349998,51.349998,52.869999,51.572346,8693500
2020-03-12,49.200001,50.869999,47.529999,50.000000,48.772789,9145700
2020-03-13,52.950001,53.750000,50.020000,53.480000,52.167377,9723900
2020-03-16,49.400002,55.860001,48.750000,53.380001,52.069836,13060100
2020-03-17,53.959999,60.000000,52.930000,59.669998,58.205452,17279000
2020-03-18,57.650002,59.959999,54.060001,57.750000,56.332573,11170500
2020-03-19,58.189999,58.730000,53.189999,53.680000,52.362469,7293600
2020-03-20,53.000000,54.279999,51.220001,53.369999,52.060078,11007300
2020-03-23,52.340000,53.360001,46.880001,47.279999,46.119553,8448300
2020-03-24,49.029999,50.180000,47.110001,48.230000,47.046238,7348200
2020-03-25,48.119999,49.200001,46.950001,47.650002,46.480473,6019500
2020-03-26,47.810001,50.500000,47.380001,50.000000,48.772789,5600200
2020-03-27,48.990002,52.500000,48.900002,51.820000,50.548122,6662000
2020-03-30,52.529999,54.150002,52.480000,54.099998,52.772160,7425700
2020-03-31,53.990002,54.490002,52.299999,52.770000,51.474804,5795300
2020-04-01,51.740002,53.970001,51.509998,53.119999,51.816212,4669300
2020-04-02,52.599998,55.020000,52.500000,54.880001,53.533016,4961400
2020-04-03,54.200001,56.900002,54.009998,56.709999,55.318100,6876900
2020-04-06,56.400002,58.000000,55.900002,57.700001,56.283802,6353700
2020-04-07,57.900002,57.919998,55.570000,56.439999,55.054726,6516000
2020-04-08,56.090000,56.369999,55.180000,55.730000,54.838249,4553900
2020-04-09,55.470001,57.990002,55.369999,57.400002,56.481529,4270200
2020-04-13,57.099998,57.779999,56.320000,57.669998,56.747204,2707300
2020-04-14,58.480000,59.049999,57.720001,58.849998,57.908321,3999600
2020-04-15,59.650002,59.650002,58.520000,59.049999,58.105122,3824200
2020-04-16,59.480000,60.919998,59.189999,60.689999,59.718880,4632800
2020-04-17,60.730000,60.900002,58.740002,60.669998,59.699196,4952300
2020-04-20,60.490002,61.660000,60.049999,60.759998,59.787758,4189100
2020-04-21,60.900002,61.060001,59.509998,59.779999,58.823441,2695000
2020-04-22,59.930000,60.650002,59.669998,60.189999,59.226879,2816800
2020-04-23,59.820000,60.400002,59.450001,59.709999,58.754559,3167900
2020-04-24,60.080002,60.599998,59.439999,60.480000,59.512241,3215300
2020-04-27,60.619999,60.980000,59.950001,59.980000,59.020241,3134100
2020-04-28,60.270000,61.259998,60.029999,60.959999,59.984558,4588400
2020-04-29,60.650002,61.410000,60.110001,60.299999,59.335121,4115100
2020-04-30,60.500000,60.820000,59.540001,59.889999,58.931683,3263000
2020-05-01,59.500000,60.549999,59.110001,59.580002,58.626644,2606300
2020-05-04,59.840000,60.060001,58.790001,59.730000,58.774242,2266200
2020-05-05,59.700001,60.450001,59.450001,59.810001,58.852962,2344500
2020-05-06,59.970001,60.389999,58.939999,58.970001,58.026405,2791600
2020-05-07,59.389999,59.500000,58.480000,58.770000,57.829605,2576100
2020-05-08,59.389999,60.000000,58.900002,59.759998,58.803761,2039600
2020-05-11,59.970001,61.299999,59.900002,60.810001,59.836964,2957900
2020-05-12,61.290001,62.750000,61.139999,62.509998,61.509754,4541900
2020-05-13,62.639999,64.230003,62.549999,63.560001,62.542957,5467300
2020-05-14,63.730000,64.309998,61.580002,62.209999,61.214558,4164000
2020-05-15,62.209999,63.430000,62.139999,62.490002,61.490082,4684900
2020-05-18,63.020000,63.040001,61.279999,61.580002,60.594643,3334300
2020-05-19,61.830002,62.000000,60.660000,60.730000,59.758240,2579900
2020-05-20,61.070000,61.349998,60.270000,60.930000,59.955040,2206100
2020-05-21,60.889999,60.889999,59.389999,59.950001,58.990723,3384600
2020-05-22,59.790001,60.040001,59.480000,59.959999,59.000561,2089500
2020-05-26,59.980000,60.369999,59.580002,59.919998,58.961197,3530600
2020-05-27,59.549999,60.840000,59.480000,60.820000,59.846802,3316500
2020-05-28,61.360001,62.080002,61.320000,61.910000,60.919361,2793100
2020-05-29,62.220001,63.330002,61.880001,63.040001,62.031281,5433800
2020-06-01,62.930000,64.000000,62.759998,63.540001,62.523281,2524200
2020-06-02,63.430000,63.529999,62.619999,63.419998,62.405193,3560400
2020-06-03,63.590000,63.650002,61.410000,61.470001,60.486401,3509200
2020-06-04,60.779999,61.200001,59.709999,60.759998,59.787758,5792000
2020-06-05,60.660000,61.150002,58.959999,61.000000,60.023918,5489900
2020-06-08,60.049999,62.299999,59.930000,62.139999,61.145679,4558400
2020-06-09,62.279999,63.000000,61.240002,62.820000,61.814796,8080300
2020-06-10,63.040001,63.520000,62.650002,62.779999,61.775436,4618500
2020-06-11,62.220001,62.889999,60.400002,60.580002,59.610641,4042700
2020-06-12,60.720001,60.950001,59.650002,60.150002,59.187523,4259000
2020-06-15,59.849998,60.869999,59.040001,60.869999,59.896000,5598500
2020-06-16,61.410000,61.860001,60.779999,61.790001,60.801277,3749000
2020-06-17,61.790001,62.279999,61.509998,61.799999,60.811119,3290600
2020-06-18,61.639999,62.099998,61.240002,61.759998,60.771755,2871700
2020-06-19,62.360001,62.410000,61.040001,61.580002,60.594643,13648500
2020-06-22,61.700001,61.990002,61.279999,61.520000,60.535599,2297600
2020-06-23,61.919998,62.169998,60.950001,61.000000,60.023918,3234400
2020-06-24,60.590000,60.799999,59.410000,60.290001,59.325279,4327600
2020-06-25,60.290001,60.549999,59.730000,60.330002,59.364639,3076200
2020-06-26,60.580002,61.060001,59.160000,59.209999,58.262562,5593400
2020-06-29,59.680000,61.040001,59.639999,60.740002,59.768082,4282300
2020-06-30,61.270000,61.650002,60.250000,61.650002,60.663521,5646500
2020-07-01,60.480000,61.099998,59.669998,60.430000,59.463039,6906800
2020-07-02,61.119999,62.070000,60.849998,61.480000,60.496239,5715000
2020-07-06,61.790001,62.389999,61.139999,62.189999,61.194878,5791100
2020-07-07,62.230000,63.299999,62.080002,62.980000,61.972237,4820100
2020-07-08,62.880001,63.150002,62.590000,62.939999,61.932877,4059900
2020-07-09,62.369999,62.950001,62.130001,62.549999,62.032051,3289600
2020-07-10,62.750000,63.599998,62.590000,63.549999,63.023769,3640100
2020-07-13,63.700001,64.980003,63.540001,63.560001,63.033688,5406300
2020-07-14,63.630001,65.290001,63.599998,65.169998,64.630356,4604500
2020-07-15,65.230003,65.410004,64.529999,64.599998,64.065071,3837900
2020-07-16,64.610001,65.290001,64.500000,64.690002,64.154335,3268600
2020-07-17,65.040001,65.120003,64.580002,64.639999,64.104744,5570200
2020-07-20,64.449997,64.650002,63.430000,63.639999,63.113022,3519500
2020-07-21,63.599998,64.980003,63.599998,64.500000,63.965904,2800200
2020-07-22,64.500000,64.760002,63.759998,64.720001,64.184082,2030000
2020-07-23,65.000000,65.430000,64.660004,64.989998,64.451843,2214000
2020-07-24,65.010002,65.480003,63.959999,64.230003,63.698143,2779400
2020-07-27,64.199997,64.360001,63.540001,64.080002,63.549381,3150900
2020-07-28,64.180000,64.930000,64.139999,64.540001,64.005569,2950600
2020-07-29,64.699997,64.930000,64.010002,64.370003,63.836983,2131000
2020-07-30,64.110001,64.400002,63.029999,63.480000,62.954350,2663300
2020-07-31,63.070000,63.889999,62.360001,63.270000,62.746090,7101800
2020-08-03,63.820000,64.820000,63.820000,64.599998,64.065071,2580400
2020-08-04,64.440002,66.139999,64.410004,65.739998,65.195633,3823900
2020-08-05,65.500000,65.690002,64.040001,64.419998,63.886562,2844100
2020-08-06,64.300003,64.820000,63.950001,64.180000,63.648552,1607200
2020-08-07,63.930000,64.459999,63.770000,64.349998,63.817142,1847000
2020-08-10,64.260002,64.309998,63.509998,63.750000,63.222115,2250700
2020-08-11,63.869999,63.900002,62.009998,62.139999,61.625446,4117400
2020-08-12,62.259998,63.540001,62.240002,63.060001,62.537827,2131400
2020-08-13,62.939999,63.330002,62.570000,62.970001,62.448574,1241400
2020-08-14,63.110001,63.599998,62.950001,63.270000,62.746090,2104000
2020-08-17,63.380001,64.400002,63.180000,64.279999,63.747723,1910100
2020-08-18,64.269997,65.059998,63.669998,64.629997,64.094826,2073800
2020-08-19,64.849998,64.980003,64.419998,64.459999,63.926231,1665000
2020-08-20,64.209999,64.480003,63.930000,64.209999,63.678303,1266600
2020-08-21,64.260002,64.260002,63.369999,64.019997,63.489876,1786200
2020-08-24,64.019997,64.230003,63.520000,64.129997,63.598965,1431000
2020-08-25,64.589996,64.599998,63.770000,63.900002,63.370872,1735700
2020-08-26,63.669998,64.349998,63.630001,64.250000,63.717972,2229900
2020-08-27,64.500000,65.160004,64.389999,64.709999,64.174164,2158800
2020-08-28,64.709999,64.709999,63.000000,63.389999,62.865093,2982900
2020-08-31,63.320000,64.160004,63.290001,63.950001,63.420460,2646200
2020-09-01,63.919998,64.080002,62.490002,63.119999,62.597328,2539000
2020-09-02,63.060001,64.730003,62.950001,64.500000,63.965904,2669100
2020-09-03,64.449997,65.519997,62.400002,62.970001,62.448574,3408500
2020-09-04,62.939999,63.439999,62.349998,63.150002,62.627083,2566400
2020-09-08,63.000000,63.349998,59.150002,59.520000,59.027142,5062200
2020-09-09,60.130001,60.779999,59.520000,59.980000,59.483330,4654500
2020-09-10,59.860001,60.130001,58.380001,58.490002,58.005672,3399800
2020-09-11,58.599998,59.049999,57.840000,58.540001,58.055256,3557400
2020-09-14,58.860001,59.639999,58.279999,58.759998,58.273430,3679800
2020-09-15,58.880001,59.490002,58.250000,59.020000,58.531281,2522900
2020-09-16,59.189999,59.540001,58.669998,58.750000,58.263515,2432400
2020-09-17,58.380001,58.599998,57.320000,57.580002,57.103207,4270100
2020-09-18,57.330002,58.060001,57.150002,57.320000,56.845356,4671000
2020-09-21,57.000000,58.200001,56.919998,57.869999,57.390800,3401200
2020-09-22,58.009998,58.770000,57.630001,57.990002,57.509811,3821200
2020-09-23,58.700001,59.369999,57.480000,57.720001,57.242046,5711100
2020-09-24,58.099998,59.320000,57.980000,58.700001,58.213932,4351700
2020-09-25,59.759998,60.279999,59.290001,59.669998,59.175896,5859800
2020-09-28,59.869999,60.500000,59.150002,59.900002,59.403996,2781700
2020-09-29,59.869999,60.240002,59.430000,59.860001,59.364326,2246100
2020-09-30,59.930000,62.029999,59.790001,61.680000,61.169254,7705700
2020-10-01,61.810001,62.680000,60.770000,62.570000,62.051884,6250800
2020-10-02,62.349998,63.290001,61.980000,62.520000,62.002300,4497500
2020-10-05,62.410000,63.029999,62.250000,62.680000,62.160973,2519900
2020-10-06,62.389999,62.619999,60.970001,61.230000,60.722980,3363100
2020-10-07,61.500000,61.860001,60.799999,61.590000,61.079998,3213400
2020-10-08,61.259998,61.590000,60.740002,61.389999,61.389999,2459400
2020-10-09,61.509998,62.230000,61.130001,61.869999,61.869999,3061500
2020-10-12,62.009998,62.860001,61.799999,62.349998,62.349998,2232000
2020-10-13,62.360001,62.869999,62.169998,62.720001,62.720001,2934800
2020-10-14,62.689999,62.939999,61.910000,62.090000,62.090000,1759700
2020-10-15,62.049999,62.990002,61.540001,62.700001,62.700001,2203100
2020-10-16,62.860001,62.900002,62.320000,62.369999,62.369999,2884000
2020-10-19,62.380001,62.580002,61.150002,61.290001,61.290001,2200900
2020-10-20,61.599998,61.759998,60.970001,61.119999,61.119999,2332100
2020-10-21,60.730000,61.419998,60.730000,60.970001,60.970001,1551700
2020-10-22,60.770000,61.470001,60.310001,61.310001,61.310001,1836600
2020-10-23,61.650002,61.970001,61.189999,61.779999,61.779999,1443600